date,stand_id,manager,note
2024-01-01,C3,Patty Bun,Normal day.
2024-01-01,C4,Kim Ketchup,A seagull stole a hot dog right out of a customer's hand.
2024-01-01,W1,Rusty Mustard,Ran out of buns at 5pm.
2024-01-01,W2,Olga Onion,Pigeons very bold today.
2024-01-02,C2,Sally Sauerkraut,A seagull stole a hot dog right out of a customer's hand.
2024-01-02,W2,Olga Onion,"Rain outside, but the station keeps us busy."
2024-01-02,W3,Bob Bratwurst,Normal day.
2024-01-03,C3,Patty Bun,Dead quiet without a match.
2024-01-03,C4,Kim Ketchup,Grill thermostat acting up again.
2024-01-03,W1,Rusty Mustard,Ran out of buns at 5pm.
2024-01-03,W2,Olga Onion,Normal day.
2024-01-04,C1,Frank Furter,"Busy lunch, calm afternoon."
2024-01-04,C2,Sally Sauerkraut,"Busy lunch, calm afternoon."
2024-01-04,C3,Patty Bun,Dead quiet without a match.
2024-01-04,C4,Kim Ketchup,Steady lunch rush.
2024-01-04,W1,Rusty Mustard,Normal day.
2024-01-04,W2,Olga Onion,Pigeons very bold today.
2024-01-04,W3,Bob Bratwurst,"No event today, very quiet."
2024-01-05,C2,Sally Sauerkraut,Steady lunch rush.
2024-01-05,C3,Patty Bun,Dead quiet without a match.
2024-01-05,C4,Kim Ketchup,Ran out of mustard at 4pm.
2024-01-05,W1,Rusty Mustard,Ran out of buns at 5pm.
2024-01-05,W2,Olga Onion,Grill thermostat acting up again.
2024-01-05,W3,Bob Bratwurst,"No event today, very quiet."
2024-01-06,C3,Patty Bun,Normal day.
2024-01-06,W2,Olga Onion,Tourist ordered three zapiekankas and finished them all.
2024-01-06,W3,Bob Bratwurst,"No event today, very quiet."
2024-01-07,C1,Frank Furter,Grill thermostat acting up again.
2024-01-07,C3,Patty Bun,Normal day.
2024-01-07,W1,Rusty Mustard,Pigeons very bold today.
2024-01-07,W2,Olga Onion,Normal day.
2024-01-08,C2,Sally Sauerkraut,Steady lunch rush.
2024-01-08,C3,Patty Bun,Dead quiet without a match.
2024-01-08,W1,Rusty Mustard,Pouring rain all afternoon. Very slow.
2024-01-08,W2,Olga Onion,"Rain outside, but the station keeps us busy."
2024-01-08,W3,Bob Bratwurst,"No event today, very quiet."
2024-01-09,C1,Frank Furter,Grill thermostat acting up again.
2024-01-09,C4,Kim Ketchup,Ran out of mustard at 4pm.
2024-01-09,W1,Rusty Mustard,Tourist ordered three zapiekankas and finished them all.
2024-01-09,W2,Olga Onion,Normal day.
2024-01-09,W3,Bob Bratwurst,"No event today, very quiet."
2024-01-10,C1,Frank Furter,Tourist asked why the red sausage is red. Nobody knows.
2024-01-10,C3,Patty Bun,"No event today, very quiet."
2024-01-10,W2,Olga Onion,Tourist ordered three zapiekankas and finished them all.
2024-01-11,C1,Frank Furter,Cyclist crashed into the umbrella. Everyone fine.
2024-01-11,C2,Sally Sauerkraut,Ran out of mustard at 4pm.
2024-01-11,W2,Olga Onion,"Rain outside, but the station keeps us busy."
2024-01-12,C1,Frank Furter,"Rain, rain, rain. Few customers."
2024-01-12,C3,Patty Bun,Normal day.
2024-01-12,W1,Rusty Mustard,Grill thermostat acting up again.
2024-01-12,W2,Olga Onion,Steady lunch rush.
2024-01-12,W3,Bob Bratwurst,Dead quiet without a match.
2024-01-13,C1,Frank Furter,Ran out of mustard at 4pm.
2024-01-13,C4,Kim Ketchup,A seagull stole a hot dog right out of a customer's hand.
2024-01-13,W1,Rusty Mustard,"Busy lunch, calm afternoon."
2024-01-14,C2,Sally Sauerkraut,Steady lunch rush.
2024-01-14,C3,Patty Bun,Dead quiet without a match.
2024-01-14,C4,Kim Ketchup,Steady lunch rush.
2024-01-14,W1,Rusty Mustard,Street musician next to the stand - customers stayed longer.
2024-01-14,W3,Bob Bratwurst,"No event today, very quiet."
2024-01-15,C1,Frank Furter,Ran out of mustard at 4pm.
2024-01-15,C2,Sally Sauerkraut,A seagull stole a hot dog right out of a customer's hand.
2024-01-15,C4,Kim Ketchup,Steady lunch rush.
2024-01-15,W2,Olga Onion,Ran out of buns at 5pm.
2024-01-16,C1,Frank Furter,"Busy lunch, calm afternoon."
2024-01-16,C4,Kim Ketchup,Normal day.
2024-01-16,W1,Rusty Mustard,Normal day.
2024-01-16,W2,Olga Onion,"Busy lunch, calm afternoon."
2024-01-17,C1,Frank Furter,"Busy lunch, calm afternoon."
2024-01-17,C3,Patty Bun,"No event today, very quiet."
2024-01-17,C4,Kim Ketchup,A seagull stole a hot dog right out of a customer's hand.
2024-01-17,W2,Olga Onion,Steady lunch rush.
2024-01-18,C1,Frank Furter,Normal day.
2024-01-18,C3,Patty Bun,Dead quiet without a match.
2024-01-18,W1,Rusty Mustard,Grill thermostat acting up again.
2024-01-18,W3,Bob Bratwurst,"No event today, very quiet."
2024-01-19,C1,Frank Furter,Storm warning - closed for the day.
2024-01-19,C3,Patty Bun,Storm warning - closed for the day.
2024-01-19,C4,Kim Ketchup,Storm warning - closed for the day.
2024-01-20,C1,Frank Furter,A seagull stole a hot dog right out of a customer's hand.
2024-01-20,C2,Sally Sauerkraut,Normal day.
2024-01-20,C3,Patty Bun,"No event today, very quiet."
2024-01-20,W1,Rusty Mustard,Street musician next to the stand - customers stayed longer.
2024-01-21,C1,Frank Furter,Tourist asked why the red sausage is red. Nobody knows.
2024-01-21,W2,Olga Onion,"Rain outside, but the station keeps us busy."
2024-01-21,W3,Bob Bratwurst,"No event today, very quiet."
2024-01-22,C1,Frank Furter,Pouring rain all afternoon. Very slow.
2024-01-22,C2,Sally Sauerkraut,"Rain outside, but the station keeps us busy."
2024-01-22,C4,Kim Ketchup,Pouring rain all afternoon. Very slow.
2024-01-22,W2,Olga Onion,Grill thermostat acting up again.
2024-01-22,W3,Bob Bratwurst,Normal day.
2024-01-23,C3,Patty Bun,"No event today, very quiet."
2024-01-23,C4,Kim Ketchup,Steady lunch rush.
2024-01-23,W1,Rusty Mustard,Street musician next to the stand - customers stayed longer.
2024-01-24,C1,Frank Furter,Steady lunch rush.
2024-01-24,C3,Patty Bun,"No event today, very quiet."
2024-01-24,W1,Rusty Mustard,Grill thermostat acting up again.
2024-01-25,C1,Frank Furter,Grill thermostat acting up again.
2024-01-25,C3,Patty Bun,Normal day.
2024-01-25,W1,Rusty Mustard,Pigeons very bold today.
2024-01-25,W2,Olga Onion,Ran out of buns at 5pm.
2024-01-25,W3,Bob Bratwurst,Normal day.
2024-01-26,C1,Frank Furter,Ran out of mustard at 4pm.
2024-01-26,C4,Kim Ketchup,Ran out of mustard at 4pm.
2024-01-26,W2,Olga Onion,Steady lunch rush.
2024-01-27,C1,Frank Furter,"Rain, rain, rain. Few customers."
2024-01-27,C3,Patty Bun,Normal day.
2024-01-27,C4,Kim Ketchup,Pouring rain all afternoon. Very slow.
2024-01-27,W1,Rusty Mustard,Steady lunch rush.
2024-01-27,W2,Olga Onion,Normal day.
2024-01-27,W3,Bob Bratwurst,Dead quiet without a match.
2024-01-28,C1,Frank Furter,Tourist asked why the red sausage is red. Nobody knows.
2024-01-28,C2,Sally Sauerkraut,A seagull stole a hot dog right out of a customer's hand.
2024-01-28,C3,Patty Bun,Normal day.
2024-01-28,W1,Rusty Mustard,Grill thermostat acting up again.
2024-01-28,W3,Bob Bratwurst,Dead quiet without a match.
2024-01-29,C1,Frank Furter,Normal day.
2024-01-29,W1,Rusty Mustard,"Busy lunch, calm afternoon."
2024-01-30,C1,Frank Furter,Cyclist crashed into the umbrella. Everyone fine.
2024-01-30,C3,Patty Bun,"No event today, very quiet."
2024-01-30,W1,Rusty Mustard,Pigeons very bold today.
2024-01-30,W3,Bob Bratwurst,Dead quiet without a match.
2024-01-31,C4,Kim Ketchup,Normal day.
2024-01-31,W1,Rusty Mustard,Street musician next to the stand - customers stayed longer.
2024-02-01,C1,Frank Furter,Normal day.
2024-02-01,C2,Sally Sauerkraut,Cyclist crashed into the umbrella. Everyone fine.
2024-02-01,C3,Patty Bun,"No event today, very quiet."
2024-02-01,W1,Rusty Mustard,Ran out of buns at 5pm.
2024-02-01,W2,Olga Onion,Street musician next to the stand - customers stayed longer.
2024-02-02,C2,Sally Sauerkraut,Tourist asked why the red sausage is red. Nobody knows.
2024-02-02,W1,Rusty Mustard,Pigeons very bold today.
2024-02-03,C1,Frank Furter,"Rain, rain, rain. Few customers."
2024-02-03,C3,Patty Bun,Dead quiet without a match.
2024-02-03,C4,Kim Ketchup,Pouring rain all afternoon. Very slow.
2024-02-03,W3,Bob Bratwurst,Normal day.
2024-02-04,C2,Sally Sauerkraut,Ran out of mustard at 4pm.
2024-02-04,C3,Patty Bun,Dead quiet without a match.
2024-02-04,W2,Olga Onion,Pigeons very bold today.
2024-02-05,C2,Sally Sauerkraut,Grill thermostat acting up again.
2024-02-05,C3,Patty Bun,"No event today, very quiet."
2024-02-05,C4,Kim Ketchup,Ran out of mustard at 4pm.
2024-02-06,C2,Sally Sauerkraut,"Rain outside, but the station keeps us busy."
2024-02-06,C4,Kim Ketchup,Pouring rain all afternoon. Very slow.
2024-02-06,W1,Rusty Mustard,Street musician next to the stand - customers stayed longer.
2024-02-06,W2,Olga Onion,Normal day.
2024-02-07,C2,Sally Sauerkraut,Steady lunch rush.
2024-02-07,W1,Rusty Mustard,Street musician next to the stand - customers stayed longer.
2024-02-07,W3,Bob Bratwurst,Dead quiet without a match.
2024-02-08,C2,Sally Sauerkraut,"Rain outside, but the station keeps us busy."
2024-02-08,C3,Patty Bun,Dead quiet without a match.
2024-02-08,W1,Rusty Mustard,Pigeons very bold today.
2024-02-08,W2,Olga Onion,Ran out of buns at 5pm.
2024-02-08,W3,Bob Bratwurst,"No event today, very quiet."
2024-02-09,C2,Sally Sauerkraut,Ran out of mustard at 4pm.
2024-02-09,C4,Kim Ketchup,Normal day.
2024-02-09,W1,Rusty Mustard,Steady lunch rush.
2024-02-10,C1,Frank Furter,A seagull stole a hot dog right out of a customer's hand.
2024-02-10,C3,Patty Bun,Dead quiet without a match.
2024-02-10,C4,Kim Ketchup,A seagull stole a hot dog right out of a customer's hand.
2024-02-10,W1,Rusty Mustard,Normal day.
2024-02-10,W2,Olga Onion,Pigeons very bold today.
2024-02-11,C1,Frank Furter,Cyclist crashed into the umbrella. Everyone fine.
2024-02-11,C3,Patty Bun,"No event today, very quiet."
2024-02-11,C4,Kim Ketchup,"Busy lunch, calm afternoon."
2024-02-11,W2,Olga Onion,"Busy lunch, calm afternoon."
2024-02-12,C1,Frank Furter,Grill thermostat acting up again.
2024-02-12,C3,Patty Bun,Dead quiet without a match.
2024-02-12,C4,Kim Ketchup,Steady lunch rush.
2024-02-12,W1,Rusty Mustard,Grill thermostat acting up again.
2024-02-12,W2,Olga Onion,Steady lunch rush.
2024-02-12,W3,Bob Bratwurst,Dead quiet without a match.
2024-02-13,C1,Frank Furter,"Busy lunch, calm afternoon."
2024-02-13,C2,Sally Sauerkraut,Tourist asked why the red sausage is red. Nobody knows.
2024-02-13,C4,Kim Ketchup,"Busy lunch, calm afternoon."
2024-02-13,W1,Rusty Mustard,"Busy lunch, calm afternoon."
2024-02-13,W2,Olga Onion,Grill thermostat acting up again.
2024-02-13,W3,Bob Bratwurst,"No event today, very quiet."
2024-02-14,C1,Frank Furter,Normal day.
2024-02-14,C2,Sally Sauerkraut,Normal day.
2024-02-14,C4,Kim Ketchup,Steady lunch rush.
2024-02-14,W1,Rusty Mustard,Street musician next to the stand - customers stayed longer.
2024-02-14,W3,Bob Bratwurst,Normal day.
2024-02-15,C3,Patty Bun,Dead quiet without a match.
2024-02-15,W1,Rusty Mustard,Steady lunch rush.
2024-02-15,W3,Bob Bratwurst,Normal day.
2024-02-16,C1,Frank Furter,Tourist asked why the red sausage is red. Nobody knows.
2024-02-16,C2,Sally Sauerkraut,Grill thermostat acting up again.
2024-02-16,C3,Patty Bun,Normal day.
2024-02-16,C4,Kim Ketchup,Ran out of mustard at 4pm.
2024-02-16,W2,Olga Onion,"Busy lunch, calm afternoon."
2024-02-16,W3,Bob Bratwurst,Dead quiet without a match.
2024-02-17,C2,Sally Sauerkraut,"Busy lunch, calm afternoon."
2024-02-17,C4,Kim Ketchup,Ran out of mustard at 4pm.
2024-02-17,W1,Rusty Mustard,Normal day.
2024-02-18,C1,Frank Furter,Cyclist crashed into the umbrella. Everyone fine.
2024-02-18,C3,Patty Bun,Match day - sold out of chili dogs at half time.
2024-02-18,C4,Kim Ketchup,Cyclist crashed into the umbrella. Everyone fine.
2024-02-18,W1,Rusty Mustard,"Busy lunch, calm afternoon."
2024-02-18,W2,Olga Onion,Grill thermostat acting up again.
2024-02-18,W3,Bob Bratwurst,Normal day.
2024-02-19,C1,Frank Furter,"Rain, rain, rain. Few customers."
2024-02-19,W1,Rusty Mustard,"Busy lunch, calm afternoon."
2024-02-19,W2,Olga Onion,Steady lunch rush.
2024-02-19,W3,Bob Bratwurst,Dead quiet without a match.
2024-02-20,C1,Frank Furter,Tourist asked why the red sausage is red. Nobody knows.
2024-02-20,C4,Kim Ketchup,A seagull stole a hot dog right out of a customer's hand.
2024-02-20,W1,Rusty Mustard,Pigeons very bold today.
2024-02-20,W2,Olga Onion,Street musician next to the stand - customers stayed longer.
2024-02-20,W3,Bob Bratwurst,Normal day.
2024-02-21,C4,Kim Ketchup,Tourist asked why the red sausage is red. Nobody knows.
2024-02-21,W1,Rusty Mustard,Grill thermostat acting up again.
2024-02-22,C1,Frank Furter,Grill thermostat acting up again.
2024-02-22,C3,Patty Bun,Normal day.
2024-02-22,W1,Rusty Mustard,Street musician next to the stand - customers stayed longer.
2024-02-22,W3,Bob Bratwurst,Normal day.
2024-02-23,C3,Patty Bun,Normal day.
2024-02-23,W1,Rusty Mustard,Grill thermostat acting up again.
2024-02-23,W2,Olga Onion,Pigeons very bold today.
2024-02-23,W3,Bob Bratwurst,Dead quiet without a match.
2024-02-24,C1,Frank Furter,Steady lunch rush.
2024-02-24,W1,Rusty Mustard,"Busy lunch, calm afternoon."
2024-02-24,W2,Olga Onion,Pigeons very bold today.
2024-02-24,W3,Bob Bratwurst,"Football crowd, crazy busy for two hours."
2024-02-25,C1,Frank Furter,"Rain, rain, rain. Few customers."
2024-02-25,C2,Sally Sauerkraut,"Rain outside, but the station keeps us busy."
2024-02-25,C3,Patty Bun,Normal day.
2024-02-25,W1,Rusty Mustard,Grill thermostat acting up again.
2024-02-25,W3,Bob Bratwurst,"No event today, very quiet."
2024-02-26,C1,Frank Furter,Steady lunch rush.
2024-02-26,C2,Sally Sauerkraut,Ran out of mustard at 4pm.
2024-02-26,W1,Rusty Mustard,Grill thermostat acting up again.
2024-02-26,W2,Olga Onion,Normal day.
2024-02-26,W3,Bob Bratwurst,"No event today, very quiet."
2024-02-27,C2,Sally Sauerkraut,Grill thermostat acting up again.
2024-02-27,C4,Kim Ketchup,A seagull stole a hot dog right out of a customer's hand.
2024-02-27,W2,Olga Onion,"Busy lunch, calm afternoon."
2024-02-28,C2,Sally Sauerkraut,"Busy lunch, calm afternoon."
2024-02-28,C3,Patty Bun,Normal day.
2024-02-28,W1,Rusty Mustard,Tourist ordered three zapiekankas and finished them all.
2024-02-28,W2,Olga Onion,Pigeons very bold today.
2024-02-29,C2,Sally Sauerkraut,A seagull stole a hot dog right out of a customer's hand.
2024-02-29,C3,Patty Bun,Normal day.
2024-02-29,C4,Kim Ketchup,Normal day.
2024-02-29,W1,Rusty Mustard,Normal day.
2024-02-29,W2,Olga Onion,Pigeons very bold today.
2024-02-29,W3,Bob Bratwurst,"No event today, very quiet."
2024-03-01,C1,Frank Furter,"Busy lunch, calm afternoon."
2024-03-01,C2,Sally Sauerkraut,Normal day.
2024-03-01,C3,Patty Bun,Dead quiet without a match.
2024-03-01,C4,Kim Ketchup,Cyclist crashed into the umbrella. Everyone fine.
2024-03-01,W2,Olga Onion,Grill thermostat acting up again.
2024-03-01,W3,Bob Bratwurst,Dead quiet without a match.
2024-03-02,C1,Frank Furter,Tourist asked why the red sausage is red. Nobody knows.
2024-03-02,C2,Sally Sauerkraut,Cyclist crashed into the umbrella. Everyone fine.
2024-03-02,C3,Patty Bun,Normal day.
2024-03-02,C4,Kim Ketchup,"Busy lunch, calm afternoon."
2024-03-02,W1,Rusty Mustard,Normal day.
2024-03-02,W2,Olga Onion,Normal day.
2024-03-02,W3,Bob Bratwurst,"No event today, very quiet."
2024-03-03,C1,Frank Furter,Ran out of mustard at 4pm.
2024-03-03,W2,Olga Onion,Street musician next to the stand - customers stayed longer.
2024-03-04,C1,Frank Furter,Tourist asked why the red sausage is red. Nobody knows.
2024-03-04,C4,Kim Ketchup,Normal day.
2024-03-04,W1,Rusty Mustard,"Rain, rain, rain. Few customers."
2024-03-04,W2,Olga Onion,"Rain outside, but the station keeps us busy."
2024-03-04,W3,Bob Bratwurst,Normal day.
2024-03-05,C1,Frank Furter,"Busy lunch, calm afternoon."
2024-03-05,C3,Patty Bun,Dead quiet without a match.
2024-03-05,C4,Kim Ketchup,Tourist asked why the red sausage is red. Nobody knows.
2024-03-05,W3,Bob Bratwurst,Normal day.
2024-03-06,C2,Sally Sauerkraut,Grill thermostat acting up again.
2024-03-06,C4,Kim Ketchup,Tourist asked why the red sausage is red. Nobody knows.
2024-03-06,W3,Bob Bratwurst,"No event today, very quiet."
2024-03-07,C1,Frank Furter,Pouring rain all afternoon. Very slow.
2024-03-07,C2,Sally Sauerkraut,"Rain outside, but the station keeps us busy."
2024-03-08,C1,Frank Furter,Ran out of mustard at 4pm.
2024-03-08,C2,Sally Sauerkraut,A seagull stole a hot dog right out of a customer's hand.
2024-03-08,C3,Patty Bun,Dead quiet without a match.
2024-03-08,C4,Kim Ketchup,"Busy lunch, calm afternoon."
2024-03-09,C2,Sally Sauerkraut,Normal day.
2024-03-09,C3,Patty Bun,Dead quiet without a match.
2024-03-09,W2,Olga Onion,"Busy lunch, calm afternoon."
2024-03-10,C2,Sally Sauerkraut,Normal day.
2024-03-10,W1,Rusty Mustard,Street musician next to the stand - customers stayed longer.
2024-03-10,W2,Olga Onion,Tourist ordered three zapiekankas and finished them all.
2024-03-10,W3,Bob Bratwurst,"No event today, very quiet."
2024-03-11,C2,Sally Sauerkraut,"Rain outside, but the station keeps us busy."
2024-03-11,C3,Patty Bun,Normal day.
2024-03-11,C4,Kim Ketchup,Pouring rain all afternoon. Very slow.
2024-03-11,W3,Bob Bratwurst,Normal day.
2024-03-12,C1,Frank Furter,Grill thermostat acting up again.
2024-03-12,C2,Sally Sauerkraut,Cyclist crashed into the umbrella. Everyone fine.
2024-03-12,W3,Bob Bratwurst,Normal day.
2024-03-13,C1,Frank Furter,Pouring rain all afternoon. Very slow.
2024-03-13,C2,Sally Sauerkraut,"Rain outside, but the station keeps us busy."
2024-03-13,C3,Patty Bun,"No event today, very quiet."
2024-03-13,C4,Kim Ketchup,Pouring rain all afternoon. Very slow.
2024-03-13,W1,Rusty Mustard,Ran out of buns at 5pm.
2024-03-13,W3,Bob Bratwurst,Normal day.
2024-03-14,C1,Frank Furter,Ran out of mustard at 4pm.
2024-03-14,C2,Sally Sauerkraut,Ran out of mustard at 4pm.
2024-03-14,W2,Olga Onion,Tourist ordered three zapiekankas and finished them all.
2024-03-14,W3,Bob Bratwurst,"No event today, very quiet."
2024-03-15,C1,Frank Furter,Ran out of mustard at 4pm.
2024-03-15,C2,Sally Sauerkraut,Steady lunch rush.
2024-03-15,C3,Patty Bun,Dead quiet without a match.
2024-03-15,C4,Kim Ketchup,Grill thermostat acting up again.
2024-03-15,W2,Olga Onion,"Rain outside, but the station keeps us busy."
2024-03-15,W3,Bob Bratwurst,"No event today, very quiet."
2024-03-16,C2,Sally Sauerkraut,Normal day.
2024-03-16,W1,Rusty Mustard,"Busy lunch, calm afternoon."
2024-03-16,W2,Olga Onion,Tourist ordered three zapiekankas and finished them all.
2024-03-16,W3,Bob Bratwurst,Normal day.
2024-03-17,C2,Sally Sauerkraut,Cyclist crashed into the umbrella. Everyone fine.
2024-03-17,C3,Patty Bun,"Football crowd, crazy busy for two hours."
2024-03-17,C4,Kim Ketchup,Cyclist crashed into the umbrella. Everyone fine.
2024-03-17,W1,Rusty Mustard,Street musician next to the stand - customers stayed longer.
2024-03-17,W2,Olga Onion,Pigeons very bold today.
2024-03-17,W3,Bob Bratwurst,"No event today, very quiet."
2024-03-18,C1,Frank Furter,Ran out of mustard at 4pm.
2024-03-18,C3,Patty Bun,"No event today, very quiet."
2024-03-18,W1,Rusty Mustard,Street musician next to the stand - customers stayed longer.
2024-03-18,W2,Olga Onion,Ran out of buns at 5pm.
2024-03-18,W3,Bob Bratwurst,Dead quiet without a match.
2024-03-19,C1,Frank Furter,"Busy lunch, calm afternoon."
2024-03-19,W1,Rusty Mustard,"Busy lunch, calm afternoon."
2024-03-19,W2,Olga Onion,"Busy lunch, calm afternoon."
2024-03-19,W3,Bob Bratwurst,"No event today, very quiet."
2024-03-20,C1,Frank Furter,"Rain, rain, rain. Few customers."
2024-03-20,C2,Sally Sauerkraut,"Rain outside, but the station keeps us busy."
2024-03-20,C3,Patty Bun,"No event today, very quiet."
2024-03-20,W2,Olga Onion,Normal day.
2024-03-21,C1,Frank Furter,"Rain, rain, rain. Few customers."
2024-03-21,C2,Sally Sauerkraut,"Rain outside, but the station keeps us busy."
2024-03-21,C3,Patty Bun,Dead quiet without a match.
2024-03-21,W1,Rusty Mustard,Normal day.
2024-03-21,W2,Olga Onion,Ran out of buns at 5pm.
2024-03-21,W3,Bob Bratwurst,"No event today, very quiet."
2024-03-22,C3,Patty Bun,Normal day.
2024-03-22,W2,Olga Onion,Grill thermostat acting up again.
2024-03-23,C1,Frank Furter,Pouring rain all afternoon. Very slow.
2024-03-23,C3,Patty Bun,Dead quiet without a match.
2024-03-23,W1,Rusty Mustard,Street musician next to the stand - customers stayed longer.
2024-03-23,W2,Olga Onion,Normal day.
2024-03-24,W1,Rusty Mustard,Street musician next to the stand - customers stayed longer.
2024-03-24,W2,Olga Onion,Pigeons very bold today.
2024-03-25,C1,Frank Furter,Tourist asked why the red sausage is red. Nobody knows.
2024-03-25,W1,Rusty Mustard,Tourist ordered three zapiekankas and finished them all.
2024-03-25,W2,Olga Onion,Grill thermostat acting up again.
2024-03-25,W3,Bob Bratwurst,Dead quiet without a match.
2024-03-26,C3,Patty Bun,Dead quiet without a match.
2024-03-26,W2,Olga Onion,Tourist ordered three zapiekankas and finished them all.
2024-03-27,C2,Sally Sauerkraut,Tourist asked why the red sausage is red. Nobody knows.
2024-03-27,C3,Patty Bun,Normal day.
2024-03-27,C4,Kim Ketchup,A seagull stole a hot dog right out of a customer's hand.
2024-03-27,W1,Rusty Mustard,"Rain, rain, rain. Few customers."
2024-03-27,W2,Olga Onion,"Rain outside, but the station keeps us busy."
2024-03-27,W3,Bob Bratwurst,Normal day.
2024-03-28,C1,Frank Furter,"Busy lunch, calm afternoon."
2024-03-28,C2,Sally Sauerkraut,"Busy lunch, calm afternoon."
2024-03-28,C4,Kim Ketchup,A seagull stole a hot dog right out of a customer's hand.
2024-03-28,W2,Olga Onion,Normal day.
2024-03-28,W3,Bob Bratwurst,Dead quiet without a match.
2024-03-29,C1,Frank Furter,"Busy lunch, calm afternoon."
2024-03-29,C3,Patty Bun,"No event today, very quiet."
2024-03-29,C4,Kim Ketchup,Ran out of mustard at 4pm.
2024-03-29,W2,Olga Onion,"Rain outside, but the station keeps us busy."
2024-03-29,W3,Bob Bratwurst,"No event today, very quiet."
2024-03-30,C2,Sally Sauerkraut,Normal day.
2024-03-30,C3,Patty Bun,Normal day.
2024-03-30,C4,Kim Ketchup,Ran out of mustard at 4pm.
2024-03-30,W1,Rusty Mustard,Ran out of buns at 5pm.
2024-03-30,W2,Olga Onion,Grill thermostat acting up again.
2024-03-30,W3,Bob Bratwurst,"Football crowd, crazy busy for two hours."
2024-03-31,C1,Frank Furter,"Busy lunch, calm afternoon."
2024-03-31,C2,Sally Sauerkraut,Grill thermostat acting up again.
2024-03-31,C4,Kim Ketchup,Normal day.
2024-03-31,W1,Rusty Mustard,Tourist ordered three zapiekankas and finished them all.
2024-04-01,C2,Sally Sauerkraut,Grill thermostat acting up again.
2024-04-01,W1,Rusty Mustard,Pigeons very bold today.
2024-04-01,W3,Bob Bratwurst,Normal day.
2024-04-02,C3,Patty Bun,Dead quiet without a match.
2024-04-02,C4,Kim Ketchup,Grill thermostat acting up again.
2024-04-02,W1,Rusty Mustard,Normal day.
2024-04-02,W2,Olga Onion,Street musician next to the stand - customers stayed longer.
2024-04-03,C1,Frank Furter,Cyclist crashed into the umbrella. Everyone fine.
2024-04-03,C2,Sally Sauerkraut,Ran out of mustard at 4pm.
2024-04-03,C3,Patty Bun,Normal day.
2024-04-03,C4,Kim Ketchup,Ran out of mustard at 4pm.
2024-04-03,W1,Rusty Mustard,Normal day.
2024-04-03,W2,Olga Onion,Grill thermostat acting up again.
2024-04-03,W3,Bob Bratwurst,Dead quiet without a match.
2024-04-04,C2,Sally Sauerkraut,"Rain outside, but the station keeps us busy."
2024-04-04,W1,Rusty Mustard,Steady lunch rush.
2024-04-04,W2,Olga Onion,Steady lunch rush.
2024-04-04,W3,Bob Bratwurst,"No event today, very quiet."
2024-04-05,C1,Frank Furter,A seagull stole a hot dog right out of a customer's hand.
2024-04-05,C2,Sally Sauerkraut,"Busy lunch, calm afternoon."
2024-04-05,C3,Patty Bun,Dead quiet without a match.
2024-04-05,C4,Kim Ketchup,Cyclist crashed into the umbrella. Everyone fine.
2024-04-05,W2,Olga Onion,Ran out of buns at 5pm.
2024-04-05,W3,Bob Bratwurst,Normal day.
2024-04-06,C4,Kim Ketchup,Grill thermostat acting up again.
2024-04-06,W2,Olga Onion,Steady lunch rush.
2024-04-06,W3,Bob Bratwurst,"No event today, very quiet."
2024-04-07,C1,Frank Furter,Ran out of mustard at 4pm.
2024-04-07,C2,Sally Sauerkraut,Normal day.
2024-04-07,C4,Kim Ketchup,Tourist asked why the red sausage is red. Nobody knows.
2024-04-07,W2,Olga Onion,Normal day.
2024-04-07,W3,Bob Bratwurst,"No event today, very quiet."
2024-04-08,C1,Frank Furter,Cyclist crashed into the umbrella. Everyone fine.
2024-04-08,C2,Sally Sauerkraut,Ran out of mustard at 4pm.
2024-04-08,C4,Kim Ketchup,Cyclist crashed into the umbrella. Everyone fine.
2024-04-08,W1,Rusty Mustard,Pigeons very bold today.
2024-04-09,C2,Sally Sauerkraut,Cyclist crashed into the umbrella. Everyone fine.
2024-04-09,C3,Patty Bun,Normal day.
2024-04-09,C4,Kim Ketchup,Steady lunch rush.
2024-04-09,W3,Bob Bratwurst,Dead quiet without a match.
2024-04-10,C2,Sally Sauerkraut,Ran out of mustard at 4pm.
2024-04-10,C3,Patty Bun,Normal day.
2024-04-10,C4,Kim Ketchup,A seagull stole a hot dog right out of a customer's hand.
2024-04-10,W1,Rusty Mustard,Tourist ordered three zapiekankas and finished them all.
2024-04-11,C2,Sally Sauerkraut,"Busy lunch, calm afternoon."
2024-04-11,C4,Kim Ketchup,Normal day.
2024-04-11,W1,Rusty Mustard,Street musician next to the stand - customers stayed longer.
2024-04-11,W2,Olga Onion,Tourist ordered three zapiekankas and finished them all.
2024-04-11,W3,Bob Bratwurst,Dead quiet without a match.
2024-04-12,C2,Sally Sauerkraut,Grill thermostat acting up again.
2024-04-12,C4,Kim Ketchup,A seagull stole a hot dog right out of a customer's hand.
2024-04-12,W1,Rusty Mustard,Normal day.
2024-04-12,W3,Bob Bratwurst,"No event today, very quiet."
2024-04-13,C3,Patty Bun,Dead quiet without a match.
2024-04-13,C4,Kim Ketchup,Pouring rain all afternoon. Very slow.
2024-04-14,C1,Frank Furter,"Busy lunch, calm afternoon."
2024-04-14,C2,Sally Sauerkraut,Cyclist crashed into the umbrella. Everyone fine.
2024-04-14,C3,Patty Bun,Match day! Queue all the way to the corner.
2024-04-14,W1,Rusty Mustard,Tourist ordered three zapiekankas and finished them all.
2024-04-14,W2,Olga Onion,Tourist ordered three zapiekankas and finished them all.
2024-04-14,W3,Bob Bratwurst,Dead quiet without a match.
2024-04-15,C1,Frank Furter,Grill thermostat acting up again.
2024-04-15,W1,Rusty Mustard,Tourist ordered three zapiekankas and finished them all.
2024-04-15,W2,Olga Onion,Street musician next to the stand - customers stayed longer.
2024-04-16,C1,Frank Furter,"Rain, rain, rain. Few customers."
2024-04-16,C2,Sally Sauerkraut,"Rain outside, but the station keeps us busy."
2024-04-16,W1,Rusty Mustard,Tourist ordered three zapiekankas and finished them all.
2024-04-16,W3,Bob Bratwurst,"No event today, very quiet."
2024-04-17,C2,Sally Sauerkraut,Normal day.
2024-04-17,C4,Kim Ketchup,Cyclist crashed into the umbrella. Everyone fine.
2024-04-17,W1,Rusty Mustard,"Busy lunch, calm afternoon."
2024-04-17,W2,Olga Onion,Tourist ordered three zapiekankas and finished them all.
2024-04-18,C1,Frank Furter,Pouring rain all afternoon. Very slow.
2024-04-18,C2,Sally Sauerkraut,"Rain outside, but the station keeps us busy."
2024-04-18,W2,Olga Onion,Steady lunch rush.
2024-04-18,W3,Bob Bratwurst,Dead quiet without a match.
2024-04-19,C2,Sally Sauerkraut,Normal day.
2024-04-19,C3,Patty Bun,Dead quiet without a match.
2024-04-19,C4,Kim Ketchup,A seagull stole a hot dog right out of a customer's hand.
2024-04-19,W1,Rusty Mustard,"Rain, rain, rain. Few customers."
2024-04-19,W2,Olga Onion,"Rain outside, but the station keeps us busy."
2024-04-19,W3,Bob Bratwurst,Dead quiet without a match.
2024-04-20,C2,Sally Sauerkraut,Ran out of mustard at 4pm.
2024-04-20,C3,Patty Bun,Dead quiet without a match.
2024-04-20,C4,Kim Ketchup,Cyclist crashed into the umbrella. Everyone fine.
2024-04-21,C1,Frank Furter,Tourist asked why the red sausage is red. Nobody knows.
2024-04-21,C2,Sally Sauerkraut,Steady lunch rush.
2024-04-21,C4,Kim Ketchup,Tourist asked why the red sausage is red. Nobody knows.
2024-04-21,W1,Rusty Mustard,Pigeons very bold today.
2024-04-21,W2,Olga Onion,Normal day.
2024-04-22,C1,Frank Furter,Normal day.
2024-04-22,C2,Sally Sauerkraut,Tourist asked why the red sausage is red. Nobody knows.
2024-04-22,C3,Patty Bun,Normal day.
2024-04-23,C1,Frank Furter,Steady lunch rush.
2024-04-23,C2,Sally Sauerkraut,Tourist asked why the red sausage is red. Nobody knows.
2024-04-23,C3,Patty Bun,"No event today, very quiet."
2024-04-23,C4,Kim Ketchup,A seagull stole a hot dog right out of a customer's hand.
2024-04-23,W3,Bob Bratwurst,Dead quiet without a match.
2024-04-24,C4,Kim Ketchup,Steady lunch rush.
2024-04-24,W1,Rusty Mustard,Tourist ordered three zapiekankas and finished them all.
2024-04-24,W2,Olga Onion,Grill thermostat acting up again.
2024-04-24,W3,Bob Bratwurst,Normal day.
2024-04-25,C1,Frank Furter,A seagull stole a hot dog right out of a customer's hand.
2024-04-25,C2,Sally Sauerkraut,Tourist asked why the red sausage is red. Nobody knows.
2024-04-25,C3,Patty Bun,Normal day.
2024-04-25,W1,Rusty Mustard,Ran out of buns at 5pm.
2024-04-26,C1,Frank Furter,Normal day.
2024-04-26,C2,Sally Sauerkraut,Steady lunch rush.
2024-04-26,C3,Patty Bun,Dead quiet without a match.
2024-04-27,C1,Frank Furter,Tourist asked why the red sausage is red. Nobody knows.
2024-04-27,C2,Sally Sauerkraut,A seagull stole a hot dog right out of a customer's hand.
2024-04-27,W2,Olga Onion,"Rain outside, but the station keeps us busy."
2024-04-28,C1,Frank Furter,Normal day.
2024-04-28,C3,Patty Bun,Match day! Queue all the way to the corner.
2024-04-28,W1,Rusty Mustard,Pigeons very bold today.
2024-04-29,C2,Sally Sauerkraut,Grill thermostat acting up again.
2024-04-29,C4,Kim Ketchup,Cyclist crashed into the umbrella. Everyone fine.
2024-04-29,W1,Rusty Mustard,Street musician next to the stand - customers stayed longer.
2024-04-29,W2,Olga Onion,"Busy lunch, calm afternoon."
2024-04-29,W3,Bob Bratwurst,Normal day.
2024-04-30,C3,Patty Bun,Dead quiet without a match.
2024-04-30,C4,Kim Ketchup,Ran out of mustard at 4pm.
2024-04-30,W1,Rusty Mustard,Normal day.
2024-04-30,W3,Bob Bratwurst,"No event today, very quiet."
2024-05-01,C3,Patty Bun,Normal day.
2024-05-02,C1,Frank Furter,Tourist asked why the red sausage is red. Nobody knows.
2024-05-02,C3,Patty Bun,"No event today, very quiet."
2024-05-02,C4,Kim Ketchup,Tourist asked why the red sausage is red. Nobody knows.
2024-05-02,W1,Rusty Mustard,"Rain, rain, rain. Few customers."
2024-05-03,C1,Frank Furter,Cyclist crashed into the umbrella. Everyone fine.
2024-05-03,C2,Sally Sauerkraut,"Busy lunch, calm afternoon."
2024-05-03,C3,Patty Bun,"No event today, very quiet."
2024-05-03,C4,Kim Ketchup,Steady lunch rush.
2024-05-03,W3,Bob Bratwurst,Normal day.
2024-05-04,C2,Sally Sauerkraut,"Busy lunch, calm afternoon."
2024-05-04,C3,Patty Bun,"No event today, very quiet."
2024-05-04,W1,Rusty Mustard,Grill thermostat acting up again.
2024-05-04,W2,Olga Onion,Tourist ordered three zapiekankas and finished them all.
2024-05-04,W3,Bob Bratwurst,Match day! Queue all the way to the corner.
2024-05-05,C1,Frank Furter,Steady lunch rush.
2024-05-05,C2,Sally Sauerkraut,Grill thermostat acting up again.
2024-05-05,C3,Patty Bun,"Football crowd, crazy busy for two hours."
2024-05-05,C4,Kim Ketchup,Tourist asked why the red sausage is red. Nobody knows.
2024-05-05,W1,Rusty Mustard,Grill thermostat acting up again.
2024-05-06,C2,Sally Sauerkraut,Tourist asked why the red sausage is red. Nobody knows.
2024-05-06,C3,Patty Bun,Normal day.
2024-05-06,W1,Rusty Mustard,Street musician next to the stand - customers stayed longer.
2024-05-06,W3,Bob Bratwurst,"No event today, very quiet."
2024-05-07,C2,Sally Sauerkraut,A seagull stole a hot dog right out of a customer's hand.
2024-05-07,C3,Patty Bun,"No event today, very quiet."
2024-05-07,C4,Kim Ketchup,Normal day.
2024-05-07,W1,Rusty Mustard,Street musician next to the stand - customers stayed longer.
2024-05-07,W2,Olga Onion,Normal day.
2024-05-07,W3,Bob Bratwurst,Dead quiet without a match.
2024-05-08,C1,Frank Furter,Steady lunch rush.
2024-05-08,C2,Sally Sauerkraut,Grill thermostat acting up again.
2024-05-08,C4,Kim Ketchup,A seagull stole a hot dog right out of a customer's hand.
2024-05-08,W1,Rusty Mustard,Ran out of buns at 5pm.
2024-05-08,W2,Olga Onion,Pigeons very bold today.
2024-05-09,C1,Frank Furter,Cyclist crashed into the umbrella. Everyone fine.
2024-05-09,C2,Sally Sauerkraut,Ran out of mustard at 4pm.
2024-05-09,C3,Patty Bun,Normal day.
2024-05-09,C4,Kim Ketchup,A seagull stole a hot dog right out of a customer's hand.
2024-05-09,W1,Rusty Mustard,Street musician next to the stand - customers stayed longer.
2024-05-09,W3,Bob Bratwurst,"No event today, very quiet."
2024-05-10,C2,Sally Sauerkraut,A seagull stole a hot dog right out of a customer's hand.
2024-05-10,C3,Patty Bun,Normal day.
2024-05-10,C4,Kim Ketchup,"Busy lunch, calm afternoon."
2024-05-10,W1,Rusty Mustard,Pouring rain all afternoon. Very slow.
2024-05-10,W2,Olga Onion,"Rain outside, but the station keeps us busy."
2024-05-10,W3,Bob Bratwurst,"No event today, very quiet."
2024-05-11,C2,Sally Sauerkraut,Steady lunch rush.
2024-05-11,C3,Patty Bun,"No event today, very quiet."
2024-05-11,C4,Kim Ketchup,A seagull stole a hot dog right out of a customer's hand.
2024-05-11,W1,Rusty Mustard,Steady lunch rush.
2024-05-11,W2,Olga Onion,Normal day.
2024-05-11,W3,Bob Bratwurst,Match day! Queue all the way to the corner.
2024-05-12,W1,Rusty Mustard,Pigeons very bold today.
2024-05-12,W2,Olga Onion,Tourist ordered three zapiekankas and finished them all.
2024-05-13,C2,Sally Sauerkraut,Normal day.
2024-05-13,C3,Patty Bun,"No event today, very quiet."
2024-05-13,C4,Kim Ketchup,Ran out of mustard at 4pm.
2024-05-13,W1,Rusty Mustard,Ran out of buns at 5pm.
2024-05-13,W2,Olga Onion,Street musician next to the stand - customers stayed longer.
2024-05-13,W3,Bob Bratwurst,"No event today, very quiet."
2024-05-14,C1,Frank Furter,Ran out of mustard at 4pm.
2024-05-14,C3,Patty Bun,Normal day.
2024-05-14,W1,Rusty Mustard,Tourist ordered three zapiekankas and finished them all.
2024-05-14,W2,Olga Onion,Pigeons very bold today.
2024-05-14,W3,Bob Bratwurst,"No event today, very quiet."
2024-05-15,C3,Patty Bun,Dead quiet without a match.
2024-05-15,C4,Kim Ketchup,Steady lunch rush.
2024-05-15,W1,Rusty Mustard,"Busy lunch, calm afternoon."
2024-05-15,W3,Bob Bratwurst,Normal day.
2024-05-16,C1,Frank Furter,Ran out of mustard at 4pm.
2024-05-16,C2,Sally Sauerkraut,Ran out of mustard at 4pm.
2024-05-16,C4,Kim Ketchup,Steady lunch rush.
2024-05-16,W2,Olga Onion,Pigeons very bold today.
2024-05-16,W3,Bob Bratwurst,Normal day.
2024-05-17,C2,Sally Sauerkraut,"Rain outside, but the station keeps us busy."
2024-05-17,C3,Patty Bun,Dead quiet without a match.
2024-05-17,C4,Kim Ketchup,"Rain, rain, rain. Few customers."
2024-05-17,W3,Bob Bratwurst,Dead quiet without a match.
2024-05-18,C1,Frank Furter,"Rain, rain, rain. Few customers."
2024-05-18,C4,Kim Ketchup,Pouring rain all afternoon. Very slow.
2024-05-18,W2,Olga Onion,Steady lunch rush.
2024-05-18,W3,Bob Bratwurst,Dead quiet without a match.
2024-05-19,C2,Sally Sauerkraut,Steady lunch rush.
2024-05-19,C3,Patty Bun,Dead quiet without a match.
2024-05-19,C4,Kim Ketchup,A seagull stole a hot dog right out of a customer's hand.
2024-05-19,W3,Bob Bratwurst,Normal day.
2024-05-20,C2,Sally Sauerkraut,"Busy lunch, calm afternoon."
2024-05-20,C3,Patty Bun,"No event today, very quiet."
2024-05-20,C4,Kim Ketchup,Ran out of mustard at 4pm.
2024-05-21,C1,Frank Furter,Steady lunch rush.
2024-05-21,C3,Patty Bun,"No event today, very quiet."
2024-05-21,C4,Kim Ketchup,"Busy lunch, calm afternoon."
2024-05-21,W1,Rusty Mustard,Tourist ordered three zapiekankas and finished them all.
2024-05-21,W2,Olga Onion,Pigeons very bold today.
2024-05-21,W3,Bob Bratwurst,Dead quiet without a match.
2024-05-22,C1,Frank Furter,Cyclist crashed into the umbrella. Everyone fine.
2024-05-22,W2,Olga Onion,Ran out of buns at 5pm.
2024-05-23,C2,Sally Sauerkraut,"Rain outside, but the station keeps us busy."
2024-05-23,C3,Patty Bun,"No event today, very quiet."
2024-05-23,W1,Rusty Mustard,Street musician next to the stand - customers stayed longer.
2024-05-23,W2,Olga Onion,Street musician next to the stand - customers stayed longer.
2024-05-23,W3,Bob Bratwurst,Normal day.
2024-05-24,C1,Frank Furter,Tourist asked why the red sausage is red. Nobody knows.
2024-05-24,C2,Sally Sauerkraut,Steady lunch rush.
2024-05-24,W2,Olga Onion,"Busy lunch, calm afternoon."
2024-05-24,W3,Bob Bratwurst,Normal day.
2024-05-25,C1,Frank Furter,Tourist asked why the red sausage is red. Nobody knows.
2024-05-25,C2,Sally Sauerkraut,Normal day.
2024-05-25,C4,Kim Ketchup,Steady lunch rush.
2024-05-25,W2,Olga Onion,Tourist ordered three zapiekankas and finished them all.
2024-05-25,W3,Bob Bratwurst,Match day - sold out of chili dogs at half time.
2024-05-26,C3,Patty Bun,Match day - sold out of chili dogs at half time.
2024-05-27,C2,Sally Sauerkraut,Steady lunch rush.
2024-05-27,W2,Olga Onion,Ran out of buns at 5pm.
2024-05-28,C1,Frank Furter,Normal day.
2024-05-28,C2,Sally Sauerkraut,Steady lunch rush.
2024-05-28,C3,Patty Bun,Normal day.
2024-05-28,C4,Kim Ketchup,Normal day.
2024-05-28,W2,Olga Onion,Tourist ordered three zapiekankas and finished them all.
2024-05-28,W3,Bob Bratwurst,"No event today, very quiet."
2024-05-29,C1,Frank Furter,Normal day.
2024-05-29,C2,Sally Sauerkraut,Ran out of mustard at 4pm.
2024-05-29,W1,Rusty Mustard,Steady lunch rush.
2024-05-29,W3,Bob Bratwurst,"No event today, very quiet."
2024-05-30,C2,Sally Sauerkraut,Steady lunch rush.
2024-05-30,W2,Olga Onion,Grill thermostat acting up again.
2024-05-30,W3,Bob Bratwurst,"No event today, very quiet."
2024-05-31,C1,Frank Furter,Cyclist crashed into the umbrella. Everyone fine.
2024-05-31,C4,Kim Ketchup,Cyclist crashed into the umbrella. Everyone fine.
2024-05-31,W3,Bob Bratwurst,"No event today, very quiet."
2024-06-01,C1,Frank Furter,Normal day.
2024-06-01,C2,Sally Sauerkraut,"Busy lunch, calm afternoon."
2024-06-01,W1,Rusty Mustard,Grill thermostat acting up again.
2024-06-01,W3,Bob Bratwurst,Normal day.
2024-06-02,C1,Frank Furter,A seagull stole a hot dog right out of a customer's hand.
2024-06-02,C3,Patty Bun,"No event today, very quiet."
2024-06-02,C4,Kim Ketchup,Tourist asked why the red sausage is red. Nobody knows.
2024-06-02,W1,Rusty Mustard,Street musician next to the stand - customers stayed longer.
2024-06-03,C3,Patty Bun,Normal day.
2024-06-03,C4,Kim Ketchup,Tourist asked why the red sausage is red. Nobody knows.
2024-06-03,W1,Rusty Mustard,Grill thermostat acting up again.
2024-06-03,W3,Bob Bratwurst,Dead quiet without a match.
2024-06-04,C1,Frank Furter,"Busy lunch, calm afternoon."
2024-06-04,C2,Sally Sauerkraut,Steady lunch rush.
2024-06-04,W1,Rusty Mustard,Pigeons very bold today.
2024-06-04,W2,Olga Onion,Street musician next to the stand - customers stayed longer.
2024-06-05,C2,Sally Sauerkraut,"Rain outside, but the station keeps us busy."
2024-06-05,C3,Patty Bun,Dead quiet without a match.
2024-06-05,W1,Rusty Mustard,Normal day.
2024-06-05,W3,Bob Bratwurst,"No event today, very quiet."
2024-06-06,C1,Frank Furter,Normal day.
2024-06-06,C2,Sally Sauerkraut,A seagull stole a hot dog right out of a customer's hand.
2024-06-06,C4,Kim Ketchup,Steady lunch rush.
2024-06-07,C1,Frank Furter,Normal day.
2024-06-07,C2,Sally Sauerkraut,Ran out of mustard at 4pm.
2024-06-07,C4,Kim Ketchup,Normal day.
2024-06-07,W1,Rusty Mustard,Grill thermostat acting up again.
2024-06-07,W2,Olga Onion,Grill thermostat acting up again.
2024-06-07,W3,Bob Bratwurst,Normal day.
2024-06-08,C1,Frank Furter,Tourist asked why the red sausage is red. Nobody knows.
2024-06-08,C2,Sally Sauerkraut,A seagull stole a hot dog right out of a customer's hand.
2024-06-08,C3,Patty Bun,"No event today, very quiet."
2024-06-08,C4,Kim Ketchup,Cyclist crashed into the umbrella. Everyone fine.
2024-06-08,W2,Olga Onion,"Rain outside, but the station keeps us busy."
2024-06-08,W3,Bob Bratwurst,Dead quiet without a match.
2024-06-09,C2,Sally Sauerkraut,Tourist asked why the red sausage is red. Nobody knows.
2024-06-09,C3,Patty Bun,Dead quiet without a match.
2024-06-09,C4,Kim Ketchup,Grill thermostat acting up again.
2024-06-09,W1,Rusty Mustard,Pigeons very bold today.
2024-06-09,W3,Bob Bratwurst,Dead quiet without a match.
2024-06-10,C1,Frank Furter,"Busy lunch, calm afternoon."
2024-06-10,C3,Patty Bun,"No event today, very quiet."
2024-06-10,C4,Kim Ketchup,A seagull stole a hot dog right out of a customer's hand.
2024-06-10,W1,Rusty Mustard,"Great weather, very busy."
2024-06-10,W2,Olga Onion,Tourist ordered three zapiekankas and finished them all.
2024-06-10,W3,Bob Bratwurst,Normal day.
2024-06-11,C3,Patty Bun,Normal day.
2024-06-11,C4,Kim Ketchup,Grill thermostat acting up again.
2024-06-11,W2,Olga Onion,Grill thermostat acting up again.
2024-06-11,W3,Bob Bratwurst,Dead quiet without a match.
2024-06-12,W2,Olga Onion,"Busy lunch, calm afternoon."
2024-06-13,C4,Kim Ketchup,"Busy lunch, calm afternoon."
2024-06-13,W3,Bob Bratwurst,Dead quiet without a match.
2024-06-14,C1,Frank Furter,Ran out of mustard at 4pm.
2024-06-14,C3,Patty Bun,Dead quiet without a match.
2024-06-14,C4,Kim Ketchup,Normal day.
2024-06-14,W1,Rusty Mustard,Grill thermostat acting up again.
2024-06-14,W2,Olga Onion,Steady lunch rush.
2024-06-14,W3,Bob Bratwurst,"No event today, very quiet."
2024-06-15,C1,Frank Furter,"Busy lunch, calm afternoon."
2024-06-15,C2,Sally Sauerkraut,Steady lunch rush.
2024-06-15,C3,Patty Bun,Concert night - busiest night of the year so far.
2024-06-15,C4,Kim Ketchup,Normal day.
2024-06-15,W1,Rusty Mustard,Street musician next to the stand - customers stayed longer.
2024-06-15,W2,Olga Onion,"Busy lunch, calm afternoon."
2024-06-16,C2,Sally Sauerkraut,Tourist asked why the red sausage is red. Nobody knows.
2024-06-16,C4,Kim Ketchup,Steady lunch rush.
2024-06-16,W1,Rusty Mustard,Pouring rain all afternoon. Very slow.
2024-06-16,W2,Olga Onion,"Rain outside, but the station keeps us busy."
2024-06-16,W3,Bob Bratwurst,Normal day.
2024-06-17,C3,Patty Bun,"No event today, very quiet."
2024-06-17,W2,Olga Onion,Normal day.
2024-06-17,W3,Bob Bratwurst,Dead quiet without a match.
2024-06-18,C1,Frank Furter,Steady lunch rush.
2024-06-18,C2,Sally Sauerkraut,Cyclist crashed into the umbrella. Everyone fine.
2024-06-18,C3,Patty Bun,"No event today, very quiet."
2024-06-18,W2,Olga Onion,Tourist ordered three zapiekankas and finished them all.
2024-06-19,C2,Sally Sauerkraut,"Rain outside, but the station keeps us busy."
2024-06-19,C3,Patty Bun,Normal day.
2024-06-19,W2,Olga Onion,"Busy lunch, calm afternoon."
2024-06-19,W3,Bob Bratwurst,"No event today, very quiet."
2024-06-20,C1,Frank Furter,Tourist asked why the red sausage is red. Nobody knows.
2024-06-20,C2,Sally Sauerkraut,Grill thermostat acting up again.
2024-06-20,C4,Kim Ketchup,Normal day.
2024-06-21,C2,Sally Sauerkraut,Cyclist crashed into the umbrella. Everyone fine.
2024-06-21,C3,Patty Bun,"No event today, very quiet."
2024-06-21,C4,Kim Ketchup,Steady lunch rush.
2024-06-21,W1,Rusty Mustard,"Sun is out, so are the customers."
2024-06-21,W3,Bob Bratwurst,Concert night - busiest night of the year so far.
2024-06-22,C2,Sally Sauerkraut,Grill thermostat acting up again.
2024-06-22,C3,Patty Bun,"No event today, very quiet."
2024-06-22,C4,Kim Ketchup,Cyclist crashed into the umbrella. Everyone fine.
2024-06-22,W1,Rusty Mustard,Steady lunch rush.
2024-06-22,W2,Olga Onion,Ran out of buns at 5pm.
2024-06-23,C2,Sally Sauerkraut,"Rain outside, but the station keeps us busy."
2024-06-23,C3,Patty Bun,Dead quiet without a match.
2024-06-24,C1,Frank Furter,"Busy lunch, calm afternoon."
2024-06-24,C3,Patty Bun,Dead quiet without a match.
2024-06-24,W1,Rusty Mustard,Street musician next to the stand - customers stayed longer.
2024-06-24,W2,Olga Onion,Grill thermostat acting up again.
2024-06-24,W3,Bob Bratwurst,Dead quiet without a match.
2024-06-25,C4,Kim Ketchup,A seagull stole a hot dog right out of a customer's hand.
2024-06-25,W2,Olga Onion,Normal day.
2024-06-25,W3,Bob Bratwurst,Dead quiet without a match.
2024-06-26,C2,Sally Sauerkraut,Normal day.
2024-06-26,C3,Patty Bun,Normal day.
2024-06-26,C4,Kim Ketchup,Steady lunch rush.
2024-06-26,W1,Rusty Mustard,"Rain, rain, rain. Few customers."
2024-06-26,W2,Olga Onion,"Rain outside, but the station keeps us busy."
2024-06-26,W3,Bob Bratwurst,"No event today, very quiet."
2024-06-27,C2,Sally Sauerkraut,Tourist asked why the red sausage is red. Nobody knows.
2024-06-27,C3,Patty Bun,"No event today, very quiet."
2024-06-27,C4,Kim Ketchup,Normal day.
2024-06-27,W1,Rusty Mustard,Grill thermostat acting up again.
2024-06-27,W2,Olga Onion,Grill thermostat acting up again.
2024-06-28,C3,Patty Bun,Normal day.
2024-06-28,C4,Kim Ketchup,"Busy lunch, calm afternoon."
2024-06-28,W1,Rusty Mustard,Grill thermostat acting up again.
2024-06-28,W2,Olga Onion,Steady lunch rush.
2024-06-28,W3,Bob Bratwurst,"No event today, very quiet."
2024-06-29,C1,Frank Furter,Cyclist crashed into the umbrella. Everyone fine.
2024-06-29,C4,Kim Ketchup,Tourist asked why the red sausage is red. Nobody knows.
2024-06-29,W1,Rusty Mustard,Ran out of buns at 5pm.
2024-06-29,W2,Olga Onion,Ran out of buns at 5pm.
2024-06-29,W3,Bob Bratwurst,Normal day.
2024-06-30,C1,Frank Furter,Pouring rain all afternoon. Very slow.
2024-06-30,C2,Sally Sauerkraut,"Rain outside, but the station keeps us busy."
2024-06-30,C3,Patty Bun,Normal day.
2024-06-30,C4,Kim Ketchup,"Rain, rain, rain. Few customers."
2024-06-30,W1,Rusty Mustard,Steady lunch rush.
2024-06-30,W2,Olga Onion,"Busy lunch, calm afternoon."
2024-07-01,C1,Frank Furter,Normal day.
2024-07-01,C2,Sally Sauerkraut,Tourist asked why the red sausage is red. Nobody knows.
2024-07-01,W1,Rusty Mustard,Normal day.
2024-07-01,W2,Olga Onion,Ran out of buns at 5pm.
2024-07-01,W3,Bob Bratwurst,"No event today, very quiet."
2024-07-02,C1,Frank Furter,Cyclist crashed into the umbrella. Everyone fine.
2024-07-02,C4,Kim Ketchup,Cyclist crashed into the umbrella. Everyone fine.
2024-07-02,W3,Bob Bratwurst,Dead quiet without a match.
2024-07-03,C3,Patty Bun,Dead quiet without a match.
2024-07-03,C4,Kim Ketchup,Grill thermostat acting up again.
2024-07-03,W1,Rusty Mustard,Tourist ordered three zapiekankas and finished them all.
2024-07-03,W3,Bob Bratwurst,"No event today, very quiet."
2024-07-04,C1,Frank Furter,"Busy lunch, calm afternoon."
2024-07-04,C2,Sally Sauerkraut,Steady lunch rush.
2024-07-04,W1,Rusty Mustard,Grill thermostat acting up again.
2024-07-04,W2,Olga Onion,Pigeons very bold today.
2024-07-04,W3,Bob Bratwurst,"No event today, very quiet."
2024-07-05,C1,Frank Furter,Cyclist crashed into the umbrella. Everyone fine.
2024-07-05,C2,Sally Sauerkraut,Steady lunch rush.
2024-07-05,W1,Rusty Mustard,Grill thermostat acting up again.
2024-07-05,W3,Bob Bratwurst,Dead quiet without a match.
2024-07-06,C3,Patty Bun,Normal day.
2024-07-06,C4,Kim Ketchup,"Busy lunch, calm afternoon."
2024-07-07,C1,Frank Furter,Cyclist crashed into the umbrella. Everyone fine.
2024-07-07,C3,Patty Bun,Dead quiet without a match.
2024-07-07,C4,Kim Ketchup,Normal day.
2024-07-07,W1,Rusty Mustard,Normal day.
2024-07-07,W2,Olga Onion,Steady lunch rush.
2024-07-08,C1,Frank Furter,A seagull stole a hot dog right out of a customer's hand.
2024-07-08,C2,Sally Sauerkraut,"Busy lunch, calm afternoon."
2024-07-08,W3,Bob Bratwurst,Normal day.
2024-07-09,C1,Frank Furter,Normal day.
2024-07-09,C2,Sally Sauerkraut,"Busy lunch, calm afternoon."
2024-07-09,C4,Kim Ketchup,Grill thermostat acting up again.
2024-07-09,W2,Olga Onion,Grill thermostat acting up again.
2024-07-10,C2,Sally Sauerkraut,Grill thermostat acting up again.
2024-07-10,C3,Patty Bun,Dead quiet without a match.
2024-07-10,W1,Rusty Mustard,Ran out of buns at 5pm.
2024-07-10,W2,Olga Onion,Ran out of buns at 5pm.
2024-07-11,C1,Frank Furter,Tourist asked why the red sausage is red. Nobody knows.
2024-07-11,C2,Sally Sauerkraut,Tourist asked why the red sausage is red. Nobody knows.
2024-07-11,C4,Kim Ketchup,Grill thermostat acting up again.
2024-07-11,W1,Rusty Mustard,Normal day.
2024-07-12,C2,Sally Sauerkraut,"Rain outside, but the station keeps us busy."
2024-07-12,C3,Patty Bun,Concert night - busiest night of the year so far.
2024-07-13,C1,Frank Furter,Normal day.
2024-07-13,C2,Sally Sauerkraut,Steady lunch rush.
2024-07-13,C3,Patty Bun,Dead quiet without a match.
2024-07-13,W1,Rusty Mustard,Pigeons very bold today.
2024-07-13,W2,Olga Onion,Pigeons very bold today.
2024-07-14,C1,Frank Furter,"Busy lunch, calm afternoon."
2024-07-14,C2,Sally Sauerkraut,Grill thermostat acting up again.
2024-07-14,C4,Kim Ketchup,A seagull stole a hot dog right out of a customer's hand.
2024-07-14,W1,Rusty Mustard,"Busy lunch, calm afternoon."
2024-07-14,W3,Bob Bratwurst,Dead quiet without a match.
2024-07-15,C1,Frank Furter,Tourist asked why the red sausage is red. Nobody knows.
2024-07-15,C2,Sally Sauerkraut,"Busy lunch, calm afternoon."
2024-07-15,C3,Patty Bun,"No event today, very quiet."
2024-07-15,W1,Rusty Mustard,Pouring rain all afternoon. Very slow.
2024-07-15,W2,Olga Onion,"Rain outside, but the station keeps us busy."
2024-07-15,W3,Bob Bratwurst,Dead quiet without a match.
2024-07-16,C1,Frank Furter,Steady lunch rush.
2024-07-16,C2,Sally Sauerkraut,Tourist asked why the red sausage is red. Nobody knows.
2024-07-16,C3,Patty Bun,"No event today, very quiet."
2024-07-16,C4,Kim Ketchup,A seagull stole a hot dog right out of a customer's hand.
2024-07-16,W1,Rusty Mustard,Street musician next to the stand - customers stayed longer.
2024-07-16,W3,Bob Bratwurst,"No event today, very quiet."
2024-07-17,C1,Frank Furter,Cyclist crashed into the umbrella. Everyone fine.
2024-07-17,C2,Sally Sauerkraut,A seagull stole a hot dog right out of a customer's hand.
2024-07-17,C3,Patty Bun,Dead quiet without a match.
2024-07-17,C4,Kim Ketchup,Cyclist crashed into the umbrella. Everyone fine.
2024-07-17,W2,Olga Onion,Tourist ordered three zapiekankas and finished them all.
2024-07-17,W3,Bob Bratwurst,Normal day.
2024-07-18,C2,Sally Sauerkraut,Steady lunch rush.
2024-07-18,W2,Olga Onion,Steady lunch rush.
2024-07-19,C1,Frank Furter,"Rain, rain, rain. Few customers."
2024-07-19,C3,Patty Bun,Dead quiet without a match.
2024-07-19,C4,Kim Ketchup,Pouring rain all afternoon. Very slow.
2024-07-19,W1,Rusty Mustard,Street musician next to the stand - customers stayed longer.
2024-07-19,W3,Bob Bratwurst,Normal day.
2024-07-20,C3,Patty Bun,"No event today, very quiet."
2024-07-20,C4,Kim Ketchup,Tourist asked why the red sausage is red. Nobody knows.
2024-07-21,C1,Frank Furter,"Rain, rain, rain. Few customers."
2024-07-21,C2,Sally Sauerkraut,"Rain outside, but the station keeps us busy."
2024-07-21,C3,Patty Bun,"Football crowd, crazy busy for two hours."
2024-07-21,W2,Olga Onion,"Rain outside, but the station keeps us busy."
2024-07-21,W3,Bob Bratwurst,Normal day.
2024-07-22,C1,Frank Furter,Ran out of mustard at 4pm.
2024-07-22,C3,Patty Bun,Normal day.
2024-07-22,C4,Kim Ketchup,Tourist asked why the red sausage is red. Nobody knows.
2024-07-22,W1,Rusty Mustard,Steady lunch rush.
2024-07-22,W2,Olga Onion,Grill thermostat acting up again.
2024-07-23,C1,Frank Furter,Cyclist crashed into the umbrella. Everyone fine.
2024-07-23,C2,Sally Sauerkraut,Cyclist crashed into the umbrella. Everyone fine.
2024-07-23,C3,Patty Bun,Normal day.
2024-07-23,C4,Kim Ketchup,Ran out of mustard at 4pm.
2024-07-23,W1,Rusty Mustard,Tourist ordered three zapiekankas and finished them all.
2024-07-23,W2,Olga Onion,Tourist ordered three zapiekankas and finished them all.
2024-07-23,W3,Bob Bratwurst,Normal day.
2024-07-24,C1,Frank Furter,Steady lunch rush.
2024-07-24,C2,Sally Sauerkraut,Normal day.
2024-07-24,W2,Olga Onion,Normal day.
2024-07-24,W3,Bob Bratwurst,Dead quiet without a match.
2024-07-25,C1,Frank Furter,A seagull stole a hot dog right out of a customer's hand.
2024-07-25,C2,Sally Sauerkraut,Cyclist crashed into the umbrella. Everyone fine.
2024-07-25,C3,Patty Bun,Normal day.
2024-07-25,C4,Kim Ketchup,A seagull stole a hot dog right out of a customer's hand.
2024-07-26,W1,Rusty Mustard,Ran out of buns at 5pm.
2024-07-27,C2,Sally Sauerkraut,"Busy lunch, calm afternoon."
2024-07-27,C3,Patty Bun,"No event today, very quiet."
2024-07-27,C4,Kim Ketchup,Steady lunch rush.
2024-07-27,W1,Rusty Mustard,Pigeons very bold today.
2024-07-27,W2,Olga Onion,Street musician next to the stand - customers stayed longer.
2024-07-28,C3,Patty Bun,"No event today, very quiet."
2024-07-28,C4,Kim Ketchup,"Rain, rain, rain. Few customers."
2024-07-28,W1,Rusty Mustard,Steady lunch rush.
2024-07-28,W2,Olga Onion,"Busy lunch, calm afternoon."
2024-07-28,W3,Bob Bratwurst,Dead quiet without a match.
2024-07-29,C3,Patty Bun,Dead quiet without a match.
2024-07-29,C4,Kim Ketchup,Pouring rain all afternoon. Very slow.
2024-07-29,W1,Rusty Mustard,Pigeons very bold today.
2024-07-30,C3,Patty Bun,Dead quiet without a match.
2024-07-30,C4,Kim Ketchup,"Busy lunch, calm afternoon."
2024-07-30,W3,Bob Bratwurst,Normal day.
2024-07-31,C1,Frank Furter,Normal day.
2024-07-31,C3,Patty Bun,Normal day.
2024-07-31,W1,Rusty Mustard,Pigeons very bold today.
2024-07-31,W2,Olga Onion,Grill thermostat acting up again.
2024-08-01,C2,Sally Sauerkraut,Grill thermostat acting up again.
2024-08-01,C4,Kim Ketchup,Normal day.
2024-08-01,W1,Rusty Mustard,Pigeons very bold today.
2024-08-01,W2,Olga Onion,Tourist ordered three zapiekankas and finished them all.
2024-08-01,W3,Bob Bratwurst,"No event today, very quiet."
2024-08-02,C1,Frank Furter,"Busy lunch, calm afternoon."
2024-08-02,C3,Patty Bun,Dead quiet without a match.
2024-08-02,W1,Rusty Mustard,"Great weather, very busy."
2024-08-02,W2,Olga Onion,"Busy lunch, calm afternoon."
2024-08-03,C1,Frank Furter,"Busy lunch, calm afternoon."
2024-08-03,C2,Sally Sauerkraut,Cyclist crashed into the umbrella. Everyone fine.
2024-08-03,C4,Kim Ketchup,Cyclist crashed into the umbrella. Everyone fine.
2024-08-03,W2,Olga Onion,Ran out of buns at 5pm.
2024-08-03,W3,Bob Bratwurst,"Football crowd, crazy busy for two hours."
2024-08-04,C2,Sally Sauerkraut,Normal day.
2024-08-04,W1,Rusty Mustard,Grill thermostat acting up again.
2024-08-04,W3,Bob Bratwurst,"No event today, very quiet."
2024-08-05,C1,Frank Furter,Ran out of mustard at 4pm.
2024-08-05,C2,Sally Sauerkraut,Steady lunch rush.
2024-08-05,C3,Patty Bun,Normal day.
2024-08-05,W1,Rusty Mustard,"Great weather, very busy."
2024-08-05,W2,Olga Onion,Street musician next to the stand - customers stayed longer.
2024-08-06,C1,Frank Furter,A seagull stole a hot dog right out of a customer's hand.
2024-08-06,C3,Patty Bun,Normal day.
2024-08-06,C4,Kim Ketchup,Grill thermostat acting up again.
2024-08-06,W1,Rusty Mustard,Grill thermostat acting up again.
2024-08-07,C2,Sally Sauerkraut,Cyclist crashed into the umbrella. Everyone fine.
2024-08-07,C3,Patty Bun,Normal day.
2024-08-07,C4,Kim Ketchup,Cyclist crashed into the umbrella. Everyone fine.
2024-08-07,W1,Rusty Mustard,Sunny and hot - long queues all day.
2024-08-08,C1,Frank Furter,"Busy lunch, calm afternoon."
2024-08-08,C4,Kim Ketchup,Normal day.
2024-08-08,W1,Rusty Mustard,Tourist ordered three zapiekankas and finished them all.
2024-08-08,W3,Bob Bratwurst,Dead quiet without a match.
2024-08-09,C1,Frank Furter,A seagull stole a hot dog right out of a customer's hand.
2024-08-09,C3,Patty Bun,Concert night - busiest night of the year so far.
2024-08-09,C4,Kim Ketchup,Ran out of mustard at 4pm.
2024-08-09,W1,Rusty Mustard,Ran out of buns at 5pm.
2024-08-09,W2,Olga Onion,Street musician next to the stand - customers stayed longer.
2024-08-10,C1,Frank Furter,Grill thermostat acting up again.
2024-08-10,C3,Patty Bun,"No event today, very quiet."
2024-08-10,W1,Rusty Mustard,"Great weather, very busy."
2024-08-11,C1,Frank Furter,"Rain, rain, rain. Few customers."
2024-08-11,C2,Sally Sauerkraut,"Rain outside, but the station keeps us busy."
2024-08-11,C3,Patty Bun,"Football crowd, crazy busy for two hours."
2024-08-11,C4,Kim Ketchup,Pouring rain all afternoon. Very slow.
2024-08-11,W1,Rusty Mustard,Tourist ordered three zapiekankas and finished them all.
2024-08-11,W2,Olga Onion,"Busy lunch, calm afternoon."
2024-08-11,W3,Bob Bratwurst,Normal day.
2024-08-12,C1,Frank Furter,Ran out of mustard at 4pm.
2024-08-12,C2,Sally Sauerkraut,Grill thermostat acting up again.
2024-08-12,C4,Kim Ketchup,A seagull stole a hot dog right out of a customer's hand.
2024-08-12,W1,Rusty Mustard,"Sun is out, so are the customers."
2024-08-12,W2,Olga Onion,"Busy lunch, calm afternoon."
2024-08-12,W3,Bob Bratwurst,Dead quiet without a match.
2024-08-13,C2,Sally Sauerkraut,Ran out of mustard at 4pm.
2024-08-13,C3,Patty Bun,"No event today, very quiet."
2024-08-13,C4,Kim Ketchup,Normal day.
2024-08-13,W2,Olga Onion,Pigeons very bold today.
2024-08-13,W3,Bob Bratwurst,Normal day.
2024-08-14,C3,Patty Bun,"No event today, very quiet."
2024-08-14,W1,Rusty Mustard,"Busy lunch, calm afternoon."
2024-08-14,W2,Olga Onion,Steady lunch rush.
2024-08-14,W3,Bob Bratwurst,"No event today, very quiet."
2024-08-15,C1,Frank Furter,Ran out of mustard at 4pm.
2024-08-15,C2,Sally Sauerkraut,A seagull stole a hot dog right out of a customer's hand.
2024-08-15,C3,Patty Bun,Dead quiet without a match.
2024-08-15,C4,Kim Ketchup,Tourist asked why the red sausage is red. Nobody knows.
2024-08-15,W1,Rusty Mustard,Normal day.
2024-08-15,W2,Olga Onion,Tourist ordered three zapiekankas and finished them all.
2024-08-15,W3,Bob Bratwurst,Normal day.
2024-08-16,C1,Frank Furter,A seagull stole a hot dog right out of a customer's hand.
2024-08-16,C4,Kim Ketchup,Normal day.
2024-08-16,W1,Rusty Mustard,Pouring rain all afternoon. Very slow.
2024-08-17,C3,Patty Bun,"No event today, very quiet."
2024-08-17,W2,Olga Onion,Normal day.
2024-08-18,C1,Frank Furter,Cyclist crashed into the umbrella. Everyone fine.
2024-08-18,C2,Sally Sauerkraut,"Busy lunch, calm afternoon."
2024-08-18,C4,Kim Ketchup,Steady lunch rush.
2024-08-18,W1,Rusty Mustard,Pigeons very bold today.
2024-08-18,W2,Olga Onion,Grill thermostat acting up again.
2024-08-18,W3,Bob Bratwurst,"No event today, very quiet."
2024-08-19,C1,Frank Furter,A seagull stole a hot dog right out of a customer's hand.
2024-08-19,C4,Kim Ketchup,"Busy lunch, calm afternoon."
2024-08-19,W1,Rusty Mustard,Ran out of buns at 5pm.
2024-08-19,W2,Olga Onion,Pigeons very bold today.
2024-08-19,W3,Bob Bratwurst,Dead quiet without a match.
2024-08-20,C1,Frank Furter,"Busy lunch, calm afternoon."
2024-08-20,C3,Patty Bun,"No event today, very quiet."
2024-08-20,C4,Kim Ketchup,"Busy lunch, calm afternoon."
2024-08-20,W1,Rusty Mustard,Pigeons very bold today.
2024-08-20,W3,Bob Bratwurst,Dead quiet without a match.
2024-08-21,C1,Frank Furter,Ran out of mustard at 4pm.
2024-08-21,C2,Sally Sauerkraut,Steady lunch rush.
2024-08-21,C3,Patty Bun,"No event today, very quiet."
2024-08-21,W2,Olga Onion,Grill thermostat acting up again.
2024-08-22,C1,Frank Furter,"Busy lunch, calm afternoon."
2024-08-22,C2,Sally Sauerkraut,Steady lunch rush.
2024-08-22,C3,Patty Bun,Dead quiet without a match.
2024-08-22,W1,Rusty Mustard,Street musician next to the stand - customers stayed longer.
2024-08-22,W2,Olga Onion,Pigeons very bold today.
2024-08-23,C1,Frank Furter,Pouring rain all afternoon. Very slow.
2024-08-23,C2,Sally Sauerkraut,"Rain outside, but the station keeps us busy."
2024-08-23,C3,Patty Bun,Dead quiet without a match.
2024-08-23,C4,Kim Ketchup,Pouring rain all afternoon. Very slow.
2024-08-23,W1,Rusty Mustard,"Busy lunch, calm afternoon."
2024-08-23,W2,Olga Onion,Pigeons very bold today.
2024-08-23,W3,Bob Bratwurst,Normal day.
2024-08-24,C2,Sally Sauerkraut,Tourist asked why the red sausage is red. Nobody knows.
2024-08-24,C3,Patty Bun,Normal day.
2024-08-24,C4,Kim Ketchup,A seagull stole a hot dog right out of a customer's hand.
2024-08-24,W2,Olga Onion,Street musician next to the stand - customers stayed longer.
2024-08-25,C1,Frank Furter,Steady lunch rush.
2024-08-25,C3,Patty Bun,"No event today, very quiet."
2024-08-25,C4,Kim Ketchup,Grill thermostat acting up again.
2024-08-25,W2,Olga Onion,Grill thermostat acting up again.
2024-08-25,W3,Bob Bratwurst,Normal day.
2024-08-26,C3,Patty Bun,Normal day.
2024-08-27,C1,Frank Furter,Ran out of mustard at 4pm.
2024-08-27,C2,Sally Sauerkraut,"Busy lunch, calm afternoon."
2024-08-27,C4,Kim Ketchup,Cyclist crashed into the umbrella. Everyone fine.
2024-08-27,W1,Rusty Mustard,Tourist ordered three zapiekankas and finished them all.
2024-08-27,W3,Bob Bratwurst,Dead quiet without a match.
2024-08-28,C3,Patty Bun,"No event today, very quiet."
2024-08-28,C4,Kim Ketchup,Grill thermostat acting up again.
2024-08-28,W2,Olga Onion,Street musician next to the stand - customers stayed longer.
2024-08-29,C3,Patty Bun,Dead quiet without a match.
2024-08-29,W2,Olga Onion,Normal day.
2024-08-30,C1,Frank Furter,Normal day.
2024-08-30,C3,Patty Bun,"No event today, very quiet."
2024-08-30,C4,Kim Ketchup,Grill thermostat acting up again.
2024-08-30,W2,Olga Onion,Pigeons very bold today.
2024-08-31,C1,Frank Furter,Cyclist crashed into the umbrella. Everyone fine.
2024-08-31,W1,Rusty Mustard,Pigeons very bold today.
2024-08-31,W3,Bob Bratwurst,Match day - sold out of chili dogs at half time.
2024-09-01,C2,Sally Sauerkraut,Steady lunch rush.
2024-09-01,C3,Patty Bun,"Football crowd, crazy busy for two hours."
2024-09-01,W3,Bob Bratwurst,Dead quiet without a match.
2024-09-02,C1,Frank Furter,Grill thermostat acting up again.
2024-09-02,C2,Sally Sauerkraut,Tourist asked why the red sausage is red. Nobody knows.
2024-09-02,C3,Patty Bun,Normal day.
2024-09-02,C4,Kim Ketchup,Grill thermostat acting up again.
2024-09-02,W1,Rusty Mustard,Pigeons very bold today.
2024-09-03,C2,Sally Sauerkraut,Grill thermostat acting up again.
2024-09-03,C3,Patty Bun,"No event today, very quiet."
2024-09-03,W1,Rusty Mustard,Ran out of buns at 5pm.
2024-09-03,W2,Olga Onion,Grill thermostat acting up again.
2024-09-04,C3,Patty Bun,Normal day.
2024-09-04,C4,Kim Ketchup,Grill thermostat acting up again.
2024-09-04,W1,Rusty Mustard,Grill thermostat acting up again.
2024-09-05,C1,Frank Furter,Steady lunch rush.
2024-09-05,C3,Patty Bun,"No event today, very quiet."
2024-09-05,C4,Kim Ketchup,Normal day.
2024-09-06,C2,Sally Sauerkraut,Steady lunch rush.
2024-09-06,C4,Kim Ketchup,Steady lunch rush.
2024-09-06,W1,Rusty Mustard,Pouring rain all afternoon. Very slow.
2024-09-07,C2,Sally Sauerkraut,Grill thermostat acting up again.
2024-09-07,C3,Patty Bun,Dead quiet without a match.
2024-09-07,C4,Kim Ketchup,A seagull stole a hot dog right out of a customer's hand.
2024-09-08,C1,Frank Furter,"Rain, rain, rain. Few customers."
2024-09-08,C2,Sally Sauerkraut,"Rain outside, but the station keeps us busy."
2024-09-08,W1,Rusty Mustard,"Rain, rain, rain. Few customers."
2024-09-08,W2,Olga Onion,"Rain outside, but the station keeps us busy."
2024-09-08,W3,Bob Bratwurst,"No event today, very quiet."
2024-09-09,C1,Frank Furter,A seagull stole a hot dog right out of a customer's hand.
2024-09-09,C4,Kim Ketchup,Tourist asked why the red sausage is red. Nobody knows.
2024-09-09,W1,Rusty Mustard,Street musician next to the stand - customers stayed longer.
2024-09-09,W2,Olga Onion,Street musician next to the stand - customers stayed longer.
2024-09-10,C1,Frank Furter,Tourist asked why the red sausage is red. Nobody knows.
2024-09-10,C3,Patty Bun,Dead quiet without a match.
2024-09-10,W1,Rusty Mustard,Grill thermostat acting up again.
2024-09-10,W2,Olga Onion,Street musician next to the stand - customers stayed longer.
2024-09-11,C1,Frank Furter,"Busy lunch, calm afternoon."
2024-09-11,C2,Sally Sauerkraut,Cyclist crashed into the umbrella. Everyone fine.
2024-09-11,C3,Patty Bun,"No event today, very quiet."
2024-09-11,C4,Kim Ketchup,Normal day.
2024-09-11,W1,Rusty Mustard,Normal day.
2024-09-11,W3,Bob Bratwurst,Normal day.
2024-09-12,C4,Kim Ketchup,Normal day.
2024-09-12,W3,Bob Bratwurst,"No event today, very quiet."
2024-09-13,C1,Frank Furter,Grill thermostat acting up again.
2024-09-13,C3,Patty Bun,"No event today, very quiet."
2024-09-13,W1,Rusty Mustard,"Busy lunch, calm afternoon."
2024-09-13,W2,Olga Onion,Normal day.
2024-09-13,W3,Bob Bratwurst,Dead quiet without a match.
2024-09-14,C1,Frank Furter,Steady lunch rush.
2024-09-14,C4,Kim Ketchup,Cyclist crashed into the umbrella. Everyone fine.
2024-09-14,W2,Olga Onion,Normal day.
2024-09-14,W3,Bob Bratwurst,Match day! Queue all the way to the corner.
2024-09-15,C1,Frank Furter,"Rain, rain, rain. Few customers."
2024-09-15,C2,Sally Sauerkraut,"Rain outside, but the station keeps us busy."
2024-09-15,C3,Patty Bun,"Football crowd, crazy busy for two hours."
2024-09-15,C4,Kim Ketchup,"Rain, rain, rain. Few customers."
2024-09-15,W2,Olga Onion,Pigeons very bold today.
2024-09-15,W3,Bob Bratwurst,"No event today, very quiet."
2024-09-16,C1,Frank Furter,Cyclist crashed into the umbrella. Everyone fine.
2024-09-16,C4,Kim Ketchup,Cyclist crashed into the umbrella. Everyone fine.
2024-09-17,C1,Frank Furter,Cyclist crashed into the umbrella. Everyone fine.
2024-09-17,C2,Sally Sauerkraut,Grill thermostat acting up again.
2024-09-17,C3,Patty Bun,Normal day.
2024-09-17,C4,Kim Ketchup,Cyclist crashed into the umbrella. Everyone fine.
2024-09-17,W2,Olga Onion,Grill thermostat acting up again.
2024-09-17,W3,Bob Bratwurst,"No event today, very quiet."
2024-09-18,C2,Sally Sauerkraut,Tourist asked why the red sausage is red. Nobody knows.
2024-09-18,C3,Patty Bun,"No event today, very quiet."
2024-09-18,W1,Rusty Mustard,"Rain, rain, rain. Few customers."
2024-09-18,W2,Olga Onion,"Rain outside, but the station keeps us busy."
2024-09-19,C3,Patty Bun,Dead quiet without a match.
2024-09-19,C4,Kim Ketchup,Ran out of mustard at 4pm.
2024-09-19,W1,Rusty Mustard,Street musician next to the stand - customers stayed longer.
2024-09-19,W2,Olga Onion,Ran out of buns at 5pm.
2024-09-19,W3,Bob Bratwurst,Dead quiet without a match.
2024-09-20,C1,Frank Furter,A seagull stole a hot dog right out of a customer's hand.
2024-09-20,C2,Sally Sauerkraut,"Busy lunch, calm afternoon."
2024-09-20,W1,Rusty Mustard,Street musician next to the stand - customers stayed longer.
2024-09-20,W2,Olga Onion,Tourist ordered three zapiekankas and finished them all.
2024-09-21,C1,Frank Furter,Grill thermostat acting up again.
2024-09-21,C3,Patty Bun,Normal day.
2024-09-21,C4,Kim Ketchup,Grill thermostat acting up again.
2024-09-22,C1,Frank Furter,Tourist asked why the red sausage is red. Nobody knows.
2024-09-22,C4,Kim Ketchup,Ran out of mustard at 4pm.
2024-09-22,W1,Rusty Mustard,Steady lunch rush.
2024-09-22,W2,Olga Onion,Ran out of buns at 5pm.
2024-09-23,C1,Frank Furter,Cyclist crashed into the umbrella. Everyone fine.
2024-09-23,C2,Sally Sauerkraut,Cyclist crashed into the umbrella. Everyone fine.
2024-09-23,C3,Patty Bun,"No event today, very quiet."
2024-09-23,W1,Rusty Mustard,Tourist ordered three zapiekankas and finished them all.
2024-09-23,W3,Bob Bratwurst,Dead quiet without a match.
2024-09-24,C2,Sally Sauerkraut,"Rain outside, but the station keeps us busy."
2024-09-24,C3,Patty Bun,"No event today, very quiet."
2024-09-24,C4,Kim Ketchup,Pouring rain all afternoon. Very slow.
2024-09-24,W3,Bob Bratwurst,Dead quiet without a match.
2024-09-25,C2,Sally Sauerkraut,Ran out of mustard at 4pm.
2024-09-25,W2,Olga Onion,"Busy lunch, calm afternoon."
2024-09-26,C2,Sally Sauerkraut,Steady lunch rush.
2024-09-26,W1,Rusty Mustard,Grill thermostat acting up again.
2024-09-26,W2,Olga Onion,Pigeons very bold today.
2024-09-26,W3,Bob Bratwurst,Dead quiet without a match.
2024-09-27,C1,Frank Furter,Ran out of mustard at 4pm.
2024-09-27,C2,Sally Sauerkraut,Cyclist crashed into the umbrella. Everyone fine.
2024-09-27,C3,Patty Bun,"No event today, very quiet."
2024-09-27,C4,Kim Ketchup,Grill thermostat acting up again.
2024-09-27,W1,Rusty Mustard,Steady lunch rush.
2024-09-27,W2,Olga Onion,Steady lunch rush.
2024-09-27,W3,Bob Bratwurst,Normal day.
2024-09-28,C2,Sally Sauerkraut,Ran out of mustard at 4pm.
2024-09-28,C3,Patty Bun,"No event today, very quiet."
2024-09-28,W1,Rusty Mustard,Normal day.
2024-09-28,W3,Bob Bratwurst,Match day! Queue all the way to the corner.
2024-09-29,C1,Frank Furter,Ran out of mustard at 4pm.
2024-09-29,C2,Sally Sauerkraut,Cyclist crashed into the umbrella. Everyone fine.
2024-09-29,C4,Kim Ketchup,Ran out of mustard at 4pm.
2024-09-29,W1,Rusty Mustard,"Marathon today. Everyone wants drinks, nobody wants sausages."
2024-09-29,W2,Olga Onion,Grill thermostat acting up again.
2024-09-29,W3,Bob Bratwurst,"No event today, very quiet."
2024-09-30,C2,Sally Sauerkraut,Normal day.
2024-09-30,C3,Patty Bun,"No event today, very quiet."
2024-09-30,C4,Kim Ketchup,"Busy lunch, calm afternoon."
2024-09-30,W1,Rusty Mustard,Pouring rain all afternoon. Very slow.
2024-09-30,W3,Bob Bratwurst,"No event today, very quiet."
2024-10-01,C2,Sally Sauerkraut,Normal day.
2024-10-01,W1,Rusty Mustard,Tourist ordered three zapiekankas and finished them all.
2024-10-02,C1,Frank Furter,Steady lunch rush.
2024-10-02,C3,Patty Bun,Dead quiet without a match.
2024-10-02,W1,Rusty Mustard,Ran out of buns at 5pm.
2024-10-02,W2,Olga Onion,Pigeons very bold today.
2024-10-03,C1,Frank Furter,Tourist asked why the red sausage is red. Nobody knows.
2024-10-03,C2,Sally Sauerkraut,Ran out of mustard at 4pm.
2024-10-03,C3,Patty Bun,"No event today, very quiet."
2024-10-03,W1,Rusty Mustard,Pigeons very bold today.
2024-10-03,W2,Olga Onion,Normal day.
2024-10-04,C1,Frank Furter,Steady lunch rush.
2024-10-04,C2,Sally Sauerkraut,Steady lunch rush.
2024-10-04,C3,Patty Bun,Dead quiet without a match.
2024-10-04,C4,Kim Ketchup,Cyclist crashed into the umbrella. Everyone fine.
2024-10-04,W1,Rusty Mustard,Tourist ordered three zapiekankas and finished them all.
2024-10-04,W2,Olga Onion,"Busy lunch, calm afternoon."
2024-10-04,W3,Bob Bratwurst,"No event today, very quiet."
2024-10-05,C1,Frank Furter,Normal day.
2024-10-05,C2,Sally Sauerkraut,Grill thermostat acting up again.
2024-10-05,C3,Patty Bun,"No event today, very quiet."
2024-10-05,C4,Kim Ketchup,Ran out of mustard at 4pm.
2024-10-05,W1,Rusty Mustard,"Busy lunch, calm afternoon."
2024-10-05,W3,Bob Bratwurst,"No event today, very quiet."
2024-10-06,C1,Frank Furter,Grill thermostat acting up again.
2024-10-06,C2,Sally Sauerkraut,Steady lunch rush.
2024-10-06,C4,Kim Ketchup,Steady lunch rush.
2024-10-06,W2,Olga Onion,Ran out of buns at 5pm.
2024-10-06,W3,Bob Bratwurst,"No event today, very quiet."
2024-10-07,C1,Frank Furter,A seagull stole a hot dog right out of a customer's hand.
2024-10-07,C3,Patty Bun,Dead quiet without a match.
2024-10-07,C4,Kim Ketchup,Ran out of mustard at 4pm.
2024-10-07,W1,Rusty Mustard,Pigeons very bold today.
2024-10-07,W3,Bob Bratwurst,Dead quiet without a match.
2024-10-08,C1,Frank Furter,Normal day.
2024-10-08,C2,Sally Sauerkraut,Ran out of mustard at 4pm.
2024-10-08,C4,Kim Ketchup,Cyclist crashed into the umbrella. Everyone fine.
2024-10-08,W1,Rusty Mustard,Storm warning - closed for the day.
2024-10-08,W3,Bob Bratwurst,Storm warning - closed for the day.
2024-10-09,C1,Frank Furter,Cyclist crashed into the umbrella. Everyone fine.
2024-10-09,W2,Olga Onion,Street musician next to the stand - customers stayed longer.
2024-10-09,W3,Bob Bratwurst,Normal day.
2024-10-10,C1,Frank Furter,Ran out of mustard at 4pm.
2024-10-10,C2,Sally Sauerkraut,Normal day.
2024-10-10,C3,Patty Bun,"No event today, very quiet."
2024-10-10,C4,Kim Ketchup,A seagull stole a hot dog right out of a customer's hand.
2024-10-10,W2,Olga Onion,Pigeons very bold today.
2024-10-10,W3,Bob Bratwurst,Dead quiet without a match.
2024-10-11,C1,Frank Furter,Tourist asked why the red sausage is red. Nobody knows.
2024-10-11,C2,Sally Sauerkraut,Grill thermostat acting up again.
2024-10-11,C4,Kim Ketchup,Ran out of mustard at 4pm.
2024-10-11,W1,Rusty Mustard,Normal day.
2024-10-11,W3,Bob Bratwurst,Dead quiet without a match.
2024-10-12,C4,Kim Ketchup,Grill thermostat acting up again.
2024-10-12,W1,Rusty Mustard,Normal day.
2024-10-12,W2,Olga Onion,Pigeons very bold today.
2024-10-12,W3,Bob Bratwurst,Match day - sold out of chili dogs at half time.
2024-10-13,C4,Kim Ketchup,Cyclist crashed into the umbrella. Everyone fine.
2024-10-13,W1,Rusty Mustard,Normal day.
2024-10-13,W2,Olga Onion,"Busy lunch, calm afternoon."
2024-10-13,W3,Bob Bratwurst,"No event today, very quiet."
2024-10-14,C1,Frank Furter,Pouring rain all afternoon. Very slow.
2024-10-14,C2,Sally Sauerkraut,"Rain outside, but the station keeps us busy."
2024-10-14,C3,Patty Bun,Normal day.
2024-10-14,C4,Kim Ketchup,Pouring rain all afternoon. Very slow.
2024-10-14,W2,Olga Onion,Pigeons very bold today.
2024-10-14,W3,Bob Bratwurst,Dead quiet without a match.
2024-10-15,C1,Frank Furter,Grill thermostat acting up again.
2024-10-15,C3,Patty Bun,"No event today, very quiet."
2024-10-15,C4,Kim Ketchup,"Busy lunch, calm afternoon."
2024-10-15,W2,Olga Onion,Grill thermostat acting up again.
2024-10-15,W3,Bob Bratwurst,Dead quiet without a match.
2024-10-16,C2,Sally Sauerkraut,"Busy lunch, calm afternoon."
2024-10-16,C3,Patty Bun,Dead quiet without a match.
2024-10-16,W1,Rusty Mustard,Tourist ordered three zapiekankas and finished them all.
2024-10-16,W3,Bob Bratwurst,"No event today, very quiet."
2024-10-17,C3,Patty Bun,Normal day.
2024-10-17,C4,Kim Ketchup,Cyclist crashed into the umbrella. Everyone fine.
2024-10-17,W1,Rusty Mustard,Grill thermostat acting up again.
2024-10-17,W2,Olga Onion,Steady lunch rush.
2024-10-17,W3,Bob Bratwurst,"No event today, very quiet."
2024-10-18,C2,Sally Sauerkraut,Tourist asked why the red sausage is red. Nobody knows.
2024-10-18,C4,Kim Ketchup,Steady lunch rush.
2024-10-18,W1,Rusty Mustard,Ran out of buns at 5pm.
2024-10-18,W2,Olga Onion,Normal day.
2024-10-18,W3,Bob Bratwurst,Normal day.
2024-10-19,W1,Rusty Mustard,"Busy lunch, calm afternoon."
2024-10-19,W3,Bob Bratwurst,Dead quiet without a match.
2024-10-20,C1,Frank Furter,Storm warning - closed for the day.
2024-10-20,C3,Patty Bun,Storm warning - closed for the day.
2024-10-20,C4,Kim Ketchup,Storm warning - closed for the day.
2024-10-20,W1,Rusty Mustard,"Busy lunch, calm afternoon."
2024-10-21,C3,Patty Bun,"No event today, very quiet."
2024-10-21,W1,Rusty Mustard,Pigeons very bold today.
2024-10-21,W2,Olga Onion,Pigeons very bold today.
2024-10-21,W3,Bob Bratwurst,"No event today, very quiet."
2024-10-22,C1,Frank Furter,Pouring rain all afternoon. Very slow.
2024-10-22,C3,Patty Bun,"No event today, very quiet."
2024-10-22,C4,Kim Ketchup,Pouring rain all afternoon. Very slow.
2024-10-22,W2,Olga Onion,Tourist ordered three zapiekankas and finished them all.
2024-10-23,C1,Frank Furter,Grill thermostat acting up again.
2024-10-23,C2,Sally Sauerkraut,"Busy lunch, calm afternoon."
2024-10-23,W2,Olga Onion,Normal day.
2024-10-23,W3,Bob Bratwurst,Dead quiet without a match.
2024-10-24,C1,Frank Furter,Pouring rain all afternoon. Very slow.
2024-10-24,C2,Sally Sauerkraut,"Rain outside, but the station keeps us busy."
2024-10-24,C3,Patty Bun,"No event today, very quiet."
2024-10-24,W1,Rusty Mustard,Street musician next to the stand - customers stayed longer.
2024-10-24,W2,Olga Onion,Tourist ordered three zapiekankas and finished them all.
2024-10-24,W3,Bob Bratwurst,"No event today, very quiet."
2024-10-25,C2,Sally Sauerkraut,"Busy lunch, calm afternoon."
2024-10-25,C4,Kim Ketchup,A seagull stole a hot dog right out of a customer's hand.
2024-10-25,W2,Olga Onion,Tourist ordered three zapiekankas and finished them all.
2024-10-26,C3,Patty Bun,Normal day.
2024-10-26,C4,Kim Ketchup,"Busy lunch, calm afternoon."
2024-10-26,W1,Rusty Mustard,Grill thermostat acting up again.
2024-10-26,W2,Olga Onion,Pigeons very bold today.
2024-10-27,C2,Sally Sauerkraut,Normal day.
2024-10-27,C3,Patty Bun,Normal day.
2024-10-27,C4,Kim Ketchup,A seagull stole a hot dog right out of a customer's hand.
2024-10-27,W1,Rusty Mustard,Grill thermostat acting up again.
2024-10-28,C1,Frank Furter,"Busy lunch, calm afternoon."
2024-10-28,C2,Sally Sauerkraut,Normal day.
2024-10-28,C3,Patty Bun,Normal day.
2024-10-28,C4,Kim Ketchup,Steady lunch rush.
2024-10-28,W1,Rusty Mustard,Pigeons very bold today.
2024-10-28,W2,Olga Onion,Pigeons very bold today.
2024-10-28,W3,Bob Bratwurst,Dead quiet without a match.
2024-10-29,C1,Frank Furter,Grill thermostat acting up again.
2024-10-29,C2,Sally Sauerkraut,Steady lunch rush.
2024-10-29,C3,Patty Bun,"No event today, very quiet."
2024-10-29,W3,Bob Bratwurst,Dead quiet without a match.
2024-10-30,C3,Patty Bun,Dead quiet without a match.
2024-10-30,W1,Rusty Mustard,Street musician next to the stand - customers stayed longer.
2024-10-30,W2,Olga Onion,Tourist ordered three zapiekankas and finished them all.
2024-10-30,W3,Bob Bratwurst,Dead quiet without a match.
2024-10-31,C1,Frank Furter,"Busy lunch, calm afternoon."
2024-10-31,W1,Rusty Mustard,Pouring rain all afternoon. Very slow.
2024-10-31,W2,Olga Onion,"Rain outside, but the station keeps us busy."
2024-10-31,W3,Bob Bratwurst,Normal day.
2024-11-01,C3,Patty Bun,Dead quiet without a match.
2024-11-01,C4,Kim Ketchup,Cyclist crashed into the umbrella. Everyone fine.
2024-11-01,W2,Olga Onion,Pigeons very bold today.
2024-11-02,C3,Patty Bun,"No event today, very quiet."
2024-11-02,C4,Kim Ketchup,Normal day.
2024-11-02,W2,Olga Onion,"Busy lunch, calm afternoon."
2024-11-02,W3,Bob Bratwurst,"No event today, very quiet."
2024-11-03,C2,Sally Sauerkraut,"Rain outside, but the station keeps us busy."
2024-11-03,C4,Kim Ketchup,"Rain, rain, rain. Few customers."
2024-11-03,W3,Bob Bratwurst,"No event today, very quiet."
2024-11-04,C1,Frank Furter,Pouring rain all afternoon. Very slow.
2024-11-04,W1,Rusty Mustard,Street musician next to the stand - customers stayed longer.
2024-11-04,W3,Bob Bratwurst,Normal day.
2024-11-05,C3,Patty Bun,Dead quiet without a match.
2024-11-05,C4,Kim Ketchup,Pouring rain all afternoon. Very slow.
2024-11-06,C2,Sally Sauerkraut,Steady lunch rush.
2024-11-06,C4,Kim Ketchup,Cyclist crashed into the umbrella. Everyone fine.
2024-11-06,W3,Bob Bratwurst,Dead quiet without a match.
2024-11-07,C2,Sally Sauerkraut,A seagull stole a hot dog right out of a customer's hand.
2024-11-07,C3,Patty Bun,Dead quiet without a match.
2024-11-07,W1,Rusty Mustard,Street musician next to the stand - customers stayed longer.
2024-11-07,W3,Bob Bratwurst,Dead quiet without a match.
2024-11-08,C1,Frank Furter,Steady lunch rush.
2024-11-08,C2,Sally Sauerkraut,"Busy lunch, calm afternoon."
2024-11-08,C4,Kim Ketchup,Normal day.
2024-11-08,W2,Olga Onion,Tourist ordered three zapiekankas and finished them all.
2024-11-09,C2,Sally Sauerkraut,Ran out of mustard at 4pm.
2024-11-09,C3,Patty Bun,Dead quiet without a match.
2024-11-09,C4,Kim Ketchup,Steady lunch rush.
2024-11-09,W1,Rusty Mustard,Normal day.
2024-11-09,W2,Olga Onion,Street musician next to the stand - customers stayed longer.
2024-11-10,C2,Sally Sauerkraut,Ran out of mustard at 4pm.
2024-11-10,C3,Patty Bun,Dead quiet without a match.
2024-11-10,C4,Kim Ketchup,"Busy lunch, calm afternoon."
2024-11-10,W1,Rusty Mustard,Grill thermostat acting up again.
2024-11-11,C1,Frank Furter,Cyclist crashed into the umbrella. Everyone fine.
2024-11-11,W2,Olga Onion,Street musician next to the stand - customers stayed longer.
2024-11-12,C3,Patty Bun,"No event today, very quiet."
2024-11-12,W1,Rusty Mustard,Ran out of buns at 5pm.
2024-11-12,W2,Olga Onion,Tourist ordered three zapiekankas and finished them all.
2024-11-12,W3,Bob Bratwurst,"No event today, very quiet."
2024-11-13,C1,Frank Furter,Pouring rain all afternoon. Very slow.
2024-11-13,W1,Rusty Mustard,Ran out of buns at 5pm.
2024-11-13,W3,Bob Bratwurst,Dead quiet without a match.
2024-11-14,C4,Kim Ketchup,Ran out of mustard at 4pm.
2024-11-14,W1,Rusty Mustard,"Busy lunch, calm afternoon."
2024-11-14,W3,Bob Bratwurst,"No event today, very quiet."
2024-11-15,C1,Frank Furter,Tourist asked why the red sausage is red. Nobody knows.
2024-11-15,C3,Patty Bun,Dead quiet without a match.
2024-11-15,C4,Kim Ketchup,Ran out of mustard at 4pm.
2024-11-15,W1,Rusty Mustard,Normal day.
2024-11-15,W2,Olga Onion,"Busy lunch, calm afternoon."
2024-11-16,C1,Frank Furter,Normal day.
2024-11-16,C4,Kim Ketchup,Steady lunch rush.
2024-11-17,C1,Frank Furter,Storm warning - closed for the day.
2024-11-17,C2,Sally Sauerkraut,"Rain outside, but the station keeps us busy."
2024-11-17,C3,Patty Bun,Storm warning - closed for the day.
2024-11-17,C4,Kim Ketchup,Storm warning - closed for the day.
2024-11-18,C1,Frank Furter,Cyclist crashed into the umbrella. Everyone fine.
2024-11-18,C2,Sally Sauerkraut,Tourist asked why the red sausage is red. Nobody knows.
2024-11-18,C4,Kim Ketchup,Normal day.
2024-11-18,W1,Rusty Mustard,Storm warning - closed for the day.
2024-11-18,W2,Olga Onion,"Rain outside, but the station keeps us busy."
2024-11-18,W3,Bob Bratwurst,Storm warning - closed for the day.
2024-11-19,W1,Rusty Mustard,Normal day.
2024-11-19,W2,Olga Onion,Steady lunch rush.
2024-11-20,C1,Frank Furter,A seagull stole a hot dog right out of a customer's hand.
2024-11-20,C2,Sally Sauerkraut,Tourist asked why the red sausage is red. Nobody knows.
2024-11-20,C3,Patty Bun,Dead quiet without a match.
2024-11-20,C4,Kim Ketchup,Tourist asked why the red sausage is red. Nobody knows.
2024-11-20,W1,Rusty Mustard,Tourist ordered three zapiekankas and finished them all.
2024-11-20,W2,Olga Onion,Normal day.
2024-11-21,C1,Frank Furter,Storm warning - closed for the day.
2024-11-21,C3,Patty Bun,Storm warning - closed for the day.
2024-11-21,C4,Kim Ketchup,Storm warning - closed for the day.
2024-11-21,W1,Rusty Mustard,Normal day.
2024-11-21,W3,Bob Bratwurst,"No event today, very quiet."
2024-11-22,C1,Frank Furter,Christmas market crowds. Chocolate milk flying off the shelf.
2024-11-22,W3,Bob Bratwurst,Dead quiet without a match.
2024-11-23,C1,Frank Furter,Normal day.
2024-11-23,C2,Sally Sauerkraut,Normal day.
2024-11-23,C4,Kim Ketchup,A seagull stole a hot dog right out of a customer's hand.
2024-11-23,W2,Olga Onion,Grill thermostat acting up again.
2024-11-24,C1,Frank Furter,Christmas market crowds. Chocolate milk flying off the shelf.
2024-11-24,C4,Kim Ketchup,Cyclist crashed into the umbrella. Everyone fine.
2024-11-24,W1,Rusty Mustard,Christmas market crowds. Chocolate milk flying off the shelf.
2024-11-24,W2,Olga Onion,Ran out of buns at 5pm.
2024-11-24,W3,Bob Bratwurst,Normal day.
2024-11-25,C1,Frank Furter,Christmas market crowds. Chocolate milk flying off the shelf.
2024-11-25,C2,Sally Sauerkraut,Grill thermostat acting up again.
2024-11-25,C3,Patty Bun,Normal day.
2024-11-25,C4,Kim Ketchup,Tourist asked why the red sausage is red. Nobody knows.
2024-11-25,W1,Rusty Mustard,Christmas market crowds. Chocolate milk flying off the shelf.
2024-11-25,W2,Olga Onion,Tourist ordered three zapiekankas and finished them all.
2024-11-26,C1,Frank Furter,A seagull stole a hot dog right out of a customer's hand.
2024-11-26,C2,Sally Sauerkraut,Grill thermostat acting up again.
2024-11-26,C3,Patty Bun,Dead quiet without a match.
2024-11-26,W1,Rusty Mustard,Christmas market crowds. Chocolate milk flying off the shelf.
2024-11-26,W2,Olga Onion,Tourist ordered three zapiekankas and finished them all.
2024-11-26,W3,Bob Bratwurst,"No event today, very quiet."
2024-11-27,C1,Frank Furter,"Busy lunch, calm afternoon."
2024-11-27,C2,Sally Sauerkraut,Grill thermostat acting up again.
2024-11-27,C3,Patty Bun,"No event today, very quiet."
2024-11-27,W1,Rusty Mustard,Christmas market crowds. Chocolate milk flying off the shelf.
2024-11-27,W2,Olga Onion,Tourist ordered three zapiekankas and finished them all.
2024-11-27,W3,Bob Bratwurst,Dead quiet without a match.
2024-11-28,C1,Frank Furter,"Busy lunch, calm afternoon."
2024-11-28,C2,Sally Sauerkraut,Tourist asked why the red sausage is red. Nobody knows.
2024-11-28,C3,Patty Bun,Dead quiet without a match.
2024-11-28,W1,Rusty Mustard,Christmas market crowds. Chocolate milk flying off the shelf.
2024-11-28,W3,Bob Bratwurst,"No event today, very quiet."
2024-11-29,C1,Frank Furter,A seagull stole a hot dog right out of a customer's hand.
2024-11-29,C2,Sally Sauerkraut,Cyclist crashed into the umbrella. Everyone fine.
2024-11-29,C3,Patty Bun,"No event today, very quiet."
2024-11-29,W1,Rusty Mustard,Christmas market crowds. Chocolate milk flying off the shelf.
2024-11-30,C2,Sally Sauerkraut,Ran out of mustard at 4pm.
2024-11-30,C4,Kim Ketchup,Ran out of mustard at 4pm.
2024-11-30,W1,Rusty Mustard,Christmas market crowds. Chocolate milk flying off the shelf.
2024-11-30,W2,Olga Onion,Ran out of buns at 5pm.
2024-12-01,C1,Frank Furter,Pouring rain all afternoon. Very slow.
2024-12-01,C3,Patty Bun,"Football crowd, crazy busy for two hours."
2024-12-01,W1,Rusty Mustard,Tourist ordered three zapiekankas and finished them all.
2024-12-01,W2,Olga Onion,Tourist ordered three zapiekankas and finished them all.
2024-12-02,C4,Kim Ketchup,Grill thermostat acting up again.
2024-12-02,W3,Bob Bratwurst,Dead quiet without a match.
2024-12-03,C2,Sally Sauerkraut,Steady lunch rush.
2024-12-03,C3,Patty Bun,"No event today, very quiet."
2024-12-03,C4,Kim Ketchup,Tourist asked why the red sausage is red. Nobody knows.
2024-12-03,W3,Bob Bratwurst,Normal day.
2024-12-04,C1,Frank Furter,Tourist asked why the red sausage is red. Nobody knows.
2024-12-04,C2,Sally Sauerkraut,Grill thermostat acting up again.
2024-12-04,C4,Kim Ketchup,Tourist asked why the red sausage is red. Nobody knows.
2024-12-04,W3,Bob Bratwurst,Dead quiet without a match.
2024-12-05,C1,Frank Furter,"Rain, rain, rain. Few customers."
2024-12-05,C2,Sally Sauerkraut,"Rain outside, but the station keeps us busy."
2024-12-05,C3,Patty Bun,Dead quiet without a match.
2024-12-05,C4,Kim Ketchup,"Rain, rain, rain. Few customers."
2024-12-05,W1,Rusty Mustard,Christmas market crowds. Chocolate milk flying off the shelf.
2024-12-05,W3,Bob Bratwurst,Dead quiet without a match.
2024-12-06,C2,Sally Sauerkraut,"Rain outside, but the station keeps us busy."
2024-12-06,C3,Patty Bun,Normal day.
2024-12-06,C4,Kim Ketchup,Pouring rain all afternoon. Very slow.
2024-12-06,W1,Rusty Mustard,Christmas market crowds. Chocolate milk flying off the shelf.
2024-12-06,W2,Olga Onion,Street musician next to the stand - customers stayed longer.
2024-12-06,W3,Bob Bratwurst,"No event today, very quiet."
2024-12-07,C2,Sally Sauerkraut,Grill thermostat acting up again.
2024-12-07,C4,Kim Ketchup,Tourist asked why the red sausage is red. Nobody knows.
2024-12-07,W1,Rusty Mustard,Christmas market crowds. Chocolate milk flying off the shelf.
2024-12-07,W2,Olga Onion,Normal day.
2024-12-07,W3,Bob Bratwurst,Match day - sold out of chili dogs at half time.
2024-12-08,C1,Frank Furter,Christmas market crowds. Chocolate milk flying off the shelf.
2024-12-08,C2,Sally Sauerkraut,Grill thermostat acting up again.
2024-12-08,C4,Kim Ketchup,"Busy lunch, calm afternoon."
2024-12-08,W1,Rusty Mustard,Christmas market crowds. Chocolate milk flying off the shelf.
2024-12-08,W3,Bob Bratwurst,Dead quiet without a match.
2024-12-09,C1,Frank Furter,Normal day.
2024-12-09,C3,Patty Bun,Dead quiet without a match.
2024-12-09,W1,Rusty Mustard,Christmas market crowds. Chocolate milk flying off the shelf.
2024-12-10,C1,Frank Furter,Christmas market crowds. Chocolate milk flying off the shelf.
2024-12-10,C2,Sally Sauerkraut,"Rain outside, but the station keeps us busy."
2024-12-10,W3,Bob Bratwurst,Dead quiet without a match.
2024-12-11,C1,Frank Furter,"Busy lunch, calm afternoon."
2024-12-12,C2,Sally Sauerkraut,A seagull stole a hot dog right out of a customer's hand.
2024-12-12,C3,Patty Bun,Normal day.
2024-12-12,W1,Rusty Mustard,Storm warning - closed for the day.
2024-12-12,W3,Bob Bratwurst,Storm warning - closed for the day.
2024-12-13,C1,Frank Furter,Cyclist crashed into the umbrella. Everyone fine.
2024-12-13,C2,Sally Sauerkraut,Cyclist crashed into the umbrella. Everyone fine.
2024-12-13,C3,Patty Bun,"No event today, very quiet."
2024-12-14,C1,Frank Furter,Christmas market crowds. Chocolate milk flying off the shelf.
2024-12-14,C3,Patty Bun,Dead quiet without a match.
2024-12-14,C4,Kim Ketchup,"Rain, rain, rain. Few customers."
2024-12-14,W1,Rusty Mustard,Christmas market crowds. Chocolate milk flying off the shelf.
2024-12-15,C1,Frank Furter,Christmas market crowds. Chocolate milk flying off the shelf.
2024-12-15,C2,Sally Sauerkraut,Steady lunch rush.
2024-12-15,C4,Kim Ketchup,Tourist asked why the red sausage is red. Nobody knows.
2024-12-15,W1,Rusty Mustard,Christmas market crowds. Chocolate milk flying off the shelf.
2024-12-16,C1,Frank Furter,Grill thermostat acting up again.
2024-12-16,C2,Sally Sauerkraut,"Busy lunch, calm afternoon."
2024-12-16,C3,Patty Bun,Normal day.
2024-12-16,C4,Kim Ketchup,Normal day.
2024-12-16,W1,Rusty Mustard,Steady lunch rush.
2024-12-16,W2,Olga Onion,Steady lunch rush.
2024-12-16,W3,Bob Bratwurst,Dead quiet without a match.
2024-12-17,C2,Sally Sauerkraut,"Rain outside, but the station keeps us busy."
2024-12-17,W1,Rusty Mustard,Christmas market crowds. Chocolate milk flying off the shelf.
2024-12-17,W2,Olga Onion,"Rain outside, but the station keeps us busy."
2024-12-17,W3,Bob Bratwurst,Normal day.
2024-12-18,C1,Frank Furter,Pouring rain all afternoon. Very slow.
2024-12-18,C2,Sally Sauerkraut,"Rain outside, but the station keeps us busy."
2024-12-18,C3,Patty Bun,Normal day.
2024-12-18,C4,Kim Ketchup,Pouring rain all afternoon. Very slow.
2024-12-19,C1,Frank Furter,Christmas market crowds. Chocolate milk flying off the shelf.
2024-12-19,C2,Sally Sauerkraut,Steady lunch rush.
2024-12-19,W1,Rusty Mustard,Christmas market crowds. Chocolate milk flying off the shelf.
2024-12-19,W3,Bob Bratwurst,Dead quiet without a match.
2024-12-20,C1,Frank Furter,Christmas market crowds. Chocolate milk flying off the shelf.
2024-12-20,C2,Sally Sauerkraut,"Rain outside, but the station keeps us busy."
2024-12-20,C3,Patty Bun,Dead quiet without a match.
2024-12-20,W2,Olga Onion,Pigeons very bold today.
2024-12-21,C3,Patty Bun,Dead quiet without a match.
2024-12-21,C4,Kim Ketchup,A seagull stole a hot dog right out of a customer's hand.
2024-12-21,W1,Rusty Mustard,Pouring rain all afternoon. Very slow.
2024-12-21,W3,Bob Bratwurst,Dead quiet without a match.
2024-12-22,C2,Sally Sauerkraut,"Rain outside, but the station keeps us busy."
2024-12-22,C3,Patty Bun,Normal day.
2024-12-22,C4,Kim Ketchup,Pouring rain all afternoon. Very slow.
2024-12-22,W1,Rusty Mustard,Christmas market crowds. Chocolate milk flying off the shelf.
2024-12-22,W2,Olga Onion,"Busy lunch, calm afternoon."
2024-12-22,W3,Bob Bratwurst,Dead quiet without a match.
2024-12-23,C1,Frank Furter,"Busy lunch, calm afternoon."
2024-12-23,C2,Sally Sauerkraut,Cyclist crashed into the umbrella. Everyone fine.
2024-12-23,C3,Patty Bun,Normal day.
2024-12-23,C4,Kim Ketchup,Grill thermostat acting up again.
2024-12-23,W1,Rusty Mustard,"Busy lunch, calm afternoon."
2024-12-23,W3,Bob Bratwurst,Dead quiet without a match.
2024-12-24,C1,Frank Furter,Grill thermostat acting up again.
2024-12-24,C4,Kim Ketchup,Cyclist crashed into the umbrella. Everyone fine.
2024-12-24,W1,Rusty Mustard,Steady lunch rush.
2024-12-24,W2,Olga Onion,"Busy lunch, calm afternoon."
2024-12-25,C4,Kim Ketchup,Pouring rain all afternoon. Very slow.
2024-12-25,W2,Olga Onion,"Rain outside, but the station keeps us busy."
2024-12-25,W3,Bob Bratwurst,"No event today, very quiet."
2024-12-26,C3,Patty Bun,Dead quiet without a match.
2024-12-26,W1,Rusty Mustard,Grill thermostat acting up again.
2024-12-26,W2,Olga Onion,Tourist ordered three zapiekankas and finished them all.
2024-12-26,W3,Bob Bratwurst,Normal day.
2024-12-27,C1,Frank Furter,A seagull stole a hot dog right out of a customer's hand.
2024-12-27,C2,Sally Sauerkraut,"Busy lunch, calm afternoon."
2024-12-27,C3,Patty Bun,Dead quiet without a match.
2024-12-27,C4,Kim Ketchup,Normal day.
2024-12-27,W1,Rusty Mustard,Street musician next to the stand - customers stayed longer.
2024-12-27,W2,Olga Onion,Steady lunch rush.
2024-12-27,W3,Bob Bratwurst,Dead quiet without a match.
2024-12-28,C3,Patty Bun,Normal day.
2024-12-28,C4,Kim Ketchup,"Busy lunch, calm afternoon."
2024-12-28,W1,Rusty Mustard,Grill thermostat acting up again.
2024-12-28,W2,Olga Onion,Tourist ordered three zapiekankas and finished them all.
2024-12-29,C2,Sally Sauerkraut,Cyclist crashed into the umbrella. Everyone fine.
2024-12-29,C3,Patty Bun,"No event today, very quiet."
2024-12-29,C4,Kim Ketchup,Normal day.
2024-12-29,W1,Rusty Mustard,Pigeons very bold today.
2024-12-30,C1,Frank Furter,Cyclist crashed into the umbrella. Everyone fine.
2024-12-30,C2,Sally Sauerkraut,Cyclist crashed into the umbrella. Everyone fine.
2024-12-30,C3,Patty Bun,Normal day.
2024-12-30,C4,Kim Ketchup,Tourist asked why the red sausage is red. Nobody knows.
2024-12-30,W1,Rusty Mustard,"Busy lunch, calm afternoon."
2024-12-30,W2,Olga Onion,Grill thermostat acting up again.
2024-12-31,C1,Frank Furter,"Rain, rain, rain. Few customers."
2024-12-31,C2,Sally Sauerkraut,"Rain outside, but the station keeps us busy."
2024-12-31,C3,Patty Bun,"No event today, very quiet."
2024-12-31,W1,Rusty Mustard,Street musician next to the stand - customers stayed longer.
2024-12-31,W2,Olga Onion,Grill thermostat acting up again.
2025-01-01,C2,Sally Sauerkraut,Cyclist crashed into the umbrella. Everyone fine.
2025-01-01,C3,Patty Bun,Dead quiet without a match.
2025-01-01,W3,Bob Bratwurst,"No event today, very quiet."
2025-01-02,C2,Sally Sauerkraut,A seagull stole a hot dog right out of a customer's hand.
2025-01-02,C3,Patty Bun,Dead quiet without a match.
2025-01-02,C4,Kim Ketchup,Normal day.
2025-01-02,W1,Rusty Mustard,"Busy lunch, calm afternoon."
2025-01-02,W2,Olga Onion,Grill thermostat acting up again.
2025-01-03,C1,Frank Furter,A seagull stole a hot dog right out of a customer's hand.
2025-01-03,C3,Patty Bun,Dead quiet without a match.
2025-01-03,C4,Kim Ketchup,A seagull stole a hot dog right out of a customer's hand.
2025-01-03,W1,Rusty Mustard,Storm warning - closed for the day.
2025-01-03,W3,Bob Bratwurst,Storm warning - closed for the day.
2025-01-04,C1,Frank Furter,Normal day.
2025-01-04,C2,Sally Sauerkraut,Grill thermostat acting up again.
2025-01-04,C4,Kim Ketchup,"Busy lunch, calm afternoon."
2025-01-04,W1,Rusty Mustard,Normal day.
2025-01-04,W2,Olga Onion,Tourist ordered three zapiekankas and finished them all.
2025-01-04,W3,Bob Bratwurst,"No event today, very quiet."
2025-01-05,C1,Frank Furter,Tourist asked why the red sausage is red. Nobody knows.
2025-01-05,C2,Sally Sauerkraut,Cyclist crashed into the umbrella. Everyone fine.
2025-01-05,C3,Patty Bun,Dead quiet without a match.
2025-01-05,W1,Rusty Mustard,Pigeons very bold today.
2025-01-05,W2,Olga Onion,Normal day.
2025-01-06,C1,Frank Furter,Steady lunch rush.
2025-01-06,C2,Sally Sauerkraut,Tourist asked why the red sausage is red. Nobody knows.
2025-01-06,C4,Kim Ketchup,A seagull stole a hot dog right out of a customer's hand.
2025-01-06,W1,Rusty Mustard,Ran out of buns at 5pm.
2025-01-07,C1,Frank Furter,Grill thermostat acting up again.
2025-01-07,C3,Patty Bun,Dead quiet without a match.
2025-01-07,W2,Olga Onion,Grill thermostat acting up again.
2025-01-08,C1,Frank Furter,Steady lunch rush.
2025-01-08,C3,Patty Bun,Dead quiet without a match.
2025-01-08,C4,Kim Ketchup,Normal day.
2025-01-08,W1,Rusty Mustard,"Busy lunch, calm afternoon."
2025-01-08,W3,Bob Bratwurst,"No event today, very quiet."
2025-01-09,C2,Sally Sauerkraut,A seagull stole a hot dog right out of a customer's hand.
2025-01-09,C3,Patty Bun,"No event today, very quiet."
2025-01-09,W2,Olga Onion,Pigeons very bold today.
2025-01-09,W3,Bob Bratwurst,Normal day.
2025-01-10,W1,Rusty Mustard,Ran out of buns at 5pm.
2025-01-10,W2,Olga Onion,Normal day.
2025-01-10,W3,Bob Bratwurst,Normal day.
2025-01-11,C1,Frank Furter,Cyclist crashed into the umbrella. Everyone fine.
2025-01-11,C2,Sally Sauerkraut,Steady lunch rush.
2025-01-11,C3,Patty Bun,"No event today, very quiet."
2025-01-11,C4,Kim Ketchup,Cyclist crashed into the umbrella. Everyone fine.
2025-01-11,W1,Rusty Mustard,Pouring rain all afternoon. Very slow.
2025-01-11,W2,Olga Onion,"Rain outside, but the station keeps us busy."
2025-01-11,W3,Bob Bratwurst,Normal day.
2025-01-12,C1,Frank Furter,Steady lunch rush.
2025-01-12,C2,Sally Sauerkraut,Ran out of mustard at 4pm.
2025-01-12,C3,Patty Bun,"No event today, very quiet."
2025-01-12,C4,Kim Ketchup,Normal day.
2025-01-12,W2,Olga Onion,Tourist ordered three zapiekankas and finished them all.
2025-01-13,C1,Frank Furter,Tourist asked why the red sausage is red. Nobody knows.
2025-01-13,C2,Sally Sauerkraut,Ran out of mustard at 4pm.
2025-01-13,C4,Kim Ketchup,Steady lunch rush.
2025-01-13,W1,Rusty Mustard,Street musician next to the stand - customers stayed longer.
2025-01-13,W3,Bob Bratwurst,Normal day.
2025-01-14,C1,Frank Furter,Tourist asked why the red sausage is red. Nobody knows.
2025-01-14,W1,Rusty Mustard,Pouring rain all afternoon. Very slow.
2025-01-14,W3,Bob Bratwurst,"No event today, very quiet."
2025-01-15,C1,Frank Furter,Normal day.
2025-01-15,C2,Sally Sauerkraut,A seagull stole a hot dog right out of a customer's hand.
2025-01-15,C4,Kim Ketchup,"Busy lunch, calm afternoon."
2025-01-15,W2,Olga Onion,Ran out of buns at 5pm.
2025-01-15,W3,Bob Bratwurst,"No event today, very quiet."
2025-01-16,C1,Frank Furter,Grill thermostat acting up again.
2025-01-16,C2,Sally Sauerkraut,Tourist asked why the red sausage is red. Nobody knows.
2025-01-16,W1,Rusty Mustard,"Busy lunch, calm afternoon."
2025-01-17,C1,Frank Furter,Tourist asked why the red sausage is red. Nobody knows.
2025-01-17,C3,Patty Bun,"No event today, very quiet."
2025-01-17,C4,Kim Ketchup,Ran out of mustard at 4pm.
2025-01-17,W1,Rusty Mustard,Normal day.
2025-01-17,W3,Bob Bratwurst,Normal day.
2025-01-18,C2,Sally Sauerkraut,A seagull stole a hot dog right out of a customer's hand.
2025-01-18,C3,Patty Bun,"No event today, very quiet."
2025-01-18,W1,Rusty Mustard,Grill thermostat acting up again.
2025-01-18,W3,Bob Bratwurst,Dead quiet without a match.
2025-01-19,C1,Frank Furter,Ran out of mustard at 4pm.
2025-01-19,C2,Sally Sauerkraut,Steady lunch rush.
2025-01-19,W2,Olga Onion,Steady lunch rush.
2025-01-20,C1,Frank Furter,Cyclist crashed into the umbrella. Everyone fine.
2025-01-20,C2,Sally Sauerkraut,"Busy lunch, calm afternoon."
2025-01-20,C3,Patty Bun,Normal day.
2025-01-20,C4,Kim Ketchup,A seagull stole a hot dog right out of a customer's hand.
2025-01-20,W2,Olga Onion,Street musician next to the stand - customers stayed longer.
2025-01-21,C2,Sally Sauerkraut,"Busy lunch, calm afternoon."
2025-01-21,C3,Patty Bun,Dead quiet without a match.
2025-01-21,C4,Kim Ketchup,Steady lunch rush.
2025-01-21,W1,Rusty Mustard,Grill thermostat acting up again.
2025-01-21,W3,Bob Bratwurst,"No event today, very quiet."
2025-01-22,C1,Frank Furter,Ran out of mustard at 4pm.
2025-01-22,C2,Sally Sauerkraut,Steady lunch rush.
2025-01-22,W2,Olga Onion,Steady lunch rush.
2025-01-22,W3,Bob Bratwurst,Dead quiet without a match.
2025-01-23,C1,Frank Furter,"Rain, rain, rain. Few customers."
2025-01-23,C3,Patty Bun,Normal day.
2025-01-23,C4,Kim Ketchup,"Rain, rain, rain. Few customers."
2025-01-23,W1,Rusty Mustard,Ran out of buns at 5pm.
2025-01-23,W2,Olga Onion,Normal day.
2025-01-24,C3,Patty Bun,"No event today, very quiet."
2025-01-24,C4,Kim Ketchup,A seagull stole a hot dog right out of a customer's hand.
2025-01-24,W1,Rusty Mustard,Storm warning - closed for the day.
2025-01-24,W2,Olga Onion,"Rain outside, but the station keeps us busy."
2025-01-24,W3,Bob Bratwurst,Storm warning - closed for the day.
2025-01-25,C2,Sally Sauerkraut,Cyclist crashed into the umbrella. Everyone fine.
2025-01-25,C3,Patty Bun,Dead quiet without a match.
2025-01-25,C4,Kim Ketchup,Ran out of mustard at 4pm.
2025-01-25,W1,Rusty Mustard,Steady lunch rush.
2025-01-25,W2,Olga Onion,"Busy lunch, calm afternoon."
2025-01-25,W3,Bob Bratwurst,Normal day.
2025-01-26,C1,Frank Furter,Grill thermostat acting up again.
2025-01-26,C2,Sally Sauerkraut,"Busy lunch, calm afternoon."
2025-01-26,C3,Patty Bun,"No event today, very quiet."
2025-01-26,W2,Olga Onion,Pigeons very bold today.
2025-01-26,W3,Bob Bratwurst,Normal day.
2025-01-27,C1,Frank Furter,Cyclist crashed into the umbrella. Everyone fine.
2025-01-27,C3,Patty Bun,"No event today, very quiet."
2025-01-27,W2,Olga Onion,Street musician next to the stand - customers stayed longer.
2025-01-28,C1,Frank Furter,Pouring rain all afternoon. Very slow.
2025-01-28,C2,Sally Sauerkraut,"Rain outside, but the station keeps us busy."
2025-01-28,C4,Kim Ketchup,Pouring rain all afternoon. Very slow.
2025-01-29,C1,Frank Furter,Normal day.
2025-01-29,W2,Olga Onion,Grill thermostat acting up again.
2025-01-29,W3,Bob Bratwurst,"No event today, very quiet."
2025-01-30,C1,Frank Furter,"Rain, rain, rain. Few customers."
2025-01-30,C2,Sally Sauerkraut,"Rain outside, but the station keeps us busy."
2025-01-30,C3,Patty Bun,"No event today, very quiet."
2025-01-30,C4,Kim Ketchup,Pouring rain all afternoon. Very slow.
2025-01-30,W3,Bob Bratwurst,"No event today, very quiet."
2025-01-31,C1,Frank Furter,Cyclist crashed into the umbrella. Everyone fine.
2025-01-31,C2,Sally Sauerkraut,Cyclist crashed into the umbrella. Everyone fine.
2025-01-31,C3,Patty Bun,"No event today, very quiet."
2025-01-31,C4,Kim Ketchup,Tourist asked why the red sausage is red. Nobody knows.
2025-01-31,W2,Olga Onion,Tourist ordered three zapiekankas and finished them all.
2025-01-31,W3,Bob Bratwurst,Normal day.
2025-02-01,C1,Frank Furter,Grill thermostat acting up again.
2025-02-01,C2,Sally Sauerkraut,Ran out of mustard at 4pm.
2025-02-01,C3,Patty Bun,Normal day.
2025-02-01,C4,Kim Ketchup,Grill thermostat acting up again.
2025-02-01,W3,Bob Bratwurst,"No event today, very quiet."
2025-02-02,C4,Kim Ketchup,Steady lunch rush.
2025-02-02,W2,Olga Onion,Grill thermostat acting up again.
2025-02-02,W3,Bob Bratwurst,Normal day.
2025-02-03,C1,Frank Furter,Storm warning - closed for the day.
2025-02-03,C3,Patty Bun,Storm warning - closed for the day.
2025-02-03,C4,Kim Ketchup,Storm warning - closed for the day.
2025-02-03,W2,Olga Onion,Normal day.
2025-02-03,W3,Bob Bratwurst,Normal day.
2025-02-04,C1,Frank Furter,Tourist asked why the red sausage is red. Nobody knows.
2025-02-04,C2,Sally Sauerkraut,Tourist asked why the red sausage is red. Nobody knows.
2025-02-04,C4,Kim Ketchup,Ran out of mustard at 4pm.
2025-02-04,W1,Rusty Mustard,Grill thermostat acting up again.
2025-02-04,W2,Olga Onion,Street musician next to the stand - customers stayed longer.
2025-02-04,W3,Bob Bratwurst,"No event today, very quiet."
2025-02-05,C1,Frank Furter,Tourist asked why the red sausage is red. Nobody knows.
2025-02-05,C4,Kim Ketchup,"Busy lunch, calm afternoon."
2025-02-05,W2,Olga Onion,Tourist ordered three zapiekankas and finished them all.
2025-02-06,C1,Frank Furter,Ran out of mustard at 4pm.
2025-02-06,C3,Patty Bun,Normal day.
2025-02-06,W1,Rusty Mustard,Ran out of buns at 5pm.
2025-02-06,W2,Olga Onion,Grill thermostat acting up again.
2025-02-06,W3,Bob Bratwurst,Dead quiet without a match.
2025-02-07,C1,Frank Furter,Normal day.
2025-02-07,C2,Sally Sauerkraut,Tourist asked why the red sausage is red. Nobody knows.
2025-02-07,C3,Patty Bun,"No event today, very quiet."
2025-02-07,C4,Kim Ketchup,Cyclist crashed into the umbrella. Everyone fine.
2025-02-07,W1,Rusty Mustard,Steady lunch rush.
2025-02-07,W2,Olga Onion,"Busy lunch, calm afternoon."
2025-02-07,W3,Bob Bratwurst,Dead quiet without a match.
2025-02-08,C1,Frank Furter,Normal day.
2025-02-08,C2,Sally Sauerkraut,Normal day.
2025-02-08,W1,Rusty Mustard,Steady lunch rush.
2025-02-08,W2,Olga Onion,Ran out of buns at 5pm.
2025-02-08,W3,Bob Bratwurst,Normal day.
2025-02-09,C1,Frank Furter,"Rain, rain, rain. Few customers."
2025-02-09,C2,Sally Sauerkraut,"Rain outside, but the station keeps us busy."
2025-02-09,C4,Kim Ketchup,"Rain, rain, rain. Few customers."
2025-02-09,W1,Rusty Mustard,Tourist ordered three zapiekankas and finished them all.
2025-02-09,W3,Bob Bratwurst,Dead quiet without a match.
2025-02-10,C4,Kim Ketchup,Grill thermostat acting up again.
2025-02-10,W3,Bob Bratwurst,"No event today, very quiet."
2025-02-11,C1,Frank Furter,Tourist asked why the red sausage is red. Nobody knows.
2025-02-11,C2,Sally Sauerkraut,Normal day.
2025-02-11,C4,Kim Ketchup,"Busy lunch, calm afternoon."
2025-02-11,W3,Bob Bratwurst,Dead quiet without a match.
2025-02-12,C1,Frank Furter,Steady lunch rush.
2025-02-12,C2,Sally Sauerkraut,A seagull stole a hot dog right out of a customer's hand.
2025-02-12,C4,Kim Ketchup,Tourist asked why the red sausage is red. Nobody knows.
2025-02-12,W3,Bob Bratwurst,Normal day.
2025-02-13,C1,Frank Furter,A seagull stole a hot dog right out of a customer's hand.
2025-02-13,C2,Sally Sauerkraut,Cyclist crashed into the umbrella. Everyone fine.
2025-02-13,C3,Patty Bun,Normal day.
2025-02-13,W3,Bob Bratwurst,Dead quiet without a match.
2025-02-14,C1,Frank Furter,A seagull stole a hot dog right out of a customer's hand.
2025-02-14,W3,Bob Bratwurst,Normal day.
2025-02-15,C1,Frank Furter,Ran out of mustard at 4pm.
2025-02-15,C3,Patty Bun,Normal day.
2025-02-15,C4,Kim Ketchup,Grill thermostat acting up again.
2025-02-15,W2,Olga Onion,Pigeons very bold today.
2025-02-15,W3,Bob Bratwurst,"Football crowd, crazy busy for two hours."
2025-02-16,C3,Patty Bun,Match day - sold out of chili dogs at half time.
2025-02-16,W1,Rusty Mustard,Normal day.
2025-02-17,C1,Frank Furter,"Rain, rain, rain. Few customers."
2025-02-17,C3,Patty Bun,Normal day.
2025-02-17,W2,Olga Onion,Tourist ordered three zapiekankas and finished them all.
2025-02-17,W3,Bob Bratwurst,"No event today, very quiet."
2025-02-18,C1,Frank Furter,Grill thermostat acting up again.
2025-02-18,C2,Sally Sauerkraut,Normal day.
2025-02-18,C4,Kim Ketchup,A seagull stole a hot dog right out of a customer's hand.
2025-02-18,W1,Rusty Mustard,Pigeons very bold today.
2025-02-18,W2,Olga Onion,Tourist ordered three zapiekankas and finished them all.
2025-02-19,C1,Frank Furter,"Busy lunch, calm afternoon."
2025-02-19,C2,Sally Sauerkraut,Steady lunch rush.
2025-02-19,W1,Rusty Mustard,Storm warning - closed for the day.
2025-02-19,W2,Olga Onion,"Rain outside, but the station keeps us busy."
2025-02-19,W3,Bob Bratwurst,Storm warning - closed for the day.
2025-02-20,C1,Frank Furter,A seagull stole a hot dog right out of a customer's hand.
2025-02-20,C2,Sally Sauerkraut,Cyclist crashed into the umbrella. Everyone fine.
2025-02-20,C3,Patty Bun,Dead quiet without a match.
2025-02-20,C4,Kim Ketchup,Normal day.
2025-02-20,W1,Rusty Mustard,Grill thermostat acting up again.
2025-02-21,C2,Sally Sauerkraut,Tourist asked why the red sausage is red. Nobody knows.
2025-02-21,C4,Kim Ketchup,Steady lunch rush.
2025-02-21,W1,Rusty Mustard,Pigeons very bold today.
2025-02-22,C1,Frank Furter,Pouring rain all afternoon. Very slow.
2025-02-22,C2,Sally Sauerkraut,"Rain outside, but the station keeps us busy."
2025-02-22,C3,Patty Bun,Normal day.
2025-02-22,W2,Olga Onion,Tourist ordered three zapiekankas and finished them all.
2025-02-22,W3,Bob Bratwurst,"No event today, very quiet."
2025-02-23,C2,Sally Sauerkraut,Tourist asked why the red sausage is red. Nobody knows.
2025-02-23,C3,Patty Bun,"Football crowd, crazy busy for two hours."
2025-02-23,C4,Kim Ketchup,Tourist asked why the red sausage is red. Nobody knows.
2025-02-23,W1,Rusty Mustard,Street musician next to the stand - customers stayed longer.
2025-02-23,W2,Olga Onion,Normal day.
2025-02-23,W3,Bob Bratwurst,"No event today, very quiet."
2025-02-24,C3,Patty Bun,Dead quiet without a match.
2025-02-24,C4,Kim Ketchup,Steady lunch rush.
2025-02-24,W2,Olga Onion,"Busy lunch, calm afternoon."
2025-02-24,W3,Bob Bratwurst,Dead quiet without a match.
2025-02-25,C1,Frank Furter,Tourist asked why the red sausage is red. Nobody knows.
2025-02-25,C2,Sally Sauerkraut,"Busy lunch, calm afternoon."
2025-02-25,C4,Kim Ketchup,Tourist asked why the red sausage is red. Nobody knows.
2025-02-25,W1,Rusty Mustard,Pigeons very bold today.
2025-02-25,W2,Olga Onion,Pigeons very bold today.
2025-02-26,C3,Patty Bun,Normal day.
2025-02-26,C4,Kim Ketchup,A seagull stole a hot dog right out of a customer's hand.
2025-02-26,W1,Rusty Mustard,"Busy lunch, calm afternoon."
2025-02-26,W3,Bob Bratwurst,Normal day.
2025-02-27,C1,Frank Furter,Ran out of mustard at 4pm.
2025-02-27,C2,Sally Sauerkraut,Ran out of mustard at 4pm.
2025-02-27,C4,Kim Ketchup,"Busy lunch, calm afternoon."
2025-02-27,W3,Bob Bratwurst,Dead quiet without a match.
2025-02-28,C1,Frank Furter,Cyclist crashed into the umbrella. Everyone fine.
2025-02-28,C2,Sally Sauerkraut,Tourist asked why the red sausage is red. Nobody knows.
2025-02-28,C4,Kim Ketchup,Cyclist crashed into the umbrella. Everyone fine.
2025-02-28,W1,Rusty Mustard,Tourist ordered three zapiekankas and finished them all.
2025-02-28,W2,Olga Onion,"Busy lunch, calm afternoon."
2025-02-28,W3,Bob Bratwurst,Dead quiet without a match.
2025-03-01,C1,Frank Furter,Normal day.
2025-03-01,C2,Sally Sauerkraut,A seagull stole a hot dog right out of a customer's hand.
2025-03-01,C4,Rick Relish,First day as new manager. Looking forward to it!
2025-03-01,W1,Rusty Mustard,Normal day.
2025-03-01,W3,Bob Bratwurst,"No event today, very quiet."
2025-03-02,C3,Patty Bun,"No event today, very quiet."
2025-03-02,C4,Rick Relish,"Quiet day, few customers."
2025-03-03,C1,Frank Furter,Normal day.
2025-03-04,C2,Sally Sauerkraut,"Busy lunch, calm afternoon."
2025-03-04,C3,Patty Bun,"No event today, very quiet."
2025-03-04,C4,Rick Relish,"Slow day, not much happening."
2025-03-04,W1,Rusty Mustard,Street musician next to the stand - customers stayed longer.
2025-03-05,C1,Frank Furter,A seagull stole a hot dog right out of a customer's hand.
2025-03-05,C2,Sally Sauerkraut,Steady lunch rush.
2025-03-05,C3,Patty Bun,"No event today, very quiet."
2025-03-05,C4,Rick Relish,"Slow day, not much happening."
2025-03-05,W1,Rusty Mustard,Tourist ordered three zapiekankas and finished them all.
2025-03-06,C2,Sally Sauerkraut,Normal day.
2025-03-06,C3,Patty Bun,Normal day.
2025-03-06,C4,Rick Relish,"Slow day, not much happening."
2025-03-06,W2,Olga Onion,Street musician next to the stand - customers stayed longer.
2025-03-06,W3,Bob Bratwurst,"No event today, very quiet."
2025-03-07,C1,Frank Furter,Pouring rain all afternoon. Very slow.
2025-03-07,C2,Sally Sauerkraut,"Rain outside, but the station keeps us busy."
2025-03-07,C3,Patty Bun,Dead quiet without a match.
2025-03-07,W1,Rusty Mustard,Street musician next to the stand - customers stayed longer.
2025-03-07,W3,Bob Bratwurst,Normal day.
2025-03-08,C4,Rick Relish,Quiet day.
2025-03-08,W2,Olga Onion,Pigeons very bold today.
2025-03-08,W3,Bob Bratwurst,Match day - sold out of chili dogs at half time.
2025-03-09,C1,Frank Furter,Cyclist crashed into the umbrella. Everyone fine.
2025-03-09,C2,Sally Sauerkraut,"Busy lunch, calm afternoon."
2025-03-09,C3,Patty Bun,Dead quiet without a match.
2025-03-09,W2,Olga Onion,"Rain outside, but the station keeps us busy."
2025-03-09,W3,Bob Bratwurst,Normal day.
2025-03-10,C1,Frank Furter,Pouring rain all afternoon. Very slow.
2025-03-10,C4,Rick Relish,Quiet day.
2025-03-10,W2,Olga Onion,Steady lunch rush.
2025-03-10,W3,Bob Bratwurst,"No event today, very quiet."
2025-03-11,C3,Patty Bun,Normal day.
2025-03-11,C4,Rick Relish,"Quiet day, few customers."
2025-03-11,W1,Rusty Mustard,Grill thermostat acting up again.
2025-03-11,W2,Olga Onion,"Busy lunch, calm afternoon."
2025-03-12,C1,Frank Furter,"Busy lunch, calm afternoon."
2025-03-12,C2,Sally Sauerkraut,Grill thermostat acting up again.
2025-03-12,C3,Patty Bun,Normal day.
2025-03-12,C4,Rick Relish,"Slow day, not much happening."
2025-03-12,W2,Olga Onion,Street musician next to the stand - customers stayed longer.
2025-03-12,W3,Bob Bratwurst,Normal day.
2025-03-13,C3,Patty Bun,Dead quiet without a match.
2025-03-13,C4,Rick Relish,"Slow day, not much happening."
2025-03-13,W2,Olga Onion,Ran out of buns at 5pm.
2025-03-14,C2,Sally Sauerkraut,Grill thermostat acting up again.
2025-03-14,C3,Patty Bun,"No event today, very quiet."
2025-03-14,C4,Rick Relish,Quiet day.
2025-03-14,W2,Olga Onion,"Busy lunch, calm afternoon."
2025-03-14,W3,Bob Bratwurst,Dead quiet without a match.
2025-03-15,C1,Frank Furter,Normal day.
2025-03-15,C2,Sally Sauerkraut,"Busy lunch, calm afternoon."
2025-03-15,C3,Patty Bun,Normal day.
2025-03-15,W1,Rusty Mustard,Normal day.
2025-03-16,C1,Frank Furter,Cyclist crashed into the umbrella. Everyone fine.
2025-03-16,W1,Rusty Mustard,Pouring rain all afternoon. Very slow.
2025-03-17,C1,Frank Furter,Steady lunch rush.
2025-03-17,C2,Sally Sauerkraut,Grill thermostat acting up again.
2025-03-17,C3,Patty Bun,Normal day.
2025-03-17,W2,Olga Onion,Grill thermostat acting up again.
2025-03-18,C1,Frank Furter,Cyclist crashed into the umbrella. Everyone fine.
2025-03-18,C2,Sally Sauerkraut,Steady lunch rush.
2025-03-18,C3,Patty Bun,Dead quiet without a match.
2025-03-18,W3,Bob Bratwurst,Dead quiet without a match.
2025-03-19,C1,Frank Furter,Steady lunch rush.
2025-03-19,C3,Patty Bun,"No event today, very quiet."
2025-03-19,W1,Rusty Mustard,Street musician next to the stand - customers stayed longer.
2025-03-19,W3,Bob Bratwurst,Normal day.
2025-03-20,C1,Frank Furter,Tourist asked why the red sausage is red. Nobody knows.
2025-03-20,C4,Rick Relish,Nothing to report.
2025-03-20,W3,Bob Bratwurst,Dead quiet without a match.
2025-03-21,C2,Sally Sauerkraut,Normal day.
2025-03-21,C3,Patty Bun,Normal day.
2025-03-21,C4,Rick Relish,Nothing to report.
2025-03-21,W1,Rusty Mustard,Street musician next to the stand - customers stayed longer.
2025-03-21,W2,Olga Onion,Street musician next to the stand - customers stayed longer.
2025-03-21,W3,Bob Bratwurst,Dead quiet without a match.
2025-03-22,C1,Frank Furter,A seagull stole a hot dog right out of a customer's hand.
2025-03-22,C2,Sally Sauerkraut,Cyclist crashed into the umbrella. Everyone fine.
2025-03-22,C4,Rick Relish,"Slow day, not much happening."
2025-03-22,W3,Bob Bratwurst,Match day! Queue all the way to the corner.
2025-03-23,C1,Frank Furter,"Busy lunch, calm afternoon."
2025-03-23,C4,Rick Relish,Quiet day.
2025-03-23,W1,Rusty Mustard,Normal day.
2025-03-23,W3,Bob Bratwurst,Dead quiet without a match.
2025-03-24,C1,Frank Furter,Grill thermostat acting up again.
2025-03-24,C2,Sally Sauerkraut,A seagull stole a hot dog right out of a customer's hand.
2025-03-24,C3,Patty Bun,"No event today, very quiet."
2025-03-24,C4,Rick Relish,Cash drawer sticky again. Will sort it out myself.
2025-03-24,W1,Rusty Mustard,Grill thermostat acting up again.
2025-03-24,W3,Bob Bratwurst,"No event today, very quiet."
2025-03-25,C1,Frank Furter,Pouring rain all afternoon. Very slow.
2025-03-25,C3,Patty Bun,Normal day.
2025-03-25,C4,Rick Relish,Quiet day.
2025-03-25,W1,Rusty Mustard,Street musician next to the stand - customers stayed longer.
2025-03-25,W2,Olga Onion,Ran out of buns at 5pm.
2025-03-25,W3,Bob Bratwurst,"No event today, very quiet."
2025-03-26,C3,Patty Bun,"No event today, very quiet."
2025-03-26,C4,Rick Relish,"Slow day, not much happening."
2025-03-26,W2,Olga Onion,Street musician next to the stand - customers stayed longer.
2025-03-26,W3,Bob Bratwurst,"No event today, very quiet."
2025-03-27,C1,Frank Furter,Grill thermostat acting up again.
2025-03-27,C2,Sally Sauerkraut,Steady lunch rush.
2025-03-27,C4,Rick Relish,"Slow day, not much happening."
2025-03-27,W1,Rusty Mustard,Grill thermostat acting up again.
2025-03-27,W2,Olga Onion,Steady lunch rush.
2025-03-27,W3,Bob Bratwurst,"No event today, very quiet."
2025-03-28,C1,Frank Furter,"Rain, rain, rain. Few customers."
2025-03-28,C2,Sally Sauerkraut,"Rain outside, but the station keeps us busy."
2025-03-28,W2,Olga Onion,Pigeons very bold today.
2025-03-28,W3,Bob Bratwurst,Dead quiet without a match.
2025-03-29,C1,Frank Furter,"Busy lunch, calm afternoon."
2025-03-29,C3,Patty Bun,"No event today, very quiet."
2025-03-29,C4,Rick Relish,"Slow day, not much happening."
2025-03-29,W1,Rusty Mustard,Pouring rain all afternoon. Very slow.
2025-03-30,C1,Frank Furter,Ran out of mustard at 4pm.
2025-03-30,C4,Rick Relish,"Slow day, not much happening."
2025-03-30,W1,Rusty Mustard,Normal day.
2025-03-30,W2,Olga Onion,Street musician next to the stand - customers stayed longer.
2025-03-30,W3,Bob Bratwurst,"No event today, very quiet."
2025-03-31,C1,Frank Furter,Cyclist crashed into the umbrella. Everyone fine.
2025-03-31,C2,Sally Sauerkraut,Tourist asked why the red sausage is red. Nobody knows.
2025-03-31,C4,Rick Relish,"Quiet day, few customers."
2025-03-31,W1,Rusty Mustard,"Busy lunch, calm afternoon."
2025-03-31,W2,Olga Onion,Pigeons very bold today.
2025-03-31,W3,Bob Bratwurst,Dead quiet without a match.
2025-04-01,C1,Frank Furter,Grill thermostat acting up again.
2025-04-01,C2,Sally Sauerkraut,"Busy lunch, calm afternoon."
2025-04-01,C3,Patty Bun,"No event today, very quiet."
2025-04-01,C4,Rick Relish,Quiet day.
2025-04-01,W1,Rusty Mustard,"Busy lunch, calm afternoon."
2025-04-01,W3,Bob Bratwurst,Normal day.
2025-04-02,C4,Rick Relish,Quiet day.
2025-04-03,C1,Frank Furter,"Busy lunch, calm afternoon."
2025-04-03,C2,Sally Sauerkraut,Grill thermostat acting up again.
2025-04-03,C4,Rick Relish,"Slow day, not much happening."
2025-04-03,W1,Rusty Mustard,Steady lunch rush.
2025-04-03,W2,Olga Onion,Street musician next to the stand - customers stayed longer.
2025-04-04,C1,Frank Furter,"Busy lunch, calm afternoon."
2025-04-04,C2,Sally Sauerkraut,Grill thermostat acting up again.
2025-04-04,C3,Patty Bun,Dead quiet without a match.
2025-04-04,C4,Rick Relish,Quiet day.
2025-04-04,W2,Olga Onion,Street musician next to the stand - customers stayed longer.
2025-04-04,W3,Bob Bratwurst,"No event today, very quiet."
2025-04-05,C1,Frank Furter,Tourist asked why the red sausage is red. Nobody knows.
2025-04-05,C4,Rick Relish,Quiet day.
2025-04-05,W1,Rusty Mustard,Steady lunch rush.
2025-04-06,C1,Frank Furter,Steady lunch rush.
2025-04-06,C2,Sally Sauerkraut,A seagull stole a hot dog right out of a customer's hand.
2025-04-06,C4,Rick Relish,"Slow day, not much happening."
2025-04-06,W2,Olga Onion,"Busy lunch, calm afternoon."
2025-04-07,C3,Patty Bun,Dead quiet without a match.
2025-04-07,C4,Rick Relish,"Quiet day, few customers."
2025-04-07,W1,Rusty Mustard,Ketchup supplier raised prices AGAIN.
2025-04-07,W2,Olga Onion,Street musician next to the stand - customers stayed longer.
2025-04-07,W3,Bob Bratwurst,"No event today, very quiet."
2025-04-08,C1,Frank Furter,Cyclist crashed into the umbrella. Everyone fine.
2025-04-08,C2,Sally Sauerkraut,Grill thermostat acting up again.
2025-04-08,C3,Patty Bun,"No event today, very quiet."
2025-04-08,C4,Rick Relish,Quiet day.
2025-04-08,W1,Rusty Mustard,Pigeons very bold today.
2025-04-08,W2,Olga Onion,Ketchup delivery late. Supplier blames tomato harvest.
2025-04-09,C2,Sally Sauerkraut,Steady lunch rush.
2025-04-09,C3,Patty Bun,Dead quiet without a match.
2025-04-09,C4,Rick Relish,"Quiet day, few customers."
2025-04-09,W1,Rusty Mustard,Steady lunch rush.
2025-04-09,W2,Olga Onion,Grill thermostat acting up again.
2025-04-10,C1,Frank Furter,Steady lunch rush.
2025-04-10,C4,Rick Relish,Quiet day.
2025-04-10,W1,Rusty Mustard,"Busy lunch, calm afternoon."
2025-04-10,W2,Olga Onion,Pigeons very bold today.
2025-04-10,W3,Bob Bratwurst,"No event today, very quiet."
2025-04-11,C1,Frank Furter,Ran out of mustard at 4pm.
2025-04-11,C2,Sally Sauerkraut,A seagull stole a hot dog right out of a customer's hand.
2025-04-11,C3,Patty Bun,Dead quiet without a match.
2025-04-11,C4,Rick Relish,"Slow day, not much happening."
2025-04-11,W1,Rusty Mustard,Ketchup delivery late. Supplier blames tomato harvest.
2025-04-11,W2,Olga Onion,Street musician next to the stand - customers stayed longer.
2025-04-11,W3,Bob Bratwurst,Dead quiet without a match.
2025-04-12,C1,Frank Furter,A seagull stole a hot dog right out of a customer's hand.
2025-04-12,C2,Sally Sauerkraut,Steady lunch rush.
2025-04-12,C3,Patty Bun,Dead quiet without a match.
2025-04-12,C4,Rick Relish,Quiet day.
2025-04-12,W2,Olga Onion,Steady lunch rush.
2025-04-12,W3,Bob Bratwurst,Normal day.
2025-04-13,C1,Frank Furter,Ran out of mustard at 4pm.
2025-04-13,C2,Sally Sauerkraut,"Busy lunch, calm afternoon."
2025-04-13,C4,Rick Relish,"Quiet day, few customers."
2025-04-13,W1,Rusty Mustard,Pouring rain all afternoon. Very slow.
2025-04-13,W2,Olga Onion,"Rain outside, but the station keeps us busy."
2025-04-14,C1,Frank Furter,Grill thermostat acting up again.
2025-04-14,C2,Sally Sauerkraut,Normal day.
2025-04-14,C3,Patty Bun,"No event today, very quiet."
2025-04-14,C4,Rick Relish,Quiet day.
2025-04-14,W1,Rusty Mustard,"Busy lunch, calm afternoon."
2025-04-14,W2,Olga Onion,"Busy lunch, calm afternoon."
2025-04-14,W3,Bob Bratwurst,Dead quiet without a match.
2025-04-15,C1,Frank Furter,Normal day.
2025-04-15,C2,Sally Sauerkraut,"Busy lunch, calm afternoon."
2025-04-15,C3,Patty Bun,Normal day.
2025-04-15,C4,Rick Relish,"Quiet day, few customers."
2025-04-15,W1,Rusty Mustard,Ran out of buns at 5pm.
2025-04-16,C1,Frank Furter,Grill thermostat acting up again.
2025-04-16,C3,Patty Bun,Normal day.
2025-04-16,C4,Rick Relish,Quiet day.
2025-04-16,W2,Olga Onion,Steady lunch rush.
2025-04-16,W3,Bob Bratwurst,"No event today, very quiet."
2025-04-17,C1,Frank Furter,Tourist asked why the red sausage is red. Nobody knows.
2025-04-17,C3,Patty Bun,"No event today, very quiet."
2025-04-17,C4,Rick Relish,Nothing to report.
2025-04-17,W2,Olga Onion,"Busy lunch, calm afternoon."
2025-04-17,W3,Bob Bratwurst,"No event today, very quiet."
2025-04-18,W3,Bob Bratwurst,Normal day.
2025-04-19,C3,Patty Bun,Dead quiet without a match.
2025-04-19,C4,Rick Relish,Nothing to report.
2025-04-19,W1,Rusty Mustard,Steady lunch rush.
2025-04-19,W2,Olga Onion,Street musician next to the stand - customers stayed longer.
2025-04-20,C2,Sally Sauerkraut,Steady lunch rush.
2025-04-20,C3,Patty Bun,Normal day.
2025-04-20,C4,Rick Relish,"Slow day, not much happening."
2025-04-20,W1,Rusty Mustard,Street musician next to the stand - customers stayed longer.
2025-04-20,W3,Bob Bratwurst,"No event today, very quiet."
2025-04-21,C1,Frank Furter,"Busy lunch, calm afternoon."
2025-04-21,C3,Patty Bun,Dead quiet without a match.
2025-04-21,C4,Rick Relish,"Slow day, not much happening."
2025-04-21,W1,Rusty Mustard,Pouring rain all afternoon. Very slow.
2025-04-21,W2,Olga Onion,"Rain outside, but the station keeps us busy."
2025-04-21,W3,Bob Bratwurst,Dead quiet without a match.
2025-04-22,C1,Frank Furter,A seagull stole a hot dog right out of a customer's hand.
2025-04-22,C3,Patty Bun,Normal day.
2025-04-22,W1,Rusty Mustard,Pigeons very bold today.
2025-04-22,W3,Bob Bratwurst,Normal day.
2025-04-23,C1,Frank Furter,Tourist asked why the red sausage is red. Nobody knows.
2025-04-23,C2,Sally Sauerkraut,Cyclist crashed into the umbrella. Everyone fine.
2025-04-23,C3,Patty Bun,Dead quiet without a match.
2025-04-23,W1,Rusty Mustard,Pigeons very bold today.
2025-04-23,W2,Olga Onion,Tourist ordered three zapiekankas and finished them all.
2025-04-24,C1,Frank Furter,Pouring rain all afternoon. Very slow.
2025-04-24,C2,Sally Sauerkraut,"Rain outside, but the station keeps us busy."
2025-04-24,C3,Patty Bun,"No event today, very quiet."
2025-04-24,C4,Rick Relish,Cash drawer sticky again. Will sort it out myself.
2025-04-24,W1,Rusty Mustard,Street musician next to the stand - customers stayed longer.
2025-04-24,W3,Bob Bratwurst,"No event today, very quiet."
2025-04-25,C1,Frank Furter,A seagull stole a hot dog right out of a customer's hand.
2025-04-25,C3,Patty Bun,"No event today, very quiet."
2025-04-25,C4,Rick Relish,"Slow day, not much happening."
2025-04-26,C2,Sally Sauerkraut,Ran out of mustard at 4pm.
2025-04-26,C3,Patty Bun,"No event today, very quiet."
2025-04-26,C4,Rick Relish,Nothing to report.
2025-04-26,W2,Olga Onion,Tourist ordered three zapiekankas and finished them all.
2025-04-26,W3,Bob Bratwurst,"Football crowd, crazy busy for two hours."
2025-04-27,C1,Frank Furter,Steady lunch rush.
2025-04-27,C2,Sally Sauerkraut,Tourist asked why the red sausage is red. Nobody knows.
2025-04-27,C4,Rick Relish,"Slow day, not much happening."
2025-04-27,W1,Rusty Mustard,Street musician next to the stand - customers stayed longer.
2025-04-27,W2,Olga Onion,"Busy lunch, calm afternoon."
2025-04-27,W3,Bob Bratwurst,"No event today, very quiet."
2025-04-28,C1,Frank Furter,"Rain, rain, rain. Few customers."
2025-04-28,C2,Sally Sauerkraut,"Rain outside, but the station keeps us busy."
2025-04-28,C3,Patty Bun,Normal day.
2025-04-28,C4,Rick Relish,Nothing to report.
2025-04-28,W3,Bob Bratwurst,Normal day.
2025-04-29,C3,Patty Bun,Normal day.
2025-04-29,W2,Olga Onion,"Busy lunch, calm afternoon."
2025-04-29,W3,Bob Bratwurst,Normal day.
2025-04-30,C2,Sally Sauerkraut,"Busy lunch, calm afternoon."
2025-04-30,C3,Patty Bun,"No event today, very quiet."
2025-04-30,C4,Rick Relish,"Slow day, not much happening."
2025-04-30,W1,Rusty Mustard,Ran out of buns at 5pm.
2025-04-30,W2,Olga Onion,Street musician next to the stand - customers stayed longer.
2025-05-01,C2,Sally Sauerkraut,Tourist asked why the red sausage is red. Nobody knows.
2025-05-01,C3,Patty Bun,Dead quiet without a match.
2025-05-01,C4,Rick Relish,Nothing to report.
2025-05-01,W1,Rusty Mustard,Ran out of buns at 5pm.
2025-05-01,W2,Olga Onion,Grill thermostat acting up again.
2025-05-01,W4,Mia Mayo,Grand opening! Free fries for the first 100 customers.
2025-05-02,C1,Frank Furter,Grill thermostat acting up again.
2025-05-02,C2,Sally Sauerkraut,"Busy lunch, calm afternoon."
2025-05-02,C3,Patty Bun,Dead quiet without a match.
2025-05-02,C4,Rick Relish,Quiet day.
2025-05-02,W1,Rusty Mustard,Ketchup delivery late. Supplier blames tomato harvest.
2025-05-02,W2,Olga Onion,Ketchup delivery late. Supplier blames tomato harvest.
2025-05-02,W3,Bob Bratwurst,Normal day.
2025-05-02,W4,Mia Mayo,Ran out of buns at 5pm.
2025-05-03,C2,Sally Sauerkraut,Ran out of mustard at 4pm.
2025-05-03,C4,Rick Relish,"Slow day, not much happening."
2025-05-03,W2,Olga Onion,Steady lunch rush.
2025-05-03,W3,Bob Bratwurst,Match day - sold out of chili dogs at half time.
2025-05-03,W4,Mia Mayo,Grill thermostat acting up again.
2025-05-04,C1,Frank Furter,A seagull stole a hot dog right out of a customer's hand.
2025-05-04,C3,Patty Bun,"Football crowd, crazy busy for two hours."
2025-05-04,C4,Rick Relish,Quiet day.
2025-05-04,W1,Rusty Mustard,"Busy lunch, calm afternoon."
2025-05-04,W3,Bob Bratwurst,Normal day.
2025-05-04,W4,Mia Mayo,Steady lunch rush.
2025-05-05,C2,Sally Sauerkraut,Grill thermostat acting up again.
2025-05-05,C4,Rick Relish,Nothing to report.
2025-05-05,W1,Rusty Mustard,Street musician next to the stand - customers stayed longer.
2025-05-05,W3,Bob Bratwurst,Normal day.
2025-05-05,W4,Mia Mayo,Grill thermostat acting up again.
2025-05-06,C1,Frank Furter,"Rain, rain, rain. Few customers."
2025-05-06,C3,Patty Bun,Normal day.
2025-05-06,W1,Rusty Mustard,Street musician next to the stand - customers stayed longer.
2025-05-06,W2,Olga Onion,Street musician next to the stand - customers stayed longer.
2025-05-06,W3,Bob Bratwurst,Dead quiet without a match.
2025-05-06,W4,Mia Mayo,Normal day.
2025-05-07,C1,Frank Furter,Pouring rain all afternoon. Very slow.
2025-05-07,C2,Sally Sauerkraut,"Rain outside, but the station keeps us busy."
2025-05-07,C4,Rick Relish,Nothing to report.
2025-05-07,W1,Rusty Mustard,Pigeons very bold today.
2025-05-07,W3,Bob Bratwurst,Dead quiet without a match.
2025-05-07,W4,Mia Mayo,"Busy lunch, calm afternoon."
2025-05-08,C1,Frank Furter,Normal day.
2025-05-08,C2,Sally Sauerkraut,Normal day.
2025-05-08,C4,Rick Relish,Nothing to report.
2025-05-08,W1,Rusty Mustard,Tourist ordered three zapiekankas and finished them all.
2025-05-08,W3,Bob Bratwurst,Dead quiet without a match.
2025-05-09,C1,Frank Furter,Pouring rain all afternoon. Very slow.
2025-05-09,C2,Sally Sauerkraut,"Rain outside, but the station keeps us busy."
2025-05-09,C3,Patty Bun,Dead quiet without a match.
2025-05-09,C4,Rick Relish,Quiet day.
2025-05-09,W1,Rusty Mustard,Ketchup delivery late. Supplier blames tomato harvest.
2025-05-09,W2,Olga Onion,Tourist ordered three zapiekankas and finished them all.
2025-05-09,W3,Bob Bratwurst,Normal day.
2025-05-10,C1,Frank Furter,Tourist asked why the red sausage is red. Nobody knows.
2025-05-10,C2,Sally Sauerkraut,Steady lunch rush.
2025-05-10,C3,Patty Bun,Dead quiet without a match.
2025-05-10,W1,Rusty Mustard,Street musician next to the stand - customers stayed longer.
2025-05-10,W2,Olga Onion,Normal day.
2025-05-11,C3,Patty Bun,Match day! Queue all the way to the corner.
2025-05-11,C4,Rick Relish,Quiet day.
2025-05-11,W2,Olga Onion,Street musician next to the stand - customers stayed longer.
2025-05-11,W3,Bob Bratwurst,"No event today, very quiet."
2025-05-12,C1,Frank Furter,"Rain, rain, rain. Few customers."
2025-05-12,C2,Sally Sauerkraut,"Rain outside, but the station keeps us busy."
2025-05-12,C4,Rick Relish,"Quiet day, few customers."
2025-05-12,W2,Olga Onion,Tourist ordered three zapiekankas and finished them all.
2025-05-12,W3,Bob Bratwurst,"No event today, very quiet."
2025-05-12,W4,Mia Mayo,Ketchup supplier raised prices AGAIN.
2025-05-13,C3,Patty Bun,"No event today, very quiet."
2025-05-13,C4,Rick Relish,Quiet day.
2025-05-13,W2,Olga Onion,"Busy lunch, calm afternoon."
2025-05-13,W3,Bob Bratwurst,Normal day.
2025-05-13,W4,Mia Mayo,Grill thermostat acting up again.
2025-05-14,C2,Sally Sauerkraut,"Rain outside, but the station keeps us busy."
2025-05-14,C4,Rick Relish,"Quiet day, few customers."
2025-05-14,W1,Rusty Mustard,Ran out of buns at 5pm.
2025-05-15,C3,Patty Bun,Dead quiet without a match.
2025-05-15,C4,Rick Relish,Quiet day.
2025-05-15,W2,Olga Onion,Ketchup delivery late. Supplier blames tomato harvest.
2025-05-15,W3,Bob Bratwurst,Normal day.
2025-05-15,W4,Mia Mayo,Pigeons very bold today.
2025-05-16,C2,Sally Sauerkraut,Tourist asked why the red sausage is red. Nobody knows.
2025-05-16,C3,Patty Bun,Normal day.
2025-05-16,C4,Rick Relish,"Slow day, not much happening."
2025-05-16,W1,Rusty Mustard,Street musician next to the stand - customers stayed longer.
2025-05-17,C1,Frank Furter,Grill thermostat acting up again.
2025-05-17,C2,Sally Sauerkraut,Steady lunch rush.
2025-05-17,C4,Rick Relish,Quiet day.
2025-05-17,W1,Rusty Mustard,Ketchup delivery late. Supplier blames tomato harvest.
2025-05-17,W3,Bob Bratwurst,Normal day.
2025-05-17,W4,Mia Mayo,Grill thermostat acting up again.
2025-05-18,C2,Sally Sauerkraut,"Rain outside, but the station keeps us busy."
2025-05-18,W3,Bob Bratwurst,"No event today, very quiet."
2025-05-18,W4,Mia Mayo,Ran out of buns at 5pm.
2025-05-19,C1,Frank Furter,Grill thermostat acting up again.
2025-05-19,C2,Sally Sauerkraut,"Busy lunch, calm afternoon."
2025-05-19,C3,Patty Bun,"No event today, very quiet."
2025-05-19,C4,Rick Relish,Quiet day.
2025-05-20,C1,Frank Furter,Ran out of mustard at 4pm.
2025-05-20,C3,Patty Bun,Dead quiet without a match.
2025-05-20,C4,Rick Relish,Quiet day.
2025-05-20,W1,Rusty Mustard,Grill thermostat acting up again.
2025-05-20,W2,Olga Onion,Ketchup supplier raised prices AGAIN.
2025-05-21,C1,Frank Furter,Pouring rain all afternoon. Very slow.
2025-05-21,C2,Sally Sauerkraut,"Rain outside, but the station keeps us busy."
2025-05-21,C4,Rick Relish,Nothing to report.
2025-05-21,W1,Rusty Mustard,Steady lunch rush.
2025-05-21,W2,Olga Onion,Tourist ordered three zapiekankas and finished them all.
2025-05-21,W3,Bob Bratwurst,Normal day.
2025-05-22,C3,Patty Bun,Dead quiet without a match.
2025-05-22,C4,Rick Relish,Quiet day.
2025-05-22,W1,Rusty Mustard,Pigeons very bold today.
2025-05-22,W2,Olga Onion,Street musician next to the stand - customers stayed longer.
2025-05-22,W4,Mia Mayo,Street musician next to the stand - customers stayed longer.
2025-05-23,C1,Frank Furter,"Rain, rain, rain. Few customers."
2025-05-23,C2,Sally Sauerkraut,"Rain outside, but the station keeps us busy."
2025-05-23,C4,Rick Relish,"Slow day, not much happening."
2025-05-23,W1,Rusty Mustard,Ketchup supplier raised prices AGAIN.
2025-05-23,W2,Olga Onion,Tourist ordered three zapiekankas and finished them all.
2025-05-23,W3,Bob Bratwurst,Dead quiet without a match.
2025-05-23,W4,Mia Mayo,Ran out of buns at 5pm.
2025-05-24,C1,Frank Furter,Ran out of mustard at 4pm.
2025-05-24,C2,Sally Sauerkraut,Cyclist crashed into the umbrella. Everyone fine.
2025-05-24,C4,Rick Relish,Cash drawer sticky again. Will sort it out myself.
2025-05-24,W2,Olga Onion,Ketchup supplier raised prices AGAIN.
2025-05-25,C3,Patty Bun,Match day - sold out of chili dogs at half time.
2025-05-25,C4,Rick Relish,Quiet day.
2025-05-25,W1,Rusty Mustard,Normal day.
2025-05-25,W2,Olga Onion,"Busy lunch, calm afternoon."
2025-05-25,W3,Bob Bratwurst,Normal day.
2025-05-25,W4,Mia Mayo,"Busy lunch, calm afternoon."
2025-05-26,C2,Sally Sauerkraut,"Rain outside, but the station keeps us busy."
2025-05-26,C4,Rick Relish,Quiet day.
2025-05-26,W3,Bob Bratwurst,Dead quiet without a match.
2025-05-26,W4,Mia Mayo,Tourist ordered three zapiekankas and finished them all.
2025-05-27,C1,Frank Furter,Tourist asked why the red sausage is red. Nobody knows.
2025-05-27,C2,Sally Sauerkraut,Normal day.
2025-05-27,C4,Rick Relish,Nothing to report.
2025-05-27,W2,Olga Onion,Steady lunch rush.
2025-05-27,W3,Bob Bratwurst,"No event today, very quiet."
2025-05-28,C2,Sally Sauerkraut,"Rain outside, but the station keeps us busy."
2025-05-28,C3,Patty Bun,"No event today, very quiet."
2025-05-28,C4,Rick Relish,Nothing to report.
2025-05-28,W2,Olga Onion,Normal day.
2025-05-28,W3,Bob Bratwurst,Dead quiet without a match.
2025-05-28,W4,Mia Mayo,Ketchup supplier raised prices AGAIN.
2025-05-29,C2,Sally Sauerkraut,Tourist asked why the red sausage is red. Nobody knows.
2025-05-29,C3,Patty Bun,"No event today, very quiet."
2025-05-29,C4,Rick Relish,Nothing to report.
2025-05-29,W1,Rusty Mustard,Tourist ordered three zapiekankas and finished them all.
2025-05-29,W2,Olga Onion,Normal day.
2025-05-29,W4,Mia Mayo,"Busy lunch, calm afternoon."
2025-05-30,C1,Frank Furter,"Busy lunch, calm afternoon."
2025-05-30,C3,Patty Bun,Normal day.
2025-05-30,C4,Rick Relish,"Slow day, not much happening."
2025-05-30,W1,Rusty Mustard,"Rain, rain, rain. Few customers."
2025-05-30,W2,Olga Onion,"Rain outside, but the station keeps us busy."
2025-05-30,W3,Bob Bratwurst,"No event today, very quiet."
2025-05-30,W4,Mia Mayo,Pouring rain all afternoon. Very slow.
2025-05-31,C2,Sally Sauerkraut,A seagull stole a hot dog right out of a customer's hand.
2025-05-31,C4,Rick Relish,"Quiet day, few customers."
2025-05-31,W1,Rusty Mustard,Normal day.
2025-05-31,W2,Olga Onion,Normal day.
2025-05-31,W4,Mia Mayo,Ran out of buns at 5pm.
2025-06-01,C1,Frank Furter,"Busy lunch, calm afternoon."
2025-06-01,C4,Rick Relish,Quiet day.
2025-06-01,W4,Mia Mayo,Grill thermostat acting up again.
2025-06-02,C1,Frank Furter,"Rain, rain, rain. Few customers."
2025-06-02,C3,Patty Bun,Dead quiet without a match.
2025-06-02,C4,Rick Relish,"Quiet day, few customers."
2025-06-02,W1,Rusty Mustard,Ketchup delivery late. Supplier blames tomato harvest.
2025-06-02,W2,Olga Onion,Ketchup supplier raised prices AGAIN.
2025-06-03,C1,Frank Furter,Steady lunch rush.
2025-06-03,C2,Sally Sauerkraut,"Busy lunch, calm afternoon."
2025-06-03,C3,Patty Bun,Dead quiet without a match.
2025-06-03,W2,Olga Onion,Pigeons very bold today.
2025-06-03,W3,Bob Bratwurst,"No event today, very quiet."
2025-06-03,W4,Mia Mayo,Ketchup delivery late. Supplier blames tomato harvest.
2025-06-04,C1,Frank Furter,Ran out of mustard at 4pm.
2025-06-04,C2,Sally Sauerkraut,A seagull stole a hot dog right out of a customer's hand.
2025-06-04,C4,Rick Relish,Nothing to report.
2025-06-05,C1,Frank Furter,Cyclist crashed into the umbrella. Everyone fine.
2025-06-05,C3,Patty Bun,Normal day.
2025-06-05,C4,Rick Relish,Quiet day.
2025-06-05,W2,Olga Onion,Ran out of buns at 5pm.
2025-06-05,W3,Bob Bratwurst,Normal day.
2025-06-06,C2,Sally Sauerkraut,"Rain outside, but the station keeps us busy."
2025-06-06,C3,Patty Bun,Dead quiet without a match.
2025-06-06,C4,Rick Relish,"Slow day, not much happening."
2025-06-06,W2,Olga Onion,Steady lunch rush.
2025-06-06,W3,Bob Bratwurst,Dead quiet without a match.
2025-06-06,W4,Mia Mayo,Tourist ordered three zapiekankas and finished them all.
2025-06-07,C1,Frank Furter,"Busy lunch, calm afternoon."
2025-06-07,C4,Rick Relish,Quiet day.
2025-06-07,W1,Rusty Mustard,Normal day.
2025-06-07,W2,Olga Onion,"Busy lunch, calm afternoon."
2025-06-08,C3,Patty Bun,Dead quiet without a match.
2025-06-08,C4,Rick Relish,"Slow day, not much happening."
2025-06-08,W1,Rusty Mustard,Street musician next to the stand - customers stayed longer.
2025-06-08,W2,Olga Onion,Normal day.
2025-06-08,W4,Mia Mayo,Steady lunch rush.
2025-06-09,C1,Frank Furter,Cyclist crashed into the umbrella. Everyone fine.
2025-06-09,C2,Sally Sauerkraut,A seagull stole a hot dog right out of a customer's hand.
2025-06-09,C3,Patty Bun,"No event today, very quiet."
2025-06-09,C4,Rick Relish,Nothing to report.
2025-06-09,W1,Rusty Mustard,"Rain, rain, rain. Few customers."
2025-06-09,W3,Bob Bratwurst,"No event today, very quiet."
2025-06-10,C2,Sally Sauerkraut,Tourist asked why the red sausage is red. Nobody knows.
2025-06-10,C3,Patty Bun,Normal day.
2025-06-10,C4,Rick Relish,Cash drawer sticky again. Will sort it out myself.
2025-06-10,W1,Rusty Mustard,Ketchup delivery late. Supplier blames tomato harvest.
2025-06-10,W2,Olga Onion,Ketchup delivery late. Supplier blames tomato harvest.
2025-06-11,C2,Sally Sauerkraut,Ran out of mustard at 4pm.
2025-06-11,C3,Patty Bun,Normal day.
2025-06-11,C4,Rick Relish,"Quiet day, few customers."
2025-06-11,W2,Olga Onion,Ketchup supplier raised prices AGAIN.
2025-06-12,C1,Frank Furter,"Busy lunch, calm afternoon."
2025-06-12,C2,Sally Sauerkraut,Steady lunch rush.
2025-06-12,C3,Patty Bun,Dead quiet without a match.
2025-06-12,C4,Rick Relish,Quiet day.
2025-06-12,W3,Bob Bratwurst,Normal day.
2025-06-13,C2,Sally Sauerkraut,"Busy lunch, calm afternoon."
2025-06-13,C4,Rick Relish,Nothing to report.
2025-06-13,W1,Rusty Mustard,"Busy lunch, calm afternoon."
2025-06-13,W2,Olga Onion,Tourist ordered three zapiekankas and finished them all.
2025-06-13,W3,Bob Bratwurst,"No event today, very quiet."
2025-06-13,W4,Mia Mayo,Pigeons very bold today.
2025-06-14,C2,Sally Sauerkraut,Tourist asked why the red sausage is red. Nobody knows.
2025-06-14,C3,Patty Bun,Normal day.
2025-06-14,C4,Rick Relish,Nothing to report.
2025-06-14,W1,Rusty Mustard,Steady lunch rush.
2025-06-14,W2,Olga Onion,Pigeons very bold today.
2025-06-14,W3,Bob Bratwurst,Dead quiet without a match.
2025-06-15,C1,Frank Furter,Ran out of mustard at 4pm.
2025-06-15,C2,Sally Sauerkraut,Steady lunch rush.
2025-06-15,C3,Patty Bun,"No event today, very quiet."
2025-06-15,C4,Rick Relish,Nothing to report.
2025-06-15,W1,Rusty Mustard,Pigeons very bold today.
2025-06-15,W2,Olga Onion,Tourist ordered three zapiekankas and finished them all.
2025-06-15,W4,Mia Mayo,Tourist ordered three zapiekankas and finished them all.
2025-06-16,C2,Sally Sauerkraut,Steady lunch rush.
2025-06-16,C4,Rick Relish,Nothing to report.
2025-06-16,W2,Olga Onion,Street musician next to the stand - customers stayed longer.
2025-06-16,W4,Mia Mayo,Steady lunch rush.
2025-06-17,C2,Sally Sauerkraut,"Rain outside, but the station keeps us busy."
2025-06-17,C4,Rick Relish,"Quiet day, few customers."
2025-06-17,W1,Rusty Mustard,Pigeons very bold today.
2025-06-17,W3,Bob Bratwurst,Dead quiet without a match.
2025-06-17,W4,Mia Mayo,Steady lunch rush.
2025-06-18,C1,Frank Furter,"Rain, rain, rain. Few customers."
2025-06-18,C2,Sally Sauerkraut,"Rain outside, but the station keeps us busy."
2025-06-18,W2,Olga Onion,Ran out of buns at 5pm.
2025-06-19,C2,Sally Sauerkraut,"Busy lunch, calm afternoon."
2025-06-19,C3,Patty Bun,"No event today, very quiet."
2025-06-19,C4,Rick Relish,Quiet day.
2025-06-19,W3,Bob Bratwurst,"No event today, very quiet."
2025-06-19,W4,Mia Mayo,Normal day.
2025-06-20,C4,Rick Relish,"Quiet day, few customers."
2025-06-20,W2,Olga Onion,Steady lunch rush.
2025-06-21,C1,Frank Furter,Steady lunch rush.
2025-06-21,C3,Patty Bun,Normal day.
2025-06-21,C4,Rick Relish,Quiet day.
2025-06-21,W1,Rusty Mustard,Ketchup delivery late. Supplier blames tomato harvest.
2025-06-21,W2,Olga Onion,Ran out of buns at 5pm.
2025-06-21,W4,Mia Mayo,Grill thermostat acting up again.
2025-06-22,C4,Rick Relish,"Quiet day, few customers."
2025-06-22,W1,Rusty Mustard,Steady lunch rush.
2025-06-22,W3,Bob Bratwurst,Normal day.
2025-06-23,C1,Frank Furter,A seagull stole a hot dog right out of a customer's hand.
2025-06-23,C2,Sally Sauerkraut,Tourist asked why the red sausage is red. Nobody knows.
2025-06-23,C3,Patty Bun,"No event today, very quiet."
2025-06-23,W1,Rusty Mustard,Ran out of buns at 5pm.
2025-06-23,W4,Mia Mayo,Street musician next to the stand - customers stayed longer.
2025-06-24,C1,Frank Furter,"Busy lunch, calm afternoon."
2025-06-24,C3,Patty Bun,Dead quiet without a match.
2025-06-24,C4,Rick Relish,Cash drawer sticky again. Will sort it out myself.
2025-06-24,W1,Rusty Mustard,Street musician next to the stand - customers stayed longer.
2025-06-24,W3,Bob Bratwurst,Normal day.
2025-06-25,C1,Frank Furter,Steady lunch rush.
2025-06-25,C2,Sally Sauerkraut,A seagull stole a hot dog right out of a customer's hand.
2025-06-25,C3,Patty Bun,Normal day.
2025-06-25,C4,Rick Relish,"Slow day, not much happening."
2025-06-25,W2,Olga Onion,"Rain outside, but the station keeps us busy."
2025-06-25,W3,Bob Bratwurst,"No event today, very quiet."
2025-06-26,C4,Rick Relish,Quiet day.
2025-06-26,W1,Rusty Mustard,"Rain, rain, rain. Few customers."
2025-06-26,W2,Olga Onion,"Rain outside, but the station keeps us busy."
2025-06-26,W3,Bob Bratwurst,Dead quiet without a match.
2025-06-27,C1,Frank Furter,Ran out of mustard at 4pm.
2025-06-27,C4,Rick Relish,"Slow day, not much happening."
2025-06-27,W3,Bob Bratwurst,Concert night - busiest night of the year so far.
2025-06-28,C2,Sally Sauerkraut,Tourist asked why the red sausage is red. Nobody knows.
2025-06-28,C3,Patty Bun,Normal day.
2025-06-28,C4,Rick Relish,Nothing to report.
2025-06-28,W1,Rusty Mustard,Pigeons very bold today.
2025-06-28,W2,Olga Onion,Street musician next to the stand - customers stayed longer.
2025-06-28,W3,Bob Bratwurst,"No event today, very quiet."
2025-06-29,C1,Frank Furter,A seagull stole a hot dog right out of a customer's hand.
2025-06-29,C2,Sally Sauerkraut,Grill thermostat acting up again.
2025-06-29,C3,Patty Bun,"No event today, very quiet."
2025-06-29,C4,Rick Relish,Quiet day.
2025-06-29,W1,Rusty Mustard,Ran out of buns at 5pm.
2025-06-29,W4,Mia Mayo,Tourist ordered three zapiekankas and finished them all.
2025-06-30,C1,Frank Furter,Tourist asked why the red sausage is red. Nobody knows.
2025-06-30,C3,Patty Bun,Dead quiet without a match.
2025-06-30,C4,Rick Relish,Quiet day.
2025-06-30,W1,Rusty Mustard,"Sun is out, so are the customers."
2025-06-30,W2,Olga Onion,Grill thermostat acting up again.
2025-06-30,W3,Bob Bratwurst,Dead quiet without a match.
2025-06-30,W4,Mia Mayo,Sunny and hot - long queues all day.
2025-07-01,C4,Rick Relish,Quiet day.
2025-07-01,W1,Rusty Mustard,Ketchup delivery late. Supplier blames tomato harvest.
2025-07-01,W2,Olga Onion,Street musician next to the stand - customers stayed longer.
2025-07-01,W3,Bob Bratwurst,Dead quiet without a match.
2025-07-01,W4,Mia Mayo,Normal day.
2025-07-02,C2,Sally Sauerkraut,Grill thermostat acting up again.
2025-07-02,C4,Rick Relish,Nothing to report.
2025-07-02,W1,Rusty Mustard,"Busy lunch, calm afternoon."
2025-07-02,W2,Olga Onion,Street musician next to the stand - customers stayed longer.
2025-07-02,W3,Bob Bratwurst,Normal day.
2025-07-02,W4,Mia Mayo,Grill thermostat acting up again.
2025-07-03,C4,Rick Relish,"Quiet day, few customers."
2025-07-03,W1,Rusty Mustard,Pouring rain all afternoon. Very slow.
2025-07-03,W2,Olga Onion,"Rain outside, but the station keeps us busy."
2025-07-03,W3,Bob Bratwurst,Normal day.
2025-07-04,C1,Frank Furter,"Busy lunch, calm afternoon."
2025-07-04,C4,Rick Relish,"Quiet day, few customers."
2025-07-04,W1,Rusty Mustard,Street musician next to the stand - customers stayed longer.
2025-07-04,W3,Bob Bratwurst,Dead quiet without a match.
2025-07-04,W4,Mia Mayo,Street musician next to the stand - customers stayed longer.
2025-07-05,C1,Frank Furter,"Busy lunch, calm afternoon."
2025-07-05,C2,Sally Sauerkraut,"Busy lunch, calm afternoon."
2025-07-05,C3,Patty Bun,"No event today, very quiet."
2025-07-05,W1,Rusty Mustard,Tourist ordered three zapiekankas and finished them all.
2025-07-05,W2,Olga Onion,Ketchup supplier raised prices AGAIN.
2025-07-05,W3,Bob Bratwurst,"No event today, very quiet."
2025-07-06,C3,Patty Bun,Normal day.
2025-07-06,C4,Rick Relish,Quiet day.
2025-07-06,W1,Rusty Mustard,Street musician next to the stand - customers stayed longer.
2025-07-06,W3,Bob Bratwurst,Dead quiet without a match.
2025-07-06,W4,Mia Mayo,Street musician next to the stand - customers stayed longer.
2025-07-07,C3,Patty Bun,"No event today, very quiet."
2025-07-07,C4,Rick Relish,Quiet day.
2025-07-07,W3,Bob Bratwurst,Dead quiet without a match.
2025-07-08,C2,Sally Sauerkraut,"Busy lunch, calm afternoon."
2025-07-08,C3,Patty Bun,Normal day.
2025-07-08,C4,Rick Relish,"Quiet day, few customers."
2025-07-08,W1,Rusty Mustard,"Sun is out, so are the customers."
2025-07-08,W2,Olga Onion,Tourist ordered three zapiekankas and finished them all.
2025-07-08,W3,Bob Bratwurst,Normal day.
2025-07-09,C1,Frank Furter,Pouring rain all afternoon. Very slow.
2025-07-09,C4,Rick Relish,Nothing to report.
2025-07-09,W1,Rusty Mustard,Steady lunch rush.
2025-07-09,W2,Olga Onion,Ran out of buns at 5pm.
2025-07-09,W4,Mia Mayo,"Busy lunch, calm afternoon."
2025-07-10,C1,Frank Furter,Tourist asked why the red sausage is red. Nobody knows.
2025-07-10,C2,Sally Sauerkraut,Normal day.
2025-07-10,C3,Patty Bun,"No event today, very quiet."
2025-07-10,C4,Rick Relish,Quiet day.
2025-07-10,W1,Rusty Mustard,Street musician next to the stand - customers stayed longer.
2025-07-10,W2,Olga Onion,"Busy lunch, calm afternoon."
2025-07-10,W4,Mia Mayo,Normal day.
2025-07-11,C1,Frank Furter,Ran out of mustard at 4pm.
2025-07-11,C2,Sally Sauerkraut,Tourist asked why the red sausage is red. Nobody knows.
2025-07-11,C3,Patty Bun,Dead quiet without a match.
2025-07-11,C4,Rick Relish,Quiet day.
2025-07-12,C2,Sally Sauerkraut,Tourist asked why the red sausage is red. Nobody knows.
2025-07-12,C4,Rick Relish,"Slow day, not much happening."
2025-07-12,W1,Rusty Mustard,Pigeons very bold today.
2025-07-12,W3,Bob Bratwurst,Dead quiet without a match.
2025-07-12,W4,Mia Mayo,Normal day.
2025-07-13,C1,Frank Furter,"Rain, rain, rain. Few customers."
2025-07-13,C3,Patty Bun,Dead quiet without a match.
2025-07-13,W1,Rusty Mustard,Ran out of buns at 5pm.
2025-07-13,W2,Olga Onion,Ketchup delivery late. Supplier blames tomato harvest.
2025-07-13,W3,Bob Bratwurst,Dead quiet without a match.
2025-07-14,C1,Frank Furter,Normal day.
2025-07-14,C2,Sally Sauerkraut,Steady lunch rush.
2025-07-14,C4,Rick Relish,Nothing to report.
2025-07-14,W1,Rusty Mustard,Ketchup delivery late. Supplier blames tomato harvest.
2025-07-14,W3,Bob Bratwurst,"No event today, very quiet."
2025-07-14,W4,Mia Mayo,Ketchup delivery late. Supplier blames tomato harvest.
2025-07-15,C1,Frank Furter,A seagull stole a hot dog right out of a customer's hand.
2025-07-15,C2,Sally Sauerkraut,Cyclist crashed into the umbrella. Everyone fine.
2025-07-15,C4,Rick Relish,Quiet day.
2025-07-15,W1,Rusty Mustard,Street musician next to the stand - customers stayed longer.
2025-07-15,W4,Mia Mayo,Tourist ordered three zapiekankas and finished them all.
2025-07-16,C2,Sally Sauerkraut,Grill thermostat acting up again.
2025-07-16,C4,Rick Relish,Quiet day.
2025-07-16,W3,Bob Bratwurst,"No event today, very quiet."
2025-07-17,C2,Sally Sauerkraut,"Rain outside, but the station keeps us busy."
2025-07-17,C3,Patty Bun,Dead quiet without a match.
2025-07-17,C4,Rick Relish,Nothing to report.
2025-07-17,W1,Rusty Mustard,Grill thermostat acting up again.
2025-07-17,W3,Bob Bratwurst,Normal day.
2025-07-17,W4,Mia Mayo,Ran out of buns at 5pm.
2025-07-18,C3,Patty Bun,Concert night - busiest night of the year so far.
2025-07-18,C4,Rick Relish,Quiet day.
2025-07-18,W3,Bob Bratwurst,"No event today, very quiet."
2025-07-18,W4,Mia Mayo,"Busy lunch, calm afternoon."
2025-07-19,C1,Frank Furter,A seagull stole a hot dog right out of a customer's hand.
2025-07-19,C4,Rick Relish,"Slow day, not much happening."
2025-07-19,W1,Rusty Mustard,"Busy lunch, calm afternoon."
2025-07-19,W2,Olga Onion,Ketchup delivery late. Supplier blames tomato harvest.
2025-07-20,C3,Patty Bun,"Football crowd, crazy busy for two hours."
2025-07-20,C4,Rick Relish,Nothing to report.
2025-07-20,W2,Olga Onion,"Rain outside, but the station keeps us busy."
2025-07-20,W3,Bob Bratwurst,Dead quiet without a match.
2025-07-21,C2,Sally Sauerkraut,"Busy lunch, calm afternoon."
2025-07-21,C3,Patty Bun,"No event today, very quiet."
2025-07-21,C4,Rick Relish,"Quiet day, few customers."
2025-07-21,W1,Rusty Mustard,Ran out of buns at 5pm.
2025-07-21,W4,Mia Mayo,Street musician next to the stand - customers stayed longer.
2025-07-22,C1,Frank Furter,Ran out of mustard at 4pm.
2025-07-22,C2,Sally Sauerkraut,Tourist asked why the red sausage is red. Nobody knows.
2025-07-22,C4,Rick Relish,Quiet day.
2025-07-22,W2,Olga Onion,Grill thermostat acting up again.
2025-07-22,W4,Mia Mayo,Street musician next to the stand - customers stayed longer.
2025-07-23,C1,Frank Furter,A seagull stole a hot dog right out of a customer's hand.
2025-07-23,C3,Patty Bun,"No event today, very quiet."
2025-07-23,C4,Rick Relish,Quiet day.
2025-07-23,W1,Rusty Mustard,Normal day.
2025-07-23,W2,Olga Onion,Ketchup delivery late. Supplier blames tomato harvest.
2025-07-23,W3,Bob Bratwurst,"No event today, very quiet."
2025-07-23,W4,Mia Mayo,Pigeons very bold today.
2025-07-24,C1,Frank Furter,A seagull stole a hot dog right out of a customer's hand.
2025-07-24,C2,Sally Sauerkraut,Normal day.
2025-07-24,C4,Rick Relish,Cash drawer sticky again. Will sort it out myself.
2025-07-24,W1,Rusty Mustard,Ran out of buns at 5pm.
2025-07-24,W2,Olga Onion,Street musician next to the stand - customers stayed longer.
2025-07-24,W3,Bob Bratwurst,Normal day.
2025-07-25,C1,Frank Furter,Cyclist crashed into the umbrella. Everyone fine.
2025-07-25,C2,Sally Sauerkraut,Normal day.
2025-07-25,C4,Rick Relish,Nothing to report.
2025-07-25,W1,Rusty Mustard,Pigeons very bold today.
2025-07-25,W2,Olga Onion,Street musician next to the stand - customers stayed longer.
2025-07-25,W3,Bob Bratwurst,Normal day.
2025-07-25,W4,Mia Mayo,Ran out of buns at 5pm.
2025-07-26,C4,Rick Relish,Nothing to report.
2025-07-26,W1,Rusty Mustard,Ketchup supplier raised prices AGAIN.
2025-07-26,W4,Mia Mayo,Steady lunch rush.
2025-07-27,C2,Sally Sauerkraut,A seagull stole a hot dog right out of a customer's hand.
2025-07-27,C4,Rick Relish,"Quiet day, few customers."
2025-07-27,W1,Rusty Mustard,"Busy lunch, calm afternoon."
2025-07-27,W2,Olga Onion,Steady lunch rush.
2025-07-27,W3,Bob Bratwurst,Dead quiet without a match.
2025-07-28,C4,Rick Relish,"Quiet day, few customers."
2025-07-28,W1,Rusty Mustard,Ketchup delivery late. Supplier blames tomato harvest.
2025-07-28,W4,Mia Mayo,Street musician next to the stand - customers stayed longer.
2025-07-29,C2,Sally Sauerkraut,Grill thermostat acting up again.
2025-07-29,C4,Rick Relish,"Quiet day, few customers."
2025-07-29,W1,Rusty Mustard,Grill thermostat acting up again.
2025-07-29,W4,Mia Mayo,Street musician next to the stand - customers stayed longer.
2025-07-30,C1,Frank Furter,Grill thermostat acting up again.
2025-07-30,C3,Patty Bun,Dead quiet without a match.
2025-07-30,C4,Rick Relish,"Quiet day, few customers."
2025-07-30,W1,Rusty Mustard,Ketchup supplier raised prices AGAIN.
2025-07-30,W3,Bob Bratwurst,Normal day.
2025-07-31,C1,Frank Furter,Ran out of mustard at 4pm.
2025-07-31,C2,Sally Sauerkraut,Tourist asked why the red sausage is red. Nobody knows.
2025-07-31,C3,Patty Bun,Dead quiet without a match.
2025-07-31,C4,Rick Relish,Quiet day.
2025-07-31,W1,Rusty Mustard,Ran out of buns at 5pm.
2025-07-31,W3,Bob Bratwurst,Dead quiet without a match.
2025-08-01,C1,Frank Furter,Ran out of mustard at 4pm.
2025-08-01,C2,Sally Sauerkraut,Tourist asked why the red sausage is red. Nobody knows.
2025-08-01,C4,Rick Relish,Quiet day.
2025-08-01,W4,Mia Mayo,Ran out of buns at 5pm.
2025-08-02,C1,Frank Furter,Cyclist crashed into the umbrella. Everyone fine.
2025-08-02,C3,Patty Bun,Normal day.
2025-08-02,W2,Olga Onion,Grill thermostat acting up again.
2025-08-02,W3,Bob Bratwurst,Match day! Queue all the way to the corner.
2025-08-02,W4,Mia Mayo,Ketchup delivery late. Supplier blames tomato harvest.
2025-08-03,C1,Frank Furter,Grill thermostat acting up again.
2025-08-03,C2,Sally Sauerkraut,Cyclist crashed into the umbrella. Everyone fine.
2025-08-03,C3,Patty Bun,Normal day.
2025-08-03,C4,Rick Relish,Quiet day.
2025-08-03,W2,Olga Onion,Ran out of buns at 5pm.
2025-08-03,W3,Bob Bratwurst,Normal day.
2025-08-03,W4,Mia Mayo,Pigeons very bold today.
2025-08-04,C2,Sally Sauerkraut,Normal day.
2025-08-04,C3,Patty Bun,Normal day.
2025-08-04,C4,Rick Relish,Quiet day.
2025-08-04,W1,Rusty Mustard,Normal day.
2025-08-04,W2,Olga Onion,Tourist ordered three zapiekankas and finished them all.
2025-08-04,W3,Bob Bratwurst,Dead quiet without a match.
2025-08-04,W4,Mia Mayo,Pigeons very bold today.
2025-08-05,C1,Frank Furter,Cyclist crashed into the umbrella. Everyone fine.
2025-08-05,C2,Sally Sauerkraut,Grill thermostat acting up again.
2025-08-05,C3,Patty Bun,"No event today, very quiet."
2025-08-05,C4,Rick Relish,Quiet day.
2025-08-05,W1,Rusty Mustard,Steady lunch rush.
2025-08-05,W3,Bob Bratwurst,Dead quiet without a match.
2025-08-05,W4,Mia Mayo,Street musician next to the stand - customers stayed longer.
2025-08-06,C2,Sally Sauerkraut,Normal day.
2025-08-06,C4,Rick Relish,Quiet day.
2025-08-06,W3,Bob Bratwurst,"No event today, very quiet."
2025-08-06,W4,Mia Mayo,Pigeons very bold today.
2025-08-07,C3,Patty Bun,Normal day.
2025-08-07,C4,Rick Relish,Quiet day.
2025-08-07,W1,Rusty Mustard,Steady lunch rush.
2025-08-07,W2,Olga Onion,Grill thermostat acting up again.
2025-08-07,W3,Bob Bratwurst,Normal day.
2025-08-08,C1,Frank Furter,Ran out of mustard at 4pm.
2025-08-08,C2,Sally Sauerkraut,Cyclist crashed into the umbrella. Everyone fine.
2025-08-08,C4,Rick Relish,"Slow day, not much happening."
2025-08-08,W2,Olga Onion,Ketchup delivery late. Supplier blames tomato harvest.
2025-08-08,W4,Mia Mayo,"Great weather, very busy."
2025-08-09,C4,Rick Relish,Quiet day.
2025-08-09,W1,Rusty Mustard,Grill thermostat acting up again.
2025-08-09,W2,Olga Onion,"Busy lunch, calm afternoon."
2025-08-09,W3,Bob Bratwurst,Match day - sold out of chili dogs at half time.
2025-08-09,W4,Mia Mayo,Pigeons very bold today.
2025-08-10,C3,Patty Bun,Match day - sold out of chili dogs at half time.
2025-08-10,C4,Rick Relish,"Quiet day, few customers."
2025-08-10,W3,Bob Bratwurst,"No event today, very quiet."
2025-08-10,W4,Mia Mayo,Steady lunch rush.
2025-08-11,C1,Frank Furter,Grill thermostat acting up again.
2025-08-11,C2,Sally Sauerkraut,Normal day.
2025-08-11,C3,Patty Bun,"No event today, very quiet."
2025-08-11,C4,Rick Relish,"Quiet day, few customers."
2025-08-11,W4,Mia Mayo,Ketchup delivery late. Supplier blames tomato harvest.
2025-08-12,C1,Frank Furter,Ran out of mustard at 4pm.
2025-08-12,C2,Sally Sauerkraut,A seagull stole a hot dog right out of a customer's hand.
2025-08-12,C3,Patty Bun,Normal day.
2025-08-12,C4,Rick Relish,"Quiet day, few customers."
2025-08-12,W2,Olga Onion,Steady lunch rush.
2025-08-12,W3,Bob Bratwurst,"No event today, very quiet."
2025-08-13,C2,Sally Sauerkraut,Tourist asked why the red sausage is red. Nobody knows.
2025-08-13,C3,Patty Bun,Dead quiet without a match.
2025-08-13,C4,Rick Relish,Nothing to report.
2025-08-13,W2,Olga Onion,Steady lunch rush.
2025-08-13,W3,Bob Bratwurst,"No event today, very quiet."
2025-08-14,C4,Rick Relish,"Quiet day, few customers."
2025-08-15,C1,Frank Furter,Pouring rain all afternoon. Very slow.
2025-08-15,C2,Sally Sauerkraut,"Rain outside, but the station keeps us busy."
2025-08-15,C3,Patty Bun,"No event today, very quiet."
2025-08-15,C4,Rick Relish,Quiet day.
2025-08-15,W1,Rusty Mustard,"Busy lunch, calm afternoon."
2025-08-15,W3,Bob Bratwurst,Normal day.
2025-08-15,W4,Mia Mayo,Normal day.
2025-08-16,C1,Frank Furter,"Rain, rain, rain. Few customers."
2025-08-16,C2,Sally Sauerkraut,"Rain outside, but the station keeps us busy."
2025-08-16,C4,Rick Relish,"Slow day, not much happening."
2025-08-16,W2,Olga Onion,Grill thermostat acting up again.
2025-08-17,C1,Frank Furter,Cyclist crashed into the umbrella. Everyone fine.
2025-08-17,C2,Sally Sauerkraut,Cyclist crashed into the umbrella. Everyone fine.
2025-08-17,C3,Patty Bun,Dead quiet without a match.
2025-08-17,C4,Rick Relish,Quiet day.
2025-08-17,W3,Bob Bratwurst,"No event today, very quiet."
2025-08-18,C4,Rick Relish,Quiet day.
2025-08-19,C1,Frank Furter,Steady lunch rush.
2025-08-19,C2,Sally Sauerkraut,Cyclist crashed into the umbrella. Everyone fine.
2025-08-19,C4,Rick Relish,"Slow day, not much happening."
2025-08-20,C1,Frank Furter,Normal day.
2025-08-20,C2,Sally Sauerkraut,Tourist asked why the red sausage is red. Nobody knows.
2025-08-20,C4,Rick Relish,Quiet day.
2025-08-20,W3,Bob Bratwurst,Normal day.
2025-08-20,W4,Mia Mayo,"Busy lunch, calm afternoon."
2025-08-21,C2,Sally Sauerkraut,Steady lunch rush.
2025-08-21,C3,Patty Bun,Normal day.
2025-08-21,C4,Rick Relish,"Slow day, not much happening."
2025-08-21,W1,Rusty Mustard,"Busy lunch, calm afternoon."
2025-08-21,W2,Olga Onion,Ketchup supplier raised prices AGAIN.
2025-08-21,W3,Bob Bratwurst,"No event today, very quiet."
2025-08-21,W4,Mia Mayo,Street musician next to the stand - customers stayed longer.
2025-08-22,C2,Sally Sauerkraut,Tourist asked why the red sausage is red. Nobody knows.
2025-08-22,C4,Rick Relish,"Quiet day, few customers."
2025-08-22,W3,Bob Bratwurst,"No event today, very quiet."
2025-08-23,C1,Frank Furter,Tourist asked why the red sausage is red. Nobody knows.
2025-08-23,C3,Patty Bun,Normal day.
2025-08-23,C4,Rick Relish,"Quiet day, few customers."
2025-08-23,W1,Rusty Mustard,Steady lunch rush.
2025-08-23,W3,Bob Bratwurst,"No event today, very quiet."
2025-08-23,W4,Mia Mayo,Ran out of buns at 5pm.
2025-08-24,C1,Frank Furter,Steady lunch rush.
2025-08-24,C2,Sally Sauerkraut,Cyclist crashed into the umbrella. Everyone fine.
2025-08-24,C3,Patty Bun,Match day! Queue all the way to the corner.
2025-08-24,W1,Rusty Mustard,Ketchup supplier raised prices AGAIN.
2025-08-24,W4,Mia Mayo,"Rain, rain, rain. Few customers."
2025-08-25,C1,Frank Furter,"Rain, rain, rain. Few customers."
2025-08-25,C2,Sally Sauerkraut,"Rain outside, but the station keeps us busy."
2025-08-25,C4,Rick Relish,Nothing to report.
2025-08-25,W1,Rusty Mustard,Pouring rain all afternoon. Very slow.
2025-08-25,W2,Olga Onion,"Rain outside, but the station keeps us busy."
2025-08-25,W3,Bob Bratwurst,Normal day.
2025-08-26,C1,Frank Furter,Tourist asked why the red sausage is red. Nobody knows.
2025-08-26,C3,Patty Bun,Normal day.
2025-08-26,C4,Rick Relish,"Quiet day, few customers."
2025-08-26,W1,Rusty Mustard,Grill thermostat acting up again.
2025-08-26,W3,Bob Bratwurst,"No event today, very quiet."
2025-08-26,W4,Mia Mayo,Pigeons very bold today.
2025-08-27,C1,Frank Furter,Grill thermostat acting up again.
2025-08-27,C2,Sally Sauerkraut,A seagull stole a hot dog right out of a customer's hand.
2025-08-27,C4,Rick Relish,"Slow day, not much happening."
2025-08-27,W1,Rusty Mustard,Ketchup delivery late. Supplier blames tomato harvest.
2025-08-27,W2,Olga Onion,Normal day.
2025-08-27,W3,Bob Bratwurst,Normal day.
2025-08-28,C1,Frank Furter,A seagull stole a hot dog right out of a customer's hand.
2025-08-28,C2,Sally Sauerkraut,"Busy lunch, calm afternoon."
2025-08-28,C4,Rick Relish,"Slow day, not much happening."
2025-08-28,W1,Rusty Mustard,Pigeons very bold today.
2025-08-28,W2,Olga Onion,"Busy lunch, calm afternoon."
2025-08-29,C1,Frank Furter,Tourist asked why the red sausage is red. Nobody knows.
2025-08-29,C4,Rick Relish,Quiet day.
2025-08-29,W1,Rusty Mustard,Pigeons very bold today.
2025-08-30,W1,Rusty Mustard,Ketchup supplier raised prices AGAIN.
2025-08-30,W2,Olga Onion,Grill thermostat acting up again.
2025-08-30,W3,Bob Bratwurst,Dead quiet without a match.
2025-08-31,C1,Frank Furter,Cyclist crashed into the umbrella. Everyone fine.
2025-08-31,C3,Patty Bun,Match day - sold out of chili dogs at half time.
2025-08-31,C4,Rick Relish,Nothing to report.
2025-08-31,W1,Rusty Mustard,Street musician next to the stand - customers stayed longer.
2025-09-01,C2,Sally Sauerkraut,Tourist asked why the red sausage is red. Nobody knows.
2025-09-01,C3,Patty Bun,Normal day.
2025-09-01,C4,Rick Relish,Quiet day.
2025-09-01,W2,Olga Onion,"Busy lunch, calm afternoon."
2025-09-01,W4,Mia Mayo,Ketchup delivery late. Supplier blames tomato harvest.
2025-09-02,C1,Frank Furter,Cyclist crashed into the umbrella. Everyone fine.
2025-09-02,C2,Sally Sauerkraut,A seagull stole a hot dog right out of a customer's hand.
2025-09-02,C4,Rick Relish,"Slow day, not much happening."
2025-09-02,W1,Rusty Mustard,Normal day.
2025-09-02,W2,Olga Onion,Steady lunch rush.
2025-09-02,W3,Bob Bratwurst,"No event today, very quiet."
2025-09-02,W4,Mia Mayo,Steady lunch rush.
2025-09-03,C1,Frank Furter,Steady lunch rush.
2025-09-03,C3,Patty Bun,"No event today, very quiet."
2025-09-03,W1,Rusty Mustard,Normal day.
2025-09-03,W3,Bob Bratwurst,Dead quiet without a match.
2025-09-03,W4,Mia Mayo,"Busy lunch, calm afternoon."
2025-09-04,C1,Frank Furter,"Busy lunch, calm afternoon."
2025-09-04,C2,Sally Sauerkraut,Grill thermostat acting up again.
2025-09-04,C4,Rick Relish,Quiet day.
2025-09-05,C2,Sally Sauerkraut,Tourist asked why the red sausage is red. Nobody knows.
2025-09-05,C3,Patty Bun,"No event today, very quiet."
2025-09-06,C1,Frank Furter,Pouring rain all afternoon. Very slow.
2025-09-06,C3,Patty Bun,"No event today, very quiet."
2025-09-06,C4,Rick Relish,"Slow day, not much happening."
2025-09-06,W1,Rusty Mustard,"Busy lunch, calm afternoon."
2025-09-06,W2,Olga Onion,Steady lunch rush.
2025-09-06,W4,Mia Mayo,Street musician next to the stand - customers stayed longer.
2025-09-07,C1,Frank Furter,"Rain, rain, rain. Few customers."
2025-09-07,C4,Rick Relish,"Slow day, not much happening."
2025-09-07,W1,Rusty Mustard,Ran out of buns at 5pm.
2025-09-07,W2,Olga Onion,Grill thermostat acting up again.
2025-09-07,W3,Bob Bratwurst,Normal day.
2025-09-08,C1,Frank Furter,Ran out of mustard at 4pm.
2025-09-08,C2,Sally Sauerkraut,Cyclist crashed into the umbrella. Everyone fine.
2025-09-08,C4,Rick Relish,"Quiet day, few customers."
2025-09-08,W2,Olga Onion,Normal day.
2025-09-08,W3,Bob Bratwurst,Dead quiet without a match.
2025-09-08,W4,Mia Mayo,Ketchup delivery late. Supplier blames tomato harvest.
2025-09-09,C1,Frank Furter,Normal day.
2025-09-09,C2,Sally Sauerkraut,Grill thermostat acting up again.
2025-09-09,C4,Rick Relish,Nothing to report.
2025-09-09,W1,Rusty Mustard,Ketchup delivery late. Supplier blames tomato harvest.
2025-09-09,W4,Mia Mayo,Grill thermostat acting up again.
2025-09-10,C1,Frank Furter,Cyclist crashed into the umbrella. Everyone fine.
2025-09-10,C3,Patty Bun,Dead quiet without a match.
2025-09-10,C4,Rick Relish,Cash drawer sticky again. Will sort it out myself.
2025-09-10,W1,Rusty Mustard,Ran out of buns at 5pm.
2025-09-10,W2,Olga Onion,Ketchup delivery late. Supplier blames tomato harvest.
2025-09-10,W3,Bob Bratwurst,Dead quiet without a match.
2025-09-11,C1,Frank Furter,Normal day.
2025-09-11,C2,Sally Sauerkraut,Ran out of mustard at 4pm.
2025-09-11,C4,Rick Relish,Quiet day.
2025-09-11,W3,Bob Bratwurst,"No event today, very quiet."
2025-09-12,C3,Patty Bun,"No event today, very quiet."
2025-09-12,C4,Rick Relish,Quiet day.
2025-09-12,W2,Olga Onion,Ketchup delivery late. Supplier blames tomato harvest.
2025-09-12,W4,Mia Mayo,Normal day.
2025-09-13,C3,Patty Bun,Normal day.
2025-09-13,C4,Rick Relish,Quiet day.
2025-09-13,W1,Rusty Mustard,Ketchup delivery late. Supplier blames tomato harvest.
2025-09-14,C2,Sally Sauerkraut,"Rain outside, but the station keeps us busy."
2025-09-14,W2,Olga Onion,Ketchup delivery late. Supplier blames tomato harvest.
2025-09-14,W3,Bob Bratwurst,Dead quiet without a match.
2025-09-14,W4,Mia Mayo,Tourist ordered three zapiekankas and finished them all.
2025-09-15,C1,Frank Furter,Cyclist crashed into the umbrella. Everyone fine.
2025-09-15,C3,Patty Bun,Dead quiet without a match.
2025-09-15,C4,Rick Relish,Quiet day.
2025-09-15,W2,Olga Onion,Ketchup delivery late. Supplier blames tomato harvest.
2025-09-15,W3,Bob Bratwurst,Normal day.
2025-09-15,W4,Mia Mayo,Ran out of buns at 5pm.
2025-09-16,C1,Frank Furter,"Busy lunch, calm afternoon."
2025-09-16,W1,Rusty Mustard,Pouring rain all afternoon. Very slow.
2025-09-16,W2,Olga Onion,"Rain outside, but the station keeps us busy."
2025-09-16,W4,Mia Mayo,"Rain, rain, rain. Few customers."
2025-09-17,C3,Patty Bun,"No event today, very quiet."
2025-09-17,C4,Rick Relish,Quiet day.
2025-09-17,W1,Rusty Mustard,Normal day.
2025-09-17,W2,Olga Onion,Ketchup supplier raised prices AGAIN.
2025-09-17,W4,Mia Mayo,Grill thermostat acting up again.
2025-09-18,C2,Sally Sauerkraut,Normal day.
2025-09-18,C3,Patty Bun,Dead quiet without a match.
2025-09-18,W1,Rusty Mustard,Ketchup delivery late. Supplier blames tomato harvest.
2025-09-18,W3,Bob Bratwurst,Dead quiet without a match.
2025-09-18,W4,Mia Mayo,Tourist ordered three zapiekankas and finished them all.
2025-09-19,C3,Patty Bun,Dead quiet without a match.
2025-09-19,C4,Rick Relish,Quiet day.
2025-09-19,W1,Rusty Mustard,Tourist ordered three zapiekankas and finished them all.
2025-09-19,W2,Olga Onion,Ketchup delivery late. Supplier blames tomato harvest.
2025-09-19,W3,Bob Bratwurst,Normal day.
2025-09-19,W4,Mia Mayo,"Busy lunch, calm afternoon."
2025-09-20,C4,Rick Relish,Nothing to report.
2025-09-20,W1,Rusty Mustard,Grill thermostat acting up again.
2025-09-20,W2,Olga Onion,Normal day.
2025-09-20,W3,Bob Bratwurst,Match day! Queue all the way to the corner.
2025-09-21,C1,Frank Furter,"Busy lunch, calm afternoon."
2025-09-21,C2,Sally Sauerkraut,A seagull stole a hot dog right out of a customer's hand.
2025-09-21,C3,Patty Bun,Normal day.
2025-09-21,C4,Rick Relish,"Slow day, not much happening."
2025-09-21,W3,Bob Bratwurst,Dead quiet without a match.
2025-09-21,W4,Mia Mayo,Ran out of buns at 5pm.
2025-09-22,C2,Sally Sauerkraut,Cyclist crashed into the umbrella. Everyone fine.
2025-09-22,C4,Rick Relish,Quiet day.
2025-09-22,W1,Rusty Mustard,Ran out of buns at 5pm.
2025-09-22,W2,Olga Onion,Ketchup delivery late. Supplier blames tomato harvest.
2025-09-22,W4,Mia Mayo,Street musician next to the stand - customers stayed longer.
2025-09-23,C3,Patty Bun,Dead quiet without a match.
2025-09-23,C4,Rick Relish,"Slow day, not much happening."
2025-09-23,W2,Olga Onion,"Rain outside, but the station keeps us busy."
2025-09-23,W4,Mia Mayo,"Rain, rain, rain. Few customers."
2025-09-24,C2,Sally Sauerkraut,Tourist asked why the red sausage is red. Nobody knows.
2025-09-24,C3,Patty Bun,Normal day.
2025-09-24,C4,Rick Relish,Nothing to report.
2025-09-24,W3,Bob Bratwurst,Dead quiet without a match.
2025-09-24,W4,Mia Mayo,Grill thermostat acting up again.
2025-09-25,C1,Frank Furter,Ran out of mustard at 4pm.
2025-09-25,C4,Rick Relish,"Quiet day, few customers."
2025-09-25,W1,Rusty Mustard,Street musician next to the stand - customers stayed longer.
2025-09-25,W2,Olga Onion,Street musician next to the stand - customers stayed longer.
2025-09-25,W3,Bob Bratwurst,Dead quiet without a match.
2025-09-26,C1,Frank Furter,Pouring rain all afternoon. Very slow.
2025-09-26,C2,Sally Sauerkraut,"Rain outside, but the station keeps us busy."
2025-09-26,C4,Rick Relish,"Quiet day, few customers."
2025-09-26,W1,Rusty Mustard,"Busy lunch, calm afternoon."
2025-09-26,W3,Bob Bratwurst,Normal day.
2025-09-27,C1,Frank Furter,"Busy lunch, calm afternoon."
2025-09-27,C2,Sally Sauerkraut,Steady lunch rush.
2025-09-27,W3,Bob Bratwurst,"No event today, very quiet."
2025-09-28,C4,Rick Relish,Quiet day.
2025-09-28,W2,Olga Onion,Steady lunch rush.
2025-09-28,W3,Bob Bratwurst,Dead quiet without a match.
2025-09-28,W4,Mia Mayo,Normal day.
2025-09-29,C4,Rick Relish,Nothing to report.
2025-09-29,W1,Rusty Mustard,Pigeons very bold today.
2025-09-29,W4,Mia Mayo,Pigeons very bold today.
2025-09-30,C1,Frank Furter,Tourist asked why the red sausage is red. Nobody knows.
2025-09-30,C3,Patty Bun,Dead quiet without a match.
2025-09-30,W1,Rusty Mustard,Pigeons very bold today.
2025-09-30,W3,Bob Bratwurst,"No event today, very quiet."
2025-09-30,W4,Mia Mayo,Ran out of buns at 5pm.
2025-10-01,C1,Frank Furter,"Busy lunch, calm afternoon."
2025-10-01,C4,Rick Relish,Nothing to report.
2025-10-01,W1,Rusty Mustard,Tourist ordered three zapiekankas and finished them all.
2025-10-01,W2,Olga Onion,Street musician next to the stand - customers stayed longer.
2025-10-02,C1,Frank Furter,Grill thermostat acting up again.
2025-10-02,C2,Sally Sauerkraut,Ran out of mustard at 4pm.
2025-10-02,C4,Rick Relish,"Quiet day, few customers."
2025-10-03,C1,Frank Furter,Pouring rain all afternoon. Very slow.
2025-10-03,C3,Patty Bun,Dead quiet without a match.
2025-10-03,C4,Rick Relish,"Slow day, not much happening."
2025-10-03,W1,Rusty Mustard,Pigeons very bold today.
2025-10-03,W3,Bob Bratwurst,Normal day.
2025-10-04,C2,Sally Sauerkraut,Cyclist crashed into the umbrella. Everyone fine.
2025-10-04,C4,Rick Relish,"Slow day, not much happening."
2025-10-04,W1,Rusty Mustard,Normal day.
2025-10-05,W2,Olga Onion,Tourist ordered three zapiekankas and finished them all.
2025-10-05,W3,Bob Bratwurst,Dead quiet without a match.
2025-10-06,C1,Frank Furter,Cyclist crashed into the umbrella. Everyone fine.
2025-10-06,C2,Sally Sauerkraut,Cyclist crashed into the umbrella. Everyone fine.
2025-10-06,C3,Patty Bun,"No event today, very quiet."
2025-10-06,C4,Rick Relish,"Slow day, not much happening."
2025-10-06,W3,Bob Bratwurst,Dead quiet without a match.
2025-10-07,C1,Frank Furter,Tourist asked why the red sausage is red. Nobody knows.
2025-10-07,C3,Patty Bun,Normal day.
2025-10-07,C4,Rick Relish,Quiet day.
2025-10-07,W2,Olga Onion,Ran out of buns at 5pm.
2025-10-07,W3,Bob Bratwurst,Normal day.
2025-10-08,C1,Frank Furter,"Busy lunch, calm afternoon."
2025-10-08,C2,Sally Sauerkraut,Tourist asked why the red sausage is red. Nobody knows.
2025-10-08,C3,Patty Bun,Normal day.
2025-10-08,C4,Rick Relish,Quiet day.
2025-10-08,W2,Olga Onion,"Rain outside, but the station keeps us busy."
2025-10-08,W3,Bob Bratwurst,Normal day.
2025-10-09,C1,Frank Furter,Grill thermostat acting up again.
2025-10-09,C4,Rick Relish,Nothing to report.
2025-10-09,W2,Olga Onion,Steady lunch rush.
2025-10-09,W3,Bob Bratwurst,Dead quiet without a match.
2025-10-10,C1,Frank Furter,"Busy lunch, calm afternoon."
2025-10-10,C2,Sally Sauerkraut,"Busy lunch, calm afternoon."
2025-10-10,C3,Patty Bun,Dead quiet without a match.
2025-10-10,C4,Rick Relish,Cash drawer sticky again. Will sort it out myself.
2025-10-10,W1,Rusty Mustard,Steady lunch rush.
2025-10-10,W3,Bob Bratwurst,Dead quiet without a match.
2025-10-11,C1,Frank Furter,Steady lunch rush.
2025-10-11,C2,Sally Sauerkraut,Normal day.
2025-10-11,C3,Patty Bun,Dead quiet without a match.
2025-10-11,C4,Rick Relish,Quiet day.
2025-10-11,W2,Olga Onion,Pigeons very bold today.
2025-10-12,C3,Patty Bun,Match day - sold out of chili dogs at half time.
2025-10-12,C4,Rick Relish,Quiet day.
2025-10-12,W1,Rusty Mustard,Ran out of buns at 5pm.
2025-10-12,W3,Bob Bratwurst,Normal day.
2025-10-13,C1,Frank Furter,Grill thermostat acting up again.
2025-10-13,C2,Sally Sauerkraut,Steady lunch rush.
2025-10-13,C3,Patty Bun,Dead quiet without a match.
2025-10-13,C4,Rick Relish,Quiet day.
2025-10-13,W1,Rusty Mustard,"Busy lunch, calm afternoon."
2025-10-13,W2,Olga Onion,Steady lunch rush.
2025-10-14,C1,Frank Furter,"Busy lunch, calm afternoon."
2025-10-14,C2,Sally Sauerkraut,Cyclist crashed into the umbrella. Everyone fine.
2025-10-14,C4,Rick Relish,Quiet day.
2025-10-14,W1,Rusty Mustard,Grill thermostat acting up again.
2025-10-14,W2,Olga Onion,Tourist ordered three zapiekankas and finished them all.
2025-10-15,C1,Frank Furter,"Rain, rain, rain. Few customers."
2025-10-15,C3,Patty Bun,Normal day.
2025-10-15,W3,Bob Bratwurst,"No event today, very quiet."
2025-10-16,C4,Rick Relish,Nothing to report.
2025-10-16,W2,Olga Onion,Grill thermostat acting up again.
2025-10-17,C1,Frank Furter,Normal day.
2025-10-17,C3,Patty Bun,"No event today, very quiet."
2025-10-17,C4,Rick Relish,"Quiet day, few customers."
2025-10-17,W2,Olga Onion,Ketchup delivery late. Supplier blames tomato harvest.
2025-10-17,W3,Bob Bratwurst,Dead quiet without a match.
2025-10-18,C1,Frank Furter,Grill thermostat acting up again.
2025-10-18,C2,Sally Sauerkraut,Normal day.
2025-10-18,C3,Patty Bun,Dead quiet without a match.
2025-10-18,C4,Rick Relish,Quiet day.
2025-10-18,W2,Olga Onion,Pigeons very bold today.
2025-10-18,W3,Bob Bratwurst,Normal day.
2025-10-19,C1,Frank Furter,Normal day.
2025-10-19,C2,Sally Sauerkraut,Cyclist crashed into the umbrella. Everyone fine.
2025-10-19,W1,Rusty Mustard,Tourist ordered three zapiekankas and finished them all.
2025-10-19,W2,Olga Onion,Ketchup delivery late. Supplier blames tomato harvest.
2025-10-19,W3,Bob Bratwurst,Dead quiet without a match.
2025-10-20,C1,Frank Furter,Steady lunch rush.
2025-10-20,C3,Patty Bun,Dead quiet without a match.
2025-10-20,C4,Rick Relish,Nothing to report.
2025-10-20,W1,Rusty Mustard,Tourist ordered three zapiekankas and finished them all.
2025-10-20,W3,Bob Bratwurst,Dead quiet without a match.
2025-10-21,C2,Sally Sauerkraut,"Rain outside, but the station keeps us busy."
2025-10-21,C4,Rick Relish,Quiet day.
2025-10-21,W1,Rusty Mustard,Ran out of buns at 5pm.
2025-10-21,W2,Olga Onion,Street musician next to the stand - customers stayed longer.
2025-10-22,C3,Patty Bun,Normal day.
2025-10-22,C4,Rick Relish,Quiet day.
2025-10-22,W1,Rusty Mustard,Tourist ordered three zapiekankas and finished them all.
2025-10-23,C2,Sally Sauerkraut,Cyclist crashed into the umbrella. Everyone fine.
2025-10-23,W1,Rusty Mustard,Normal day.
2025-10-23,W2,Olga Onion,Ketchup delivery late. Supplier blames tomato harvest.
2025-10-23,W3,Bob Bratwurst,"No event today, very quiet."
2025-10-24,C1,Frank Furter,Tourist asked why the red sausage is red. Nobody knows.
2025-10-24,C2,Sally Sauerkraut,"Busy lunch, calm afternoon."
2025-10-24,W3,Bob Bratwurst,Normal day.
2025-10-25,C1,Frank Furter,Steady lunch rush.
2025-10-25,C2,Sally Sauerkraut,Steady lunch rush.
2025-10-25,C3,Patty Bun,"No event today, very quiet."
2025-10-25,C4,Rick Relish,Quiet day.
2025-10-25,W1,Rusty Mustard,Ketchup supplier raised prices AGAIN.
2025-10-25,W2,Olga Onion,Ketchup supplier raised prices AGAIN.
2025-10-25,W3,Bob Bratwurst,Match day! Queue all the way to the corner.
2025-10-26,C2,Sally Sauerkraut,A seagull stole a hot dog right out of a customer's hand.
2025-10-26,C4,Rick Relish,"Slow day, not much happening."
2025-10-26,W1,Rusty Mustard,Grill thermostat acting up again.
2025-10-27,C1,Frank Furter,Steady lunch rush.
2025-10-27,C3,Patty Bun,Normal day.
2025-10-27,C4,Rick Relish,Nothing to report.
2025-10-27,W2,Olga Onion,"Rain outside, but the station keeps us busy."
2025-10-27,W3,Bob Bratwurst,"No event today, very quiet."
2025-10-28,C2,Sally Sauerkraut,Grill thermostat acting up again.
2025-10-28,C3,Patty Bun,"No event today, very quiet."
2025-10-28,C4,Rick Relish,Quiet day.
2025-10-28,W2,Olga Onion,Ketchup delivery late. Supplier blames tomato harvest.
2025-10-28,W3,Bob Bratwurst,"No event today, very quiet."
2025-10-29,C1,Frank Furter,A seagull stole a hot dog right out of a customer's hand.
2025-10-29,C2,Sally Sauerkraut,"Busy lunch, calm afternoon."
2025-10-29,C3,Patty Bun,Normal day.
2025-10-29,C4,Rick Relish,Quiet day.
2025-10-29,W1,Rusty Mustard,Ketchup delivery late. Supplier blames tomato harvest.
2025-10-30,C1,Frank Furter,Tourist asked why the red sausage is red. Nobody knows.
2025-10-30,C3,Patty Bun,Normal day.
2025-10-30,C4,Rick Relish,"Quiet day, few customers."
2025-10-30,W1,Rusty Mustard,"Busy lunch, calm afternoon."
2025-10-30,W2,Olga Onion,Grill thermostat acting up again.
2025-10-31,C1,Frank Furter,Tourist asked why the red sausage is red. Nobody knows.
2025-10-31,C2,Sally Sauerkraut,Cyclist crashed into the umbrella. Everyone fine.
2025-10-31,C4,Rick Relish,"Quiet day, few customers."
2025-10-31,W1,Rusty Mustard,"Rain, rain, rain. Few customers."
2025-11-01,C1,Frank Furter,"Busy lunch, calm afternoon."
2025-11-01,C2,Sally Sauerkraut,Normal day.
2025-11-01,C4,Rick Relish,Nothing to report.
2025-11-01,W1,Rusty Mustard,Grill thermostat acting up again.
2025-11-01,W2,Olga Onion,Grill thermostat acting up again.
2025-11-01,W3,Bob Bratwurst,"No event today, very quiet."
2025-11-02,C1,Frank Furter,Grill thermostat acting up again.
2025-11-02,C3,Patty Bun,Match day - sold out of chili dogs at half time.
2025-11-02,C4,Rick Relish,Quiet day.
2025-11-02,W1,Rusty Mustard,Pigeons very bold today.
2025-11-02,W2,Olga Onion,Steady lunch rush.
2025-11-03,C1,Frank Furter,Normal day.
2025-11-03,C3,Patty Bun,"No event today, very quiet."
2025-11-03,C4,Rick Relish,Quiet day.
2025-11-03,W1,Rusty Mustard,Normal day.
2025-11-04,C1,Frank Furter,Tourist asked why the red sausage is red. Nobody knows.
2025-11-04,C3,Patty Bun,Normal day.
2025-11-04,C4,Rick Relish,Quiet day.
2025-11-04,W3,Bob Bratwurst,"No event today, very quiet."
2025-11-05,C1,Frank Furter,Normal day.
2025-11-05,C2,Sally Sauerkraut,Cyclist crashed into the umbrella. Everyone fine.
2025-11-05,C3,Patty Bun,Normal day.
2025-11-05,C4,Rick Relish,"Quiet day, few customers."
2025-11-05,W2,Olga Onion,Grill thermostat acting up again.
2025-11-05,W3,Bob Bratwurst,Normal day.
2025-11-06,C1,Frank Furter,Steady lunch rush.
2025-11-06,C3,Patty Bun,Normal day.
2025-11-06,C4,Rick Relish,"Quiet day, few customers."
2025-11-07,C2,Sally Sauerkraut,"Busy lunch, calm afternoon."
2025-11-07,C4,Rick Relish,Quiet day.
2025-11-07,W1,Rusty Mustard,Pouring rain all afternoon. Very slow.
2025-11-07,W2,Olga Onion,"Rain outside, but the station keeps us busy."
2025-11-07,W3,Bob Bratwurst,Normal day.
2025-11-08,C3,Patty Bun,Normal day.
2025-11-08,C4,Rick Relish,"Quiet day, few customers."
2025-11-09,C2,Sally Sauerkraut,Cyclist crashed into the umbrella. Everyone fine.
2025-11-09,C4,Rick Relish,"Quiet day, few customers."
2025-11-09,W3,Bob Bratwurst,Dead quiet without a match.
2025-11-10,C1,Frank Furter,A seagull stole a hot dog right out of a customer's hand.
2025-11-10,C2,Sally Sauerkraut,Steady lunch rush.
2025-11-10,C4,Rick Relish,Cash drawer sticky again. Will sort it out myself.
2025-11-11,C1,Frank Furter,"Rain, rain, rain. Few customers."
2025-11-11,C2,Sally Sauerkraut,"Rain outside, but the station keeps us busy."
2025-11-11,C4,Rick Relish,Nothing to report.
2025-11-11,W1,Rusty Mustard,Tourist ordered three zapiekankas and finished them all.
2025-11-12,C1,Frank Furter,A seagull stole a hot dog right out of a customer's hand.
2025-11-12,C2,Sally Sauerkraut,Cyclist crashed into the umbrella. Everyone fine.
2025-11-12,C4,Rick Relish,"Quiet day, few customers."
2025-11-12,W2,Olga Onion,Pigeons very bold today.
2025-11-12,W3,Bob Bratwurst,Normal day.
2025-11-13,C1,Frank Furter,Steady lunch rush.
2025-11-13,C2,Sally Sauerkraut,A seagull stole a hot dog right out of a customer's hand.
2025-11-13,C4,Rick Relish,Quiet day.
2025-11-13,W2,Olga Onion,"Rain outside, but the station keeps us busy."
2025-11-14,C1,Frank Furter,Grill thermostat acting up again.
2025-11-14,C3,Patty Bun,"No event today, very quiet."
2025-11-14,W1,Rusty Mustard,Pigeons very bold today.
2025-11-15,C1,Frank Furter,Pouring rain all afternoon. Very slow.
2025-11-15,C3,Patty Bun,"No event today, very quiet."
2025-11-15,C4,Rick Relish,Quiet day.
2025-11-15,W2,Olga Onion,Pigeons very bold today.
2025-11-15,W3,Bob Bratwurst,Normal day.
2025-11-16,C1,Frank Furter,Normal day.
2025-11-16,C2,Sally Sauerkraut,Normal day.
2025-11-16,C3,Patty Bun,"No event today, very quiet."
2025-11-16,C4,Rick Relish,"Slow day, not much happening."
2025-11-16,W1,Rusty Mustard,"Busy lunch, calm afternoon."
2025-11-16,W3,Bob Bratwurst,"No event today, very quiet."
2025-11-17,C1,Frank Furter,Cyclist crashed into the umbrella. Everyone fine.
2025-11-17,C2,Sally Sauerkraut,Normal day.
2025-11-17,C4,Rick Relish,Quiet day.
2025-11-17,W1,Rusty Mustard,Street musician next to the stand - customers stayed longer.
2025-11-17,W2,Olga Onion,Pigeons very bold today.
2025-11-18,C1,Frank Furter,Ran out of mustard at 4pm.
2025-11-18,C3,Patty Bun,Dead quiet without a match.
2025-11-18,C4,Rick Relish,Quiet day.
2025-11-18,W2,Olga Onion,Normal day.
2025-11-18,W3,Bob Bratwurst,Dead quiet without a match.
2025-11-19,C2,Sally Sauerkraut,Ran out of mustard at 4pm.
2025-11-19,C3,Patty Bun,Normal day.
2025-11-19,W1,Rusty Mustard,Ran out of buns at 5pm.
2025-11-19,W3,Bob Bratwurst,"No event today, very quiet."
2025-11-20,C4,Rick Relish,Quiet day.
2025-11-20,W1,Rusty Mustard,Grill thermostat acting up again.
2025-11-20,W3,Bob Bratwurst,"No event today, very quiet."
2025-11-21,C1,Frank Furter,"Busy lunch, calm afternoon."
2025-11-21,C2,Sally Sauerkraut,A seagull stole a hot dog right out of a customer's hand.
2025-11-21,C4,Rick Relish,Quiet day.
2025-11-21,W2,Olga Onion,Ran out of buns at 5pm.
2025-11-22,C1,Frank Furter,Steady lunch rush.
2025-11-22,C2,Sally Sauerkraut,Cyclist crashed into the umbrella. Everyone fine.
2025-11-22,C4,Rick Relish,Quiet day.
2025-11-22,W1,Rusty Mustard,Christmas market crowds. Chocolate milk flying off the shelf.
2025-11-22,W2,Olga Onion,Tourist ordered three zapiekankas and finished them all.
2025-11-23,C2,Sally Sauerkraut,Cyclist crashed into the umbrella. Everyone fine.
2025-11-23,C3,Patty Bun,Match day - sold out of chili dogs at half time.
2025-11-23,W1,Rusty Mustard,Christmas market crowds. Chocolate milk flying off the shelf.
2025-11-24,C2,Sally Sauerkraut,Steady lunch rush.
2025-11-24,C3,Patty Bun,Normal day.
2025-11-24,C4,Rick Relish,Cash drawer sticky again. Will sort it out myself.
2025-11-24,W1,Rusty Mustard,Christmas market crowds. Chocolate milk flying off the shelf.
2025-11-24,W2,Olga Onion,"Rain outside, but the station keeps us busy."
2025-11-24,W3,Bob Bratwurst,"No event today, very quiet."
2025-11-25,C1,Frank Furter,Christmas market crowds. Chocolate milk flying off the shelf.
2025-11-25,C2,Sally Sauerkraut,Grill thermostat acting up again.
2025-11-25,C3,Patty Bun,"No event today, very quiet."
2025-11-25,C4,Rick Relish,Nothing to report.
2025-11-25,W1,Rusty Mustard,Christmas market crowds. Chocolate milk flying off the shelf.
2025-11-25,W2,Olga Onion,"Rain outside, but the station keeps us busy."
2025-11-25,W3,Bob Bratwurst,Dead quiet without a match.
2025-11-26,C1,Frank Furter,Christmas market crowds. Chocolate milk flying off the shelf.
2025-11-26,C2,Sally Sauerkraut,Tourist asked why the red sausage is red. Nobody knows.
2025-11-26,C3,Patty Bun,Dead quiet without a match.
2025-11-26,C4,Rick Relish,"Slow day, not much happening."
2025-11-26,W2,Olga Onion,Grill thermostat acting up again.
2025-11-27,C1,Frank Furter,"Busy lunch, calm afternoon."
2025-11-27,C3,Patty Bun,Dead quiet without a match.
2025-11-27,C4,Rick Relish,Quiet day.
2025-11-27,W3,Bob Bratwurst,Dead quiet without a match.
2025-11-28,C1,Frank Furter,Cyclist crashed into the umbrella. Everyone fine.
2025-11-28,C2,Sally Sauerkraut,Cyclist crashed into the umbrella. Everyone fine.
2025-11-28,C3,Patty Bun,"No event today, very quiet."
2025-11-28,C4,Rick Relish,Nothing to report.
2025-11-28,W1,Rusty Mustard,"Rain, rain, rain. Few customers."
2025-11-28,W2,Olga Onion,"Rain outside, but the station keeps us busy."
2025-11-28,W3,Bob Bratwurst,Normal day.
2025-11-29,C1,Frank Furter,"Busy lunch, calm afternoon."
2025-11-29,C2,Sally Sauerkraut,"Busy lunch, calm afternoon."
2025-11-29,C3,Patty Bun,"No event today, very quiet."
2025-11-29,C4,Rick Relish,Quiet day.
2025-11-29,W3,Bob Bratwurst,Normal day.
2025-11-30,C2,Sally Sauerkraut,A seagull stole a hot dog right out of a customer's hand.
2025-11-30,C4,Rick Relish,"Quiet day, few customers."
2025-11-30,W2,Olga Onion,Ran out of buns at 5pm.
2025-12-01,C1,Frank Furter,Christmas market crowds. Chocolate milk flying off the shelf.
2025-12-01,C4,Rick Relish,Nothing to report.
2025-12-01,W1,Rusty Mustard,"Busy lunch, calm afternoon."
2025-12-01,W2,Olga Onion,Ran out of buns at 5pm.
2025-12-02,C1,Frank Furter,Storm warning - closed for the day.
2025-12-02,C2,Sally Sauerkraut,"Rain outside, but the station keeps us busy."
2025-12-02,C3,Patty Bun,Storm warning - closed for the day.
2025-12-02,C4,Rick Relish,Storm warning - closed for the day.
2025-12-03,C2,Sally Sauerkraut,Tourist asked why the red sausage is red. Nobody knows.
2025-12-03,C3,Patty Bun,Normal day.
2025-12-03,W2,Olga Onion,"Busy lunch, calm afternoon."
2025-12-04,C1,Frank Furter,Christmas market crowds. Chocolate milk flying off the shelf.
2025-12-04,C3,Patty Bun,Normal day.
2025-12-04,C4,Rick Relish,Quiet day.
2025-12-04,W1,Rusty Mustard,Christmas market crowds. Chocolate milk flying off the shelf.
2025-12-04,W2,Olga Onion,Grill thermostat acting up again.
2025-12-04,W3,Bob Bratwurst,"No event today, very quiet."
2025-12-05,C2,Sally Sauerkraut,Cyclist crashed into the umbrella. Everyone fine.
2025-12-05,C4,Rick Relish,Nothing to report.
2025-12-05,W2,Olga Onion,Grill thermostat acting up again.
2025-12-06,C1,Frank Furter,Grill thermostat acting up again.
2025-12-06,C2,Sally Sauerkraut,Cyclist crashed into the umbrella. Everyone fine.
2025-12-06,C3,Patty Bun,Normal day.
2025-12-06,W1,Rusty Mustard,Street musician next to the stand - customers stayed longer.
2025-12-06,W2,Olga Onion,Tourist ordered three zapiekankas and finished them all.
2025-12-07,C1,Frank Furter,Christmas market crowds. Chocolate milk flying off the shelf.
2025-12-07,C2,Sally Sauerkraut,Steady lunch rush.
2025-12-07,C3,Patty Bun,Normal day.
2025-12-07,C4,Rick Relish,Quiet day.
2025-12-07,W1,Rusty Mustard,Christmas market crowds. Chocolate milk flying off the shelf.
2025-12-08,C1,Frank Furter,Christmas market crowds. Chocolate milk flying off the shelf.
2025-12-08,C3,Patty Bun,"No event today, very quiet."
2025-12-08,C4,Rick Relish,Quiet day.
2025-12-08,W1,Rusty Mustard,Christmas market crowds. Chocolate milk flying off the shelf.
2025-12-08,W2,Olga Onion,Ran out of buns at 5pm.
2025-12-08,W3,Bob Bratwurst,Normal day.
2025-12-09,C4,Rick Relish,"Slow day, not much happening."
2025-12-09,W2,Olga Onion,Ran out of buns at 5pm.
2025-12-09,W3,Bob Bratwurst,Dead quiet without a match.
2025-12-10,C1,Frank Furter,Storm warning - closed for the day.
2025-12-10,C3,Patty Bun,Storm warning - closed for the day.
2025-12-10,C4,Rick Relish,Storm warning - closed for the day.
2025-12-10,W1,Rusty Mustard,Normal day.
2025-12-10,W3,Bob Bratwurst,Dead quiet without a match.
2025-12-11,C1,Frank Furter,Christmas market crowds. Chocolate milk flying off the shelf.
2025-12-11,C3,Patty Bun,Dead quiet without a match.
2025-12-11,C4,Rick Relish,"Quiet day, few customers."
2025-12-11,W2,Olga Onion,Ran out of buns at 5pm.
2025-12-12,C2,Sally Sauerkraut,Steady lunch rush.
2025-12-12,C3,Patty Bun,Normal day.
2025-12-12,C4,Rick Relish,Quiet day.
2025-12-12,W2,Olga Onion,"Rain outside, but the station keeps us busy."
2025-12-13,C2,Sally Sauerkraut,Cyclist crashed into the umbrella. Everyone fine.
2025-12-13,C3,Patty Bun,Normal day.
2025-12-13,C4,Rick Relish,Nothing to report.
2025-12-13,W2,Olga Onion,Normal day.
2025-12-14,C3,Patty Bun,Dead quiet without a match.
2025-12-14,C4,Rick Relish,Quiet day.
2025-12-14,W1,Rusty Mustard,Pouring rain all afternoon. Very slow.
2025-12-14,W3,Bob Bratwurst,"No event today, very quiet."
2025-12-15,C1,Frank Furter,Christmas market crowds. Chocolate milk flying off the shelf.
2025-12-15,W2,Olga Onion,Tourist ordered three zapiekankas and finished them all.
2025-12-16,C1,Frank Furter,Tourist asked why the red sausage is red. Nobody knows.
2025-12-16,C4,Rick Relish,Quiet day.
2025-12-16,W1,Rusty Mustard,Pigeons very bold today.
2025-12-17,C4,Rick Relish,Quiet day.
2025-12-17,W2,Olga Onion,Ran out of buns at 5pm.
2025-12-18,C3,Patty Bun,Normal day.
2025-12-18,C4,Rick Relish,"Slow day, not much happening."
2025-12-18,W1,Rusty Mustard,Grill thermostat acting up again.
2025-12-19,C1,Frank Furter,"Rain, rain, rain. Few customers."
2025-12-19,C2,Sally Sauerkraut,"Rain outside, but the station keeps us busy."
2025-12-19,C4,Rick Relish,Quiet day.
2025-12-19,W2,Olga Onion,Ran out of buns at 5pm.
2025-12-20,C2,Sally Sauerkraut,A seagull stole a hot dog right out of a customer's hand.
2025-12-20,C3,Patty Bun,"No event today, very quiet."
2025-12-20,W1,Rusty Mustard,Christmas market crowds. Chocolate milk flying off the shelf.
2025-12-20,W3,Bob Bratwurst,Dead quiet without a match.
2025-12-21,C1,Frank Furter,Cyclist crashed into the umbrella. Everyone fine.
2025-12-21,C2,Sally Sauerkraut,Normal day.
2025-12-21,C3,Patty Bun,"No event today, very quiet."
2025-12-21,C4,Rick Relish,Quiet day.
2025-12-21,W1,Rusty Mustard,Christmas market crowds. Chocolate milk flying off the shelf.
2025-12-21,W2,Olga Onion,Tourist ordered three zapiekankas and finished them all.
2025-12-22,C2,Sally Sauerkraut,Grill thermostat acting up again.
2025-12-22,C3,Patty Bun,"No event today, very quiet."
2025-12-22,C4,Rick Relish,Quiet day.
2025-12-23,C1,Frank Furter,"Rain, rain, rain. Few customers."
2025-12-23,C2,Sally Sauerkraut,"Rain outside, but the station keeps us busy."
2025-12-23,C4,Rick Relish,Quiet day.
2025-12-23,W1,Rusty Mustard,Steady lunch rush.
2025-12-23,W3,Bob Bratwurst,Dead quiet without a match.
2025-12-24,C1,Frank Furter,Steady lunch rush.
2025-12-24,C2,Sally Sauerkraut,Tourist asked why the red sausage is red. Nobody knows.
2025-12-24,C3,Patty Bun,Dead quiet without a match.
2025-12-24,C4,Rick Relish,Nothing to report.
2025-12-24,W1,Rusty Mustard,Ran out of buns at 5pm.
2025-12-24,W2,Olga Onion,"Busy lunch, calm afternoon."
2025-12-25,C1,Frank Furter,Cyclist crashed into the umbrella. Everyone fine.
2025-12-25,C4,Rick Relish,"Quiet day, few customers."
2025-12-25,W3,Bob Bratwurst,Dead quiet without a match.
2025-12-26,C1,Frank Furter,Tourist asked why the red sausage is red. Nobody knows.
2025-12-26,C2,Sally Sauerkraut,Steady lunch rush.
2025-12-26,C3,Patty Bun,Dead quiet without a match.
2025-12-26,C4,Rick Relish,Nothing to report.
2025-12-26,W1,Rusty Mustard,"Busy lunch, calm afternoon."
2025-12-26,W3,Bob Bratwurst,Dead quiet without a match.
2025-12-27,C1,Frank Furter,Storm warning - closed for the day.
2025-12-27,C2,Sally Sauerkraut,"Rain outside, but the station keeps us busy."
2025-12-27,C3,Patty Bun,Storm warning - closed for the day.
2025-12-27,C4,Rick Relish,Storm warning - closed for the day.
2025-12-27,W1,Rusty Mustard,Normal day.
2025-12-28,C1,Frank Furter,Pouring rain all afternoon. Very slow.
2025-12-28,C2,Sally Sauerkraut,"Rain outside, but the station keeps us busy."
2025-12-28,C4,Rick Relish,Nothing to report.
2025-12-28,W2,Olga Onion,"Busy lunch, calm afternoon."
2025-12-28,W3,Bob Bratwurst,Dead quiet without a match.
2025-12-29,C1,Frank Furter,Tourist asked why the red sausage is red. Nobody knows.
2025-12-29,C2,Sally Sauerkraut,Tourist asked why the red sausage is red. Nobody knows.
2025-12-29,C4,Rick Relish,"Slow day, not much happening."
2025-12-29,W2,Olga Onion,"Rain outside, but the station keeps us busy."
2025-12-29,W3,Bob Bratwurst,"No event today, very quiet."
2025-12-30,C2,Sally Sauerkraut,Cyclist crashed into the umbrella. Everyone fine.
2025-12-30,C3,Patty Bun,Normal day.
2025-12-30,C4,Rick Relish,Nothing to report.
2025-12-30,W1,Rusty Mustard,Steady lunch rush.
2025-12-30,W2,Olga Onion,Street musician next to the stand - customers stayed longer.
2025-12-30,W3,Bob Bratwurst,Normal day.
2025-12-31,C3,Patty Bun,Normal day.
2025-12-31,C4,Rick Relish,Quiet day.
2025-12-31,W1,Rusty Mustard,Grill thermostat acting up again.
2025-12-31,W3,Bob Bratwurst,Dead quiet without a match.
