week_start,city,ingredient,unit,price,currency
2024-01-01,Copenhagen,sausage,kg,74.87,DKK
2024-01-08,Copenhagen,sausage,kg,75.17,DKK
2024-01-15,Copenhagen,sausage,kg,74.94,DKK
2024-01-22,Copenhagen,sausage,kg,75.84,DKK
2024-01-29,Copenhagen,sausage,kg,75.67,DKK
2024-02-05,Copenhagen,sausage,kg,75.56,DKK
2024-02-12,Copenhagen,sausage,kg,74.72,DKK
2024-02-19,Copenhagen,sausage,kg,74.98,DKK
2024-02-26,Copenhagen,sausage,kg,74.23,DKK
2024-03-04,Copenhagen,sausage,kg,74.33,DKK
2024-03-11,Copenhagen,sausage,kg,74.6,DKK
2024-03-18,Copenhagen,sausage,kg,74.42,DKK
2024-03-25,Copenhagen,sausage,kg,74.92,DKK
2024-04-01,Copenhagen,sausage,kg,75.06,DKK
2024-04-08,Copenhagen,sausage,kg,75.27,DKK
2024-04-15,Copenhagen,sausage,kg,75.48,DKK
2024-04-22,Copenhagen,sausage,kg,75.12,DKK
2024-04-29,Copenhagen,sausage,kg,74.24,DKK
2024-05-06,Copenhagen,sausage,kg,74.07,DKK
2024-05-13,Copenhagen,sausage,kg,74.05,DKK
2024-05-20,Copenhagen,sausage,kg,74.92,DKK
2024-05-27,Copenhagen,sausage,kg,74.98,DKK
2024-06-03,Copenhagen,sausage,kg,75.09,DKK
2024-06-10,Copenhagen,sausage,kg,74.91,DKK
2024-06-17,Copenhagen,sausage,kg,75.53,DKK
2024-06-24,Copenhagen,sausage,kg,75.85,DKK
2024-07-01,Copenhagen,sausage,kg,75.56,DKK
2024-07-08,Copenhagen,sausage,kg,75.61,DKK
2024-07-15,Copenhagen,sausage,kg,76.16,DKK
2024-07-22,Copenhagen,sausage,kg,76.2,DKK
2024-07-29,Copenhagen,sausage,kg,75.39,DKK
2024-08-05,Copenhagen,sausage,kg,75.98,DKK
2024-08-12,Copenhagen,sausage,kg,76.08,DKK
2024-08-19,Copenhagen,sausage,kg,76.07,DKK
2024-08-26,Copenhagen,sausage,kg,76.81,DKK
2024-09-02,Copenhagen,sausage,kg,76.58,DKK
2024-09-09,Copenhagen,sausage,kg,75.98,DKK
2024-09-16,Copenhagen,sausage,kg,76.07,DKK
2024-09-23,Copenhagen,sausage,kg,76.57,DKK
2024-09-30,Copenhagen,sausage,kg,76.32,DKK
2024-10-07,Copenhagen,sausage,kg,75.92,DKK
2024-10-14,Copenhagen,sausage,kg,75.06,DKK
2024-10-21,Copenhagen,sausage,kg,75.75,DKK
2024-10-28,Copenhagen,sausage,kg,76.2,DKK
2024-11-04,Copenhagen,sausage,kg,76.29,DKK
2024-11-11,Copenhagen,sausage,kg,76.52,DKK
2024-11-18,Copenhagen,sausage,kg,77.02,DKK
2024-11-25,Copenhagen,sausage,kg,77.16,DKK
2024-12-02,Copenhagen,sausage,kg,76.76,DKK
2024-12-09,Copenhagen,sausage,kg,76.64,DKK
2024-12-16,Copenhagen,sausage,kg,76.9,DKK
2024-12-23,Copenhagen,sausage,kg,77.65,DKK
2024-12-30,Copenhagen,sausage,kg,78.25,DKK
2025-01-06,Copenhagen,sausage,kg,78.97,DKK
2025-01-13,Copenhagen,sausage,kg,78.75,DKK
2025-01-20,Copenhagen,sausage,kg,78.88,DKK
2025-01-27,Copenhagen,sausage,kg,79.3,DKK
2025-02-03,Copenhagen,sausage,kg,78.75,DKK
2025-02-10,Copenhagen,sausage,kg,78.82,DKK
2025-02-17,Copenhagen,sausage,kg,79.32,DKK
2025-02-24,Copenhagen,sausage,kg,79.59,DKK
2025-03-03,Copenhagen,sausage,kg,80.24,DKK
2025-03-10,Copenhagen,sausage,kg,80.07,DKK
2025-03-17,Copenhagen,sausage,kg,80.99,DKK
2025-03-24,Copenhagen,sausage,kg,80.79,DKK
2025-03-31,Copenhagen,sausage,kg,81.73,DKK
2025-04-07,Copenhagen,sausage,kg,81.16,DKK
2025-04-14,Copenhagen,sausage,kg,80.91,DKK
2025-04-21,Copenhagen,sausage,kg,81.54,DKK
2025-04-28,Copenhagen,sausage,kg,80.94,DKK
2025-05-05,Copenhagen,sausage,kg,80.84,DKK
2025-05-12,Copenhagen,sausage,kg,80.27,DKK
2025-05-19,Copenhagen,sausage,kg,79.69,DKK
2025-05-26,Copenhagen,sausage,kg,79.76,DKK
2025-06-02,Copenhagen,sausage,kg,80.33,DKK
2025-06-09,Copenhagen,sausage,kg,80.2,DKK
2025-06-16,Copenhagen,sausage,kg,80.57,DKK
2025-06-23,Copenhagen,sausage,kg,81.28,DKK
2025-06-30,Copenhagen,sausage,kg,80.73,DKK
2025-07-07,Copenhagen,sausage,kg,80.55,DKK
2025-07-14,Copenhagen,sausage,kg,79.62,DKK
2025-07-21,Copenhagen,sausage,kg,79.09,DKK
2025-07-28,Copenhagen,sausage,kg,78.88,DKK
2025-08-04,Copenhagen,sausage,kg,77.99,DKK
2025-08-11,Copenhagen,sausage,kg,77.85,DKK
2025-08-18,Copenhagen,sausage,kg,78.15,DKK
2025-08-25,Copenhagen,sausage,kg,77.96,DKK
2025-09-01,Copenhagen,sausage,kg,78.04,DKK
2025-09-08,Copenhagen,sausage,kg,78.39,DKK
2025-09-15,Copenhagen,sausage,kg,78.71,DKK
2025-09-22,Copenhagen,sausage,kg,78.77,DKK
2025-09-29,Copenhagen,sausage,kg,78.84,DKK
2025-10-06,Copenhagen,sausage,kg,79.06,DKK
2025-10-13,Copenhagen,sausage,kg,79.81,DKK
2025-10-20,Copenhagen,sausage,kg,80.81,DKK
2025-10-27,Copenhagen,sausage,kg,79.74,DKK
2025-11-03,Copenhagen,sausage,kg,80.52,DKK
2025-11-10,Copenhagen,sausage,kg,80.93,DKK
2025-11-17,Copenhagen,sausage,kg,80.07,DKK
2025-11-24,Copenhagen,sausage,kg,79.68,DKK
2025-12-01,Copenhagen,sausage,kg,79.95,DKK
2025-12-08,Copenhagen,sausage,kg,80.13,DKK
2025-12-15,Copenhagen,sausage,kg,81.23,DKK
2025-12-22,Copenhagen,sausage,kg,80.75,DKK
2025-12-29,Copenhagen,sausage,kg,80.31,DKK
2024-01-01,Copenhagen,vegan_sausage,kg,119.45,DKK
2024-01-08,Copenhagen,vegan_sausage,kg,118.15,DKK
2024-01-15,Copenhagen,vegan_sausage,kg,119.29,DKK
2024-01-22,Copenhagen,vegan_sausage,kg,119.39,DKK
2024-01-29,Copenhagen,vegan_sausage,kg,120.07,DKK
2024-02-05,Copenhagen,vegan_sausage,kg,120.67,DKK
2024-02-12,Copenhagen,vegan_sausage,kg,121.62,DKK
2024-02-19,Copenhagen,vegan_sausage,kg,121.61,DKK
2024-02-26,Copenhagen,vegan_sausage,kg,123.0,DKK
2024-03-04,Copenhagen,vegan_sausage,kg,123.83,DKK
2024-03-11,Copenhagen,vegan_sausage,kg,124.8,DKK
2024-03-18,Copenhagen,vegan_sausage,kg,124.57,DKK
2024-03-25,Copenhagen,vegan_sausage,kg,123.99,DKK
2024-04-01,Copenhagen,vegan_sausage,kg,124.0,DKK
2024-04-08,Copenhagen,vegan_sausage,kg,123.38,DKK
2024-04-15,Copenhagen,vegan_sausage,kg,123.31,DKK
2024-04-22,Copenhagen,vegan_sausage,kg,124.16,DKK
2024-04-29,Copenhagen,vegan_sausage,kg,123.73,DKK
2024-05-06,Copenhagen,vegan_sausage,kg,123.4,DKK
2024-05-13,Copenhagen,vegan_sausage,kg,124.2,DKK
2024-05-20,Copenhagen,vegan_sausage,kg,125.16,DKK
2024-05-27,Copenhagen,vegan_sausage,kg,126.43,DKK
2024-06-03,Copenhagen,vegan_sausage,kg,127.27,DKK
2024-06-10,Copenhagen,vegan_sausage,kg,126.49,DKK
2024-06-17,Copenhagen,vegan_sausage,kg,126.44,DKK
2024-06-24,Copenhagen,vegan_sausage,kg,126.56,DKK
2024-07-01,Copenhagen,vegan_sausage,kg,127.56,DKK
2024-07-08,Copenhagen,vegan_sausage,kg,128.08,DKK
2024-07-15,Copenhagen,vegan_sausage,kg,128.97,DKK
2024-07-22,Copenhagen,vegan_sausage,kg,128.51,DKK
2024-07-29,Copenhagen,vegan_sausage,kg,128.9,DKK
2024-08-05,Copenhagen,vegan_sausage,kg,129.25,DKK
2024-08-12,Copenhagen,vegan_sausage,kg,128.31,DKK
2024-08-19,Copenhagen,vegan_sausage,kg,127.51,DKK
2024-08-26,Copenhagen,vegan_sausage,kg,127.93,DKK
2024-09-02,Copenhagen,vegan_sausage,kg,128.1,DKK
2024-09-09,Copenhagen,vegan_sausage,kg,127.11,DKK
2024-09-16,Copenhagen,vegan_sausage,kg,126.37,DKK
2024-09-23,Copenhagen,vegan_sausage,kg,125.76,DKK
2024-09-30,Copenhagen,vegan_sausage,kg,126.48,DKK
2024-10-07,Copenhagen,vegan_sausage,kg,127.05,DKK
2024-10-14,Copenhagen,vegan_sausage,kg,126.34,DKK
2024-10-21,Copenhagen,vegan_sausage,kg,126.02,DKK
2024-10-28,Copenhagen,vegan_sausage,kg,127.34,DKK
2024-11-04,Copenhagen,vegan_sausage,kg,128.59,DKK
2024-11-11,Copenhagen,vegan_sausage,kg,127.95,DKK
2024-11-18,Copenhagen,vegan_sausage,kg,126.47,DKK
2024-11-25,Copenhagen,vegan_sausage,kg,127.38,DKK
2024-12-02,Copenhagen,vegan_sausage,kg,127.86,DKK
2024-12-09,Copenhagen,vegan_sausage,kg,127.62,DKK
2024-12-16,Copenhagen,vegan_sausage,kg,128.27,DKK
2024-12-23,Copenhagen,vegan_sausage,kg,128.32,DKK
2024-12-30,Copenhagen,vegan_sausage,kg,128.05,DKK
2025-01-06,Copenhagen,vegan_sausage,kg,128.19,DKK
2025-01-13,Copenhagen,vegan_sausage,kg,129.11,DKK
2025-01-20,Copenhagen,vegan_sausage,kg,129.96,DKK
2025-01-27,Copenhagen,vegan_sausage,kg,129.87,DKK
2025-02-03,Copenhagen,vegan_sausage,kg,129.36,DKK
2025-02-10,Copenhagen,vegan_sausage,kg,129.87,DKK
2025-02-17,Copenhagen,vegan_sausage,kg,130.75,DKK
2025-02-24,Copenhagen,vegan_sausage,kg,130.8,DKK
2025-03-03,Copenhagen,vegan_sausage,kg,130.16,DKK
2025-03-10,Copenhagen,vegan_sausage,kg,129.85,DKK
2025-03-17,Copenhagen,vegan_sausage,kg,131.22,DKK
2025-03-24,Copenhagen,vegan_sausage,kg,131.66,DKK
2025-03-31,Copenhagen,vegan_sausage,kg,132.5,DKK
2025-04-07,Copenhagen,vegan_sausage,kg,133.88,DKK
2025-04-14,Copenhagen,vegan_sausage,kg,133.53,DKK
2025-04-21,Copenhagen,vegan_sausage,kg,133.05,DKK
2025-04-28,Copenhagen,vegan_sausage,kg,132.24,DKK
2025-05-05,Copenhagen,vegan_sausage,kg,131.71,DKK
2025-05-12,Copenhagen,vegan_sausage,kg,132.4,DKK
2025-05-19,Copenhagen,vegan_sausage,kg,131.65,DKK
2025-05-26,Copenhagen,vegan_sausage,kg,133.24,DKK
2025-06-02,Copenhagen,vegan_sausage,kg,133.97,DKK
2025-06-09,Copenhagen,vegan_sausage,kg,134.81,DKK
2025-06-16,Copenhagen,vegan_sausage,kg,135.51,DKK
2025-06-23,Copenhagen,vegan_sausage,kg,135.1,DKK
2025-06-30,Copenhagen,vegan_sausage,kg,135.2,DKK
2025-07-07,Copenhagen,vegan_sausage,kg,134.6,DKK
2025-07-14,Copenhagen,vegan_sausage,kg,135.24,DKK
2025-07-21,Copenhagen,vegan_sausage,kg,135.03,DKK
2025-07-28,Copenhagen,vegan_sausage,kg,134.34,DKK
2025-08-04,Copenhagen,vegan_sausage,kg,134.95,DKK
2025-08-11,Copenhagen,vegan_sausage,kg,135.57,DKK
2025-08-18,Copenhagen,vegan_sausage,kg,136.93,DKK
2025-08-25,Copenhagen,vegan_sausage,kg,138.56,DKK
2025-09-01,Copenhagen,vegan_sausage,kg,138.15,DKK
2025-09-08,Copenhagen,vegan_sausage,kg,137.83,DKK
2025-09-15,Copenhagen,vegan_sausage,kg,137.91,DKK
2025-09-22,Copenhagen,vegan_sausage,kg,138.36,DKK
2025-09-29,Copenhagen,vegan_sausage,kg,138.69,DKK
2025-10-06,Copenhagen,vegan_sausage,kg,138.38,DKK
2025-10-13,Copenhagen,vegan_sausage,kg,139.43,DKK
2025-10-20,Copenhagen,vegan_sausage,kg,139.42,DKK
2025-10-27,Copenhagen,vegan_sausage,kg,140.0,DKK
2025-11-03,Copenhagen,vegan_sausage,kg,139.43,DKK
2025-11-10,Copenhagen,vegan_sausage,kg,139.05,DKK
2025-11-17,Copenhagen,vegan_sausage,kg,137.84,DKK
2025-11-24,Copenhagen,vegan_sausage,kg,138.21,DKK
2025-12-01,Copenhagen,vegan_sausage,kg,140.01,DKK
2025-12-08,Copenhagen,vegan_sausage,kg,139.51,DKK
2025-12-15,Copenhagen,vegan_sausage,kg,139.28,DKK
2025-12-22,Copenhagen,vegan_sausage,kg,138.36,DKK
2025-12-29,Copenhagen,vegan_sausage,kg,137.42,DKK
2024-01-01,Copenhagen,bun,piece,2.2,DKK
2024-01-08,Copenhagen,bun,piece,2.2,DKK
2024-01-15,Copenhagen,bun,piece,2.22,DKK
2024-01-22,Copenhagen,bun,piece,2.22,DKK
2024-01-29,Copenhagen,bun,piece,2.24,DKK
2024-02-05,Copenhagen,bun,piece,2.24,DKK
2024-02-12,Copenhagen,bun,piece,2.25,DKK
2024-02-19,Copenhagen,bun,piece,2.25,DKK
2024-02-26,Copenhagen,bun,piece,2.24,DKK
2024-03-04,Copenhagen,bun,piece,2.26,DKK
2024-03-11,Copenhagen,bun,piece,2.27,DKK
2024-03-18,Copenhagen,bun,piece,2.28,DKK
2024-03-25,Copenhagen,bun,piece,2.28,DKK
2024-04-01,Copenhagen,bun,piece,2.27,DKK
2024-04-08,Copenhagen,bun,piece,2.29,DKK
2024-04-15,Copenhagen,bun,piece,2.29,DKK
2024-04-22,Copenhagen,bun,piece,2.3,DKK
2024-04-29,Copenhagen,bun,piece,2.3,DKK
2024-05-06,Copenhagen,bun,piece,2.29,DKK
2024-05-13,Copenhagen,bun,piece,2.3,DKK
2024-05-20,Copenhagen,bun,piece,2.29,DKK
2024-05-27,Copenhagen,bun,piece,2.31,DKK
2024-06-03,Copenhagen,bun,piece,2.31,DKK
2024-06-10,Copenhagen,bun,piece,2.3,DKK
2024-06-17,Copenhagen,bun,piece,2.27,DKK
2024-06-24,Copenhagen,bun,piece,2.28,DKK
2024-07-01,Copenhagen,bun,piece,2.29,DKK
2024-07-08,Copenhagen,bun,piece,2.26,DKK
2024-07-15,Copenhagen,bun,piece,2.26,DKK
2024-07-22,Copenhagen,bun,piece,2.26,DKK
2024-07-29,Copenhagen,bun,piece,2.26,DKK
2024-08-05,Copenhagen,bun,piece,2.24,DKK
2024-08-12,Copenhagen,bun,piece,2.26,DKK
2024-08-19,Copenhagen,bun,piece,2.26,DKK
2024-08-26,Copenhagen,bun,piece,2.27,DKK
2024-09-02,Copenhagen,bun,piece,2.28,DKK
2024-09-09,Copenhagen,bun,piece,2.29,DKK
2024-09-16,Copenhagen,bun,piece,2.33,DKK
2024-09-23,Copenhagen,bun,piece,2.33,DKK
2024-09-30,Copenhagen,bun,piece,2.33,DKK
2024-10-07,Copenhagen,bun,piece,2.33,DKK
2024-10-14,Copenhagen,bun,piece,2.31,DKK
2024-10-21,Copenhagen,bun,piece,2.32,DKK
2024-10-28,Copenhagen,bun,piece,2.36,DKK
2024-11-04,Copenhagen,bun,piece,2.38,DKK
2024-11-11,Copenhagen,bun,piece,2.39,DKK
2024-11-18,Copenhagen,bun,piece,2.4,DKK
2024-11-25,Copenhagen,bun,piece,2.43,DKK
2024-12-02,Copenhagen,bun,piece,2.44,DKK
2024-12-09,Copenhagen,bun,piece,2.44,DKK
2024-12-16,Copenhagen,bun,piece,2.43,DKK
2024-12-23,Copenhagen,bun,piece,2.42,DKK
2024-12-30,Copenhagen,bun,piece,2.41,DKK
2025-01-06,Copenhagen,bun,piece,2.4,DKK
2025-01-13,Copenhagen,bun,piece,2.43,DKK
2025-01-20,Copenhagen,bun,piece,2.41,DKK
2025-01-27,Copenhagen,bun,piece,2.42,DKK
2025-02-03,Copenhagen,bun,piece,2.41,DKK
2025-02-10,Copenhagen,bun,piece,2.43,DKK
2025-02-17,Copenhagen,bun,piece,2.43,DKK
2025-02-24,Copenhagen,bun,piece,2.43,DKK
2025-03-03,Copenhagen,bun,piece,2.42,DKK
2025-03-10,Copenhagen,bun,piece,2.46,DKK
2025-03-17,Copenhagen,bun,piece,2.47,DKK
2025-03-24,Copenhagen,bun,piece,2.48,DKK
2025-03-31,Copenhagen,bun,piece,2.47,DKK
2025-04-07,Copenhagen,bun,piece,2.47,DKK
2025-04-14,Copenhagen,bun,piece,2.46,DKK
2025-04-21,Copenhagen,bun,piece,2.44,DKK
2025-04-28,Copenhagen,bun,piece,2.45,DKK
2025-05-05,Copenhagen,bun,piece,2.45,DKK
2025-05-12,Copenhagen,bun,piece,2.44,DKK
2025-05-19,Copenhagen,bun,piece,2.43,DKK
2025-05-26,Copenhagen,bun,piece,2.45,DKK
2025-06-02,Copenhagen,bun,piece,2.45,DKK
2025-06-09,Copenhagen,bun,piece,2.44,DKK
2025-06-16,Copenhagen,bun,piece,2.46,DKK
2025-06-23,Copenhagen,bun,piece,2.47,DKK
2025-06-30,Copenhagen,bun,piece,2.47,DKK
2025-07-07,Copenhagen,bun,piece,2.48,DKK
2025-07-14,Copenhagen,bun,piece,2.48,DKK
2025-07-21,Copenhagen,bun,piece,2.49,DKK
2025-07-28,Copenhagen,bun,piece,2.48,DKK
2025-08-04,Copenhagen,bun,piece,2.48,DKK
2025-08-11,Copenhagen,bun,piece,2.48,DKK
2025-08-18,Copenhagen,bun,piece,2.49,DKK
2025-08-25,Copenhagen,bun,piece,2.48,DKK
2025-09-01,Copenhagen,bun,piece,2.51,DKK
2025-09-08,Copenhagen,bun,piece,2.51,DKK
2025-09-15,Copenhagen,bun,piece,2.49,DKK
2025-09-22,Copenhagen,bun,piece,2.49,DKK
2025-09-29,Copenhagen,bun,piece,2.47,DKK
2025-10-06,Copenhagen,bun,piece,2.48,DKK
2025-10-13,Copenhagen,bun,piece,2.5,DKK
2025-10-20,Copenhagen,bun,piece,2.49,DKK
2025-10-27,Copenhagen,bun,piece,2.51,DKK
2025-11-03,Copenhagen,bun,piece,2.53,DKK
2025-11-10,Copenhagen,bun,piece,2.55,DKK
2025-11-17,Copenhagen,bun,piece,2.54,DKK
2025-11-24,Copenhagen,bun,piece,2.52,DKK
2025-12-01,Copenhagen,bun,piece,2.51,DKK
2025-12-08,Copenhagen,bun,piece,2.51,DKK
2025-12-15,Copenhagen,bun,piece,2.52,DKK
2025-12-22,Copenhagen,bun,piece,2.51,DKK
2025-12-29,Copenhagen,bun,piece,2.5,DKK
2024-01-01,Copenhagen,ketchup,kg,28.15,DKK
2024-01-08,Copenhagen,ketchup,kg,28.2,DKK
2024-01-15,Copenhagen,ketchup,kg,28.7,DKK
2024-01-22,Copenhagen,ketchup,kg,28.77,DKK
2024-01-29,Copenhagen,ketchup,kg,28.92,DKK
2024-02-05,Copenhagen,ketchup,kg,28.74,DKK
2024-02-12,Copenhagen,ketchup,kg,28.68,DKK
2024-02-19,Copenhagen,ketchup,kg,28.26,DKK
2024-02-26,Copenhagen,ketchup,kg,28.05,DKK
2024-03-04,Copenhagen,ketchup,kg,27.88,DKK
2024-03-11,Copenhagen,ketchup,kg,27.96,DKK
2024-03-18,Copenhagen,ketchup,kg,28.0,DKK
2024-03-25,Copenhagen,ketchup,kg,28.16,DKK
2024-04-01,Copenhagen,ketchup,kg,28.01,DKK
2024-04-08,Copenhagen,ketchup,kg,27.91,DKK
2024-04-15,Copenhagen,ketchup,kg,27.69,DKK
2024-04-22,Copenhagen,ketchup,kg,27.63,DKK
2024-04-29,Copenhagen,ketchup,kg,27.85,DKK
2024-05-06,Copenhagen,ketchup,kg,27.85,DKK
2024-05-13,Copenhagen,ketchup,kg,27.9,DKK
2024-05-20,Copenhagen,ketchup,kg,27.62,DKK
2024-05-27,Copenhagen,ketchup,kg,27.74,DKK
2024-06-03,Copenhagen,ketchup,kg,27.94,DKK
2024-06-10,Copenhagen,ketchup,kg,27.93,DKK
2024-06-17,Copenhagen,ketchup,kg,28.2,DKK
2024-06-24,Copenhagen,ketchup,kg,28.21,DKK
2024-07-01,Copenhagen,ketchup,kg,28.3,DKK
2024-07-08,Copenhagen,ketchup,kg,28.09,DKK
2024-07-15,Copenhagen,ketchup,kg,28.09,DKK
2024-07-22,Copenhagen,ketchup,kg,28.25,DKK
2024-07-29,Copenhagen,ketchup,kg,28.22,DKK
2024-08-05,Copenhagen,ketchup,kg,28.25,DKK
2024-08-12,Copenhagen,ketchup,kg,28.18,DKK
2024-08-19,Copenhagen,ketchup,kg,28.25,DKK
2024-08-26,Copenhagen,ketchup,kg,28.37,DKK
2024-09-02,Copenhagen,ketchup,kg,28.29,DKK
2024-09-09,Copenhagen,ketchup,kg,28.32,DKK
2024-09-16,Copenhagen,ketchup,kg,28.54,DKK
2024-09-23,Copenhagen,ketchup,kg,28.59,DKK
2024-09-30,Copenhagen,ketchup,kg,28.38,DKK
2024-10-07,Copenhagen,ketchup,kg,28.56,DKK
2024-10-14,Copenhagen,ketchup,kg,28.77,DKK
2024-10-21,Copenhagen,ketchup,kg,28.74,DKK
2024-10-28,Copenhagen,ketchup,kg,28.53,DKK
2024-11-04,Copenhagen,ketchup,kg,28.67,DKK
2024-11-11,Copenhagen,ketchup,kg,28.72,DKK
2024-11-18,Copenhagen,ketchup,kg,28.93,DKK
2024-11-25,Copenhagen,ketchup,kg,29.15,DKK
2024-12-02,Copenhagen,ketchup,kg,29.23,DKK
2024-12-09,Copenhagen,ketchup,kg,28.85,DKK
2024-12-16,Copenhagen,ketchup,kg,28.75,DKK
2024-12-23,Copenhagen,ketchup,kg,28.67,DKK
2024-12-30,Copenhagen,ketchup,kg,29.05,DKK
2025-01-06,Copenhagen,ketchup,kg,29.1,DKK
2025-01-13,Copenhagen,ketchup,kg,29.16,DKK
2025-01-20,Copenhagen,ketchup,kg,28.97,DKK
2025-01-27,Copenhagen,ketchup,kg,29.17,DKK
2025-02-03,Copenhagen,ketchup,kg,29.04,DKK
2025-02-10,Copenhagen,ketchup,kg,29.11,DKK
2025-02-17,Copenhagen,ketchup,kg,29.08,DKK
2025-02-24,Copenhagen,ketchup,kg,29.13,DKK
2025-03-03,Copenhagen,ketchup,kg,28.82,DKK
2025-03-10,Copenhagen,ketchup,kg,28.75,DKK
2025-03-17,Copenhagen,ketchup,kg,28.72,DKK
2025-03-24,Copenhagen,ketchup,kg,28.86,DKK
2025-03-31,Copenhagen,ketchup,kg,28.89,DKK
2025-04-07,Copenhagen,ketchup,kg,28.82,DKK
2025-04-14,Copenhagen,ketchup,kg,29.13,DKK
2025-04-21,Copenhagen,ketchup,kg,29.24,DKK
2025-04-28,Copenhagen,ketchup,kg,29.27,DKK
2025-05-05,Copenhagen,ketchup,kg,29.02,DKK
2025-05-12,Copenhagen,ketchup,kg,29.11,DKK
2025-05-19,Copenhagen,ketchup,kg,29.12,DKK
2025-05-26,Copenhagen,ketchup,kg,29.5,DKK
2025-06-02,Copenhagen,ketchup,kg,29.47,DKK
2025-06-09,Copenhagen,ketchup,kg,29.61,DKK
2025-06-16,Copenhagen,ketchup,kg,29.66,DKK
2025-06-23,Copenhagen,ketchup,kg,29.68,DKK
2025-06-30,Copenhagen,ketchup,kg,29.49,DKK
2025-07-07,Copenhagen,ketchup,kg,29.73,DKK
2025-07-14,Copenhagen,ketchup,kg,29.7,DKK
2025-07-21,Copenhagen,ketchup,kg,29.56,DKK
2025-07-28,Copenhagen,ketchup,kg,29.7,DKK
2025-08-04,Copenhagen,ketchup,kg,29.99,DKK
2025-08-11,Copenhagen,ketchup,kg,29.98,DKK
2025-08-18,Copenhagen,ketchup,kg,30.09,DKK
2025-08-25,Copenhagen,ketchup,kg,30.12,DKK
2025-09-01,Copenhagen,ketchup,kg,30.32,DKK
2025-09-08,Copenhagen,ketchup,kg,30.28,DKK
2025-09-15,Copenhagen,ketchup,kg,30.36,DKK
2025-09-22,Copenhagen,ketchup,kg,30.36,DKK
2025-09-29,Copenhagen,ketchup,kg,30.57,DKK
2025-10-06,Copenhagen,ketchup,kg,30.58,DKK
2025-10-13,Copenhagen,ketchup,kg,30.72,DKK
2025-10-20,Copenhagen,ketchup,kg,30.88,DKK
2025-10-27,Copenhagen,ketchup,kg,30.39,DKK
2025-11-03,Copenhagen,ketchup,kg,30.45,DKK
2025-11-10,Copenhagen,ketchup,kg,30.29,DKK
2025-11-17,Copenhagen,ketchup,kg,30.56,DKK
2025-11-24,Copenhagen,ketchup,kg,30.38,DKK
2025-12-01,Copenhagen,ketchup,kg,30.56,DKK
2025-12-08,Copenhagen,ketchup,kg,30.69,DKK
2025-12-15,Copenhagen,ketchup,kg,30.73,DKK
2025-12-22,Copenhagen,ketchup,kg,30.67,DKK
2025-12-29,Copenhagen,ketchup,kg,30.78,DKK
2024-01-01,Copenhagen,mustard,kg,30.2,DKK
2024-01-08,Copenhagen,mustard,kg,30.28,DKK
2024-01-15,Copenhagen,mustard,kg,30.46,DKK
2024-01-22,Copenhagen,mustard,kg,30.21,DKK
2024-01-29,Copenhagen,mustard,kg,30.32,DKK
2024-02-05,Copenhagen,mustard,kg,30.26,DKK
2024-02-12,Copenhagen,mustard,kg,30.31,DKK
2024-02-19,Copenhagen,mustard,kg,30.31,DKK
2024-02-26,Copenhagen,mustard,kg,30.44,DKK
2024-03-04,Copenhagen,mustard,kg,30.35,DKK
2024-03-11,Copenhagen,mustard,kg,30.61,DKK
2024-03-18,Copenhagen,mustard,kg,30.67,DKK
2024-03-25,Copenhagen,mustard,kg,30.88,DKK
2024-04-01,Copenhagen,mustard,kg,30.81,DKK
2024-04-08,Copenhagen,mustard,kg,30.82,DKK
2024-04-15,Copenhagen,mustard,kg,31.0,DKK
2024-04-22,Copenhagen,mustard,kg,31.05,DKK
2024-04-29,Copenhagen,mustard,kg,30.99,DKK
2024-05-06,Copenhagen,mustard,kg,31.04,DKK
2024-05-13,Copenhagen,mustard,kg,30.95,DKK
2024-05-20,Copenhagen,mustard,kg,31.11,DKK
2024-05-27,Copenhagen,mustard,kg,31.24,DKK
2024-06-03,Copenhagen,mustard,kg,31.08,DKK
2024-06-10,Copenhagen,mustard,kg,31.13,DKK
2024-06-17,Copenhagen,mustard,kg,31.26,DKK
2024-06-24,Copenhagen,mustard,kg,31.47,DKK
2024-07-01,Copenhagen,mustard,kg,31.7,DKK
2024-07-08,Copenhagen,mustard,kg,31.77,DKK
2024-07-15,Copenhagen,mustard,kg,31.69,DKK
2024-07-22,Copenhagen,mustard,kg,31.82,DKK
2024-07-29,Copenhagen,mustard,kg,31.9,DKK
2024-08-05,Copenhagen,mustard,kg,32.03,DKK
2024-08-12,Copenhagen,mustard,kg,32.11,DKK
2024-08-19,Copenhagen,mustard,kg,32.44,DKK
2024-08-26,Copenhagen,mustard,kg,32.35,DKK
2024-09-02,Copenhagen,mustard,kg,32.28,DKK
2024-09-09,Copenhagen,mustard,kg,32.09,DKK
2024-09-16,Copenhagen,mustard,kg,31.83,DKK
2024-09-23,Copenhagen,mustard,kg,31.87,DKK
2024-09-30,Copenhagen,mustard,kg,31.82,DKK
2024-10-07,Copenhagen,mustard,kg,31.74,DKK
2024-10-14,Copenhagen,mustard,kg,31.61,DKK
2024-10-21,Copenhagen,mustard,kg,31.32,DKK
2024-10-28,Copenhagen,mustard,kg,31.64,DKK
2024-11-04,Copenhagen,mustard,kg,31.64,DKK
2024-11-11,Copenhagen,mustard,kg,31.82,DKK
2024-11-18,Copenhagen,mustard,kg,31.64,DKK
2024-11-25,Copenhagen,mustard,kg,31.82,DKK
2024-12-02,Copenhagen,mustard,kg,31.83,DKK
2024-12-09,Copenhagen,mustard,kg,31.65,DKK
2024-12-16,Copenhagen,mustard,kg,31.7,DKK
2024-12-23,Copenhagen,mustard,kg,31.67,DKK
2024-12-30,Copenhagen,mustard,kg,31.18,DKK
2025-01-06,Copenhagen,mustard,kg,31.09,DKK
2025-01-13,Copenhagen,mustard,kg,31.31,DKK
2025-01-20,Copenhagen,mustard,kg,31.02,DKK
2025-01-27,Copenhagen,mustard,kg,31.2,DKK
2025-02-03,Copenhagen,mustard,kg,31.08,DKK
2025-02-10,Copenhagen,mustard,kg,30.77,DKK
2025-02-17,Copenhagen,mustard,kg,30.67,DKK
2025-02-24,Copenhagen,mustard,kg,30.6,DKK
2025-03-03,Copenhagen,mustard,kg,30.67,DKK
2025-03-10,Copenhagen,mustard,kg,30.93,DKK
2025-03-17,Copenhagen,mustard,kg,31.1,DKK
2025-03-24,Copenhagen,mustard,kg,31.02,DKK
2025-03-31,Copenhagen,mustard,kg,30.75,DKK
2025-04-07,Copenhagen,mustard,kg,30.66,DKK
2025-04-14,Copenhagen,mustard,kg,30.58,DKK
2025-04-21,Copenhagen,mustard,kg,30.37,DKK
2025-04-28,Copenhagen,mustard,kg,30.04,DKK
2025-05-05,Copenhagen,mustard,kg,29.78,DKK
2025-05-12,Copenhagen,mustard,kg,29.92,DKK
2025-05-19,Copenhagen,mustard,kg,29.71,DKK
2025-05-26,Copenhagen,mustard,kg,29.64,DKK
2025-06-02,Copenhagen,mustard,kg,29.93,DKK
2025-06-09,Copenhagen,mustard,kg,29.88,DKK
2025-06-16,Copenhagen,mustard,kg,29.94,DKK
2025-06-23,Copenhagen,mustard,kg,30.06,DKK
2025-06-30,Copenhagen,mustard,kg,29.54,DKK
2025-07-07,Copenhagen,mustard,kg,29.44,DKK
2025-07-14,Copenhagen,mustard,kg,29.67,DKK
2025-07-21,Copenhagen,mustard,kg,29.71,DKK
2025-07-28,Copenhagen,mustard,kg,29.58,DKK
2025-08-04,Copenhagen,mustard,kg,29.7,DKK
2025-08-11,Copenhagen,mustard,kg,29.6,DKK
2025-08-18,Copenhagen,mustard,kg,29.74,DKK
2025-08-25,Copenhagen,mustard,kg,29.7,DKK
2025-09-01,Copenhagen,mustard,kg,29.96,DKK
2025-09-08,Copenhagen,mustard,kg,30.11,DKK
2025-09-15,Copenhagen,mustard,kg,30.17,DKK
2025-09-22,Copenhagen,mustard,kg,30.4,DKK
2025-09-29,Copenhagen,mustard,kg,30.34,DKK
2025-10-06,Copenhagen,mustard,kg,30.51,DKK
2025-10-13,Copenhagen,mustard,kg,30.5,DKK
2025-10-20,Copenhagen,mustard,kg,30.87,DKK
2025-10-27,Copenhagen,mustard,kg,31.11,DKK
2025-11-03,Copenhagen,mustard,kg,31.18,DKK
2025-11-10,Copenhagen,mustard,kg,31.39,DKK
2025-11-17,Copenhagen,mustard,kg,31.61,DKK
2025-11-24,Copenhagen,mustard,kg,31.74,DKK
2025-12-01,Copenhagen,mustard,kg,31.5,DKK
2025-12-08,Copenhagen,mustard,kg,31.84,DKK
2025-12-15,Copenhagen,mustard,kg,32.09,DKK
2025-12-22,Copenhagen,mustard,kg,32.0,DKK
2025-12-29,Copenhagen,mustard,kg,31.74,DKK
2024-01-01,Copenhagen,chili_sauce,kg,39.78,DKK
2024-01-08,Copenhagen,chili_sauce,kg,39.8,DKK
2024-01-15,Copenhagen,chili_sauce,kg,40.13,DKK
2024-01-22,Copenhagen,chili_sauce,kg,40.12,DKK
2024-01-29,Copenhagen,chili_sauce,kg,40.58,DKK
2024-02-05,Copenhagen,chili_sauce,kg,40.93,DKK
2024-02-12,Copenhagen,chili_sauce,kg,41.07,DKK
2024-02-19,Copenhagen,chili_sauce,kg,41.01,DKK
2024-02-26,Copenhagen,chili_sauce,kg,41.17,DKK
2024-03-04,Copenhagen,chili_sauce,kg,40.98,DKK
2024-03-11,Copenhagen,chili_sauce,kg,41.16,DKK
2024-03-18,Copenhagen,chili_sauce,kg,40.84,DKK
2024-03-25,Copenhagen,chili_sauce,kg,41.0,DKK
2024-04-01,Copenhagen,chili_sauce,kg,41.09,DKK
2024-04-08,Copenhagen,chili_sauce,kg,40.76,DKK
2024-04-15,Copenhagen,chili_sauce,kg,40.66,DKK
2024-04-22,Copenhagen,chili_sauce,kg,40.86,DKK
2024-04-29,Copenhagen,chili_sauce,kg,40.39,DKK
2024-05-06,Copenhagen,chili_sauce,kg,40.3,DKK
2024-05-13,Copenhagen,chili_sauce,kg,40.49,DKK
2024-05-20,Copenhagen,chili_sauce,kg,40.78,DKK
2024-05-27,Copenhagen,chili_sauce,kg,40.81,DKK
2024-06-03,Copenhagen,chili_sauce,kg,40.66,DKK
2024-06-10,Copenhagen,chili_sauce,kg,41.12,DKK
2024-06-17,Copenhagen,chili_sauce,kg,41.07,DKK
2024-06-24,Copenhagen,chili_sauce,kg,41.29,DKK
2024-07-01,Copenhagen,chili_sauce,kg,41.74,DKK
2024-07-08,Copenhagen,chili_sauce,kg,41.3,DKK
2024-07-15,Copenhagen,chili_sauce,kg,41.38,DKK
2024-07-22,Copenhagen,chili_sauce,kg,41.85,DKK
2024-07-29,Copenhagen,chili_sauce,kg,41.93,DKK
2024-08-05,Copenhagen,chili_sauce,kg,42.01,DKK
2024-08-12,Copenhagen,chili_sauce,kg,41.97,DKK
2024-08-19,Copenhagen,chili_sauce,kg,41.57,DKK
2024-08-26,Copenhagen,chili_sauce,kg,41.64,DKK
2024-09-02,Copenhagen,chili_sauce,kg,41.5,DKK
2024-09-09,Copenhagen,chili_sauce,kg,41.27,DKK
2024-09-16,Copenhagen,chili_sauce,kg,40.58,DKK
2024-09-23,Copenhagen,chili_sauce,kg,40.61,DKK
2024-09-30,Copenhagen,chili_sauce,kg,40.49,DKK
2024-10-07,Copenhagen,chili_sauce,kg,40.47,DKK
2024-10-14,Copenhagen,chili_sauce,kg,40.38,DKK
2024-10-21,Copenhagen,chili_sauce,kg,40.79,DKK
2024-10-28,Copenhagen,chili_sauce,kg,40.8,DKK
2024-11-04,Copenhagen,chili_sauce,kg,40.56,DKK
2024-11-11,Copenhagen,chili_sauce,kg,40.34,DKK
2024-11-18,Copenhagen,chili_sauce,kg,40.35,DKK
2024-11-25,Copenhagen,chili_sauce,kg,40.17,DKK
2024-12-02,Copenhagen,chili_sauce,kg,40.09,DKK
2024-12-09,Copenhagen,chili_sauce,kg,39.93,DKK
2024-12-16,Copenhagen,chili_sauce,kg,39.88,DKK
2024-12-23,Copenhagen,chili_sauce,kg,39.86,DKK
2024-12-30,Copenhagen,chili_sauce,kg,39.41,DKK
2025-01-06,Copenhagen,chili_sauce,kg,39.71,DKK
2025-01-13,Copenhagen,chili_sauce,kg,40.04,DKK
2025-01-20,Copenhagen,chili_sauce,kg,40.01,DKK
2025-01-27,Copenhagen,chili_sauce,kg,40.12,DKK
2025-02-03,Copenhagen,chili_sauce,kg,40.01,DKK
2025-02-10,Copenhagen,chili_sauce,kg,39.93,DKK
2025-02-17,Copenhagen,chili_sauce,kg,39.76,DKK
2025-02-24,Copenhagen,chili_sauce,kg,39.42,DKK
2025-03-03,Copenhagen,chili_sauce,kg,39.56,DKK
2025-03-10,Copenhagen,chili_sauce,kg,39.83,DKK
2025-03-17,Copenhagen,chili_sauce,kg,39.74,DKK
2025-03-24,Copenhagen,chili_sauce,kg,39.48,DKK
2025-03-31,Copenhagen,chili_sauce,kg,39.55,DKK
2025-04-07,Copenhagen,chili_sauce,kg,39.38,DKK
2025-04-14,Copenhagen,chili_sauce,kg,39.69,DKK
2025-04-21,Copenhagen,chili_sauce,kg,39.84,DKK
2025-04-28,Copenhagen,chili_sauce,kg,39.92,DKK
2025-05-05,Copenhagen,chili_sauce,kg,40.03,DKK
2025-05-12,Copenhagen,chili_sauce,kg,40.08,DKK
2025-05-19,Copenhagen,chili_sauce,kg,40.56,DKK
2025-05-26,Copenhagen,chili_sauce,kg,40.72,DKK
2025-06-02,Copenhagen,chili_sauce,kg,40.82,DKK
2025-06-09,Copenhagen,chili_sauce,kg,41.14,DKK
2025-06-16,Copenhagen,chili_sauce,kg,41.33,DKK
2025-06-23,Copenhagen,chili_sauce,kg,41.5,DKK
2025-06-30,Copenhagen,chili_sauce,kg,40.95,DKK
2025-07-07,Copenhagen,chili_sauce,kg,41.26,DKK
2025-07-14,Copenhagen,chili_sauce,kg,41.3,DKK
2025-07-21,Copenhagen,chili_sauce,kg,41.34,DKK
2025-07-28,Copenhagen,chili_sauce,kg,41.39,DKK
2025-08-04,Copenhagen,chili_sauce,kg,41.37,DKK
2025-08-11,Copenhagen,chili_sauce,kg,41.59,DKK
2025-08-18,Copenhagen,chili_sauce,kg,41.81,DKK
2025-08-25,Copenhagen,chili_sauce,kg,42.01,DKK
2025-09-01,Copenhagen,chili_sauce,kg,41.72,DKK
2025-09-08,Copenhagen,chili_sauce,kg,42.5,DKK
2025-09-15,Copenhagen,chili_sauce,kg,42.38,DKK
2025-09-22,Copenhagen,chili_sauce,kg,42.27,DKK
2025-09-29,Copenhagen,chili_sauce,kg,41.91,DKK
2025-10-06,Copenhagen,chili_sauce,kg,42.13,DKK
2025-10-13,Copenhagen,chili_sauce,kg,42.38,DKK
2025-10-20,Copenhagen,chili_sauce,kg,42.39,DKK
2025-10-27,Copenhagen,chili_sauce,kg,42.5,DKK
2025-11-03,Copenhagen,chili_sauce,kg,42.88,DKK
2025-11-10,Copenhagen,chili_sauce,kg,43.01,DKK
2025-11-17,Copenhagen,chili_sauce,kg,43.23,DKK
2025-11-24,Copenhagen,chili_sauce,kg,42.99,DKK
2025-12-01,Copenhagen,chili_sauce,kg,43.0,DKK
2025-12-08,Copenhagen,chili_sauce,kg,43.18,DKK
2025-12-15,Copenhagen,chili_sauce,kg,43.35,DKK
2025-12-22,Copenhagen,chili_sauce,kg,43.12,DKK
2025-12-29,Copenhagen,chili_sauce,kg,43.15,DKK
2024-01-01,Copenhagen,cheese,kg,89.86,DKK
2024-01-08,Copenhagen,cheese,kg,90.29,DKK
2024-01-15,Copenhagen,cheese,kg,89.94,DKK
2024-01-22,Copenhagen,cheese,kg,90.45,DKK
2024-01-29,Copenhagen,cheese,kg,90.9,DKK
2024-02-05,Copenhagen,cheese,kg,91.35,DKK
2024-02-12,Copenhagen,cheese,kg,91.22,DKK
2024-02-19,Copenhagen,cheese,kg,92.07,DKK
2024-02-26,Copenhagen,cheese,kg,91.54,DKK
2024-03-04,Copenhagen,cheese,kg,91.61,DKK
2024-03-11,Copenhagen,cheese,kg,92.18,DKK
2024-03-18,Copenhagen,cheese,kg,92.81,DKK
2024-03-25,Copenhagen,cheese,kg,92.31,DKK
2024-04-01,Copenhagen,cheese,kg,91.75,DKK
2024-04-08,Copenhagen,cheese,kg,91.79,DKK
2024-04-15,Copenhagen,cheese,kg,92.68,DKK
2024-04-22,Copenhagen,cheese,kg,92.89,DKK
2024-04-29,Copenhagen,cheese,kg,92.76,DKK
2024-05-06,Copenhagen,cheese,kg,92.46,DKK
2024-05-13,Copenhagen,cheese,kg,91.35,DKK
2024-05-20,Copenhagen,cheese,kg,91.2,DKK
2024-05-27,Copenhagen,cheese,kg,90.65,DKK
2024-06-03,Copenhagen,cheese,kg,90.62,DKK
2024-06-10,Copenhagen,cheese,kg,89.79,DKK
2024-06-17,Copenhagen,cheese,kg,90.42,DKK
2024-06-24,Copenhagen,cheese,kg,89.99,DKK
2024-07-01,Copenhagen,cheese,kg,90.54,DKK
2024-07-08,Copenhagen,cheese,kg,89.83,DKK
2024-07-15,Copenhagen,cheese,kg,90.5,DKK
2024-07-22,Copenhagen,cheese,kg,89.99,DKK
2024-07-29,Copenhagen,cheese,kg,89.14,DKK
2024-08-05,Copenhagen,cheese,kg,88.97,DKK
2024-08-12,Copenhagen,cheese,kg,88.06,DKK
2024-08-19,Copenhagen,cheese,kg,88.35,DKK
2024-08-26,Copenhagen,cheese,kg,88.18,DKK
2024-09-02,Copenhagen,cheese,kg,88.49,DKK
2024-09-09,Copenhagen,cheese,kg,89.51,DKK
2024-09-16,Copenhagen,cheese,kg,90.24,DKK
2024-09-23,Copenhagen,cheese,kg,89.3,DKK
2024-09-30,Copenhagen,cheese,kg,90.07,DKK
2024-10-07,Copenhagen,cheese,kg,88.47,DKK
2024-10-14,Copenhagen,cheese,kg,88.04,DKK
2024-10-21,Copenhagen,cheese,kg,87.41,DKK
2024-10-28,Copenhagen,cheese,kg,88.31,DKK
2024-11-04,Copenhagen,cheese,kg,88.0,DKK
2024-11-11,Copenhagen,cheese,kg,88.02,DKK
2024-11-18,Copenhagen,cheese,kg,88.44,DKK
2024-11-25,Copenhagen,cheese,kg,88.57,DKK
2024-12-02,Copenhagen,cheese,kg,88.0,DKK
2024-12-09,Copenhagen,cheese,kg,87.16,DKK
2024-12-16,Copenhagen,cheese,kg,88.33,DKK
2024-12-23,Copenhagen,cheese,kg,87.18,DKK
2024-12-30,Copenhagen,cheese,kg,87.6,DKK
2025-01-06,Copenhagen,cheese,kg,87.23,DKK
2025-01-13,Copenhagen,cheese,kg,87.06,DKK
2025-01-20,Copenhagen,cheese,kg,87.25,DKK
2025-01-27,Copenhagen,cheese,kg,87.2,DKK
2025-02-03,Copenhagen,cheese,kg,87.53,DKK
2025-02-10,Copenhagen,cheese,kg,87.12,DKK
2025-02-17,Copenhagen,cheese,kg,86.73,DKK
2025-02-24,Copenhagen,cheese,kg,86.57,DKK
2025-03-03,Copenhagen,cheese,kg,86.82,DKK
2025-03-10,Copenhagen,cheese,kg,87.03,DKK
2025-03-17,Copenhagen,cheese,kg,86.76,DKK
2025-03-24,Copenhagen,cheese,kg,87.6,DKK
2025-03-31,Copenhagen,cheese,kg,88.47,DKK
2025-04-07,Copenhagen,cheese,kg,88.12,DKK
2025-04-14,Copenhagen,cheese,kg,87.61,DKK
2025-04-21,Copenhagen,cheese,kg,88.3,DKK
2025-04-28,Copenhagen,cheese,kg,88.24,DKK
2025-05-05,Copenhagen,cheese,kg,88.07,DKK
2025-05-12,Copenhagen,cheese,kg,88.64,DKK
2025-05-19,Copenhagen,cheese,kg,88.62,DKK
2025-05-26,Copenhagen,cheese,kg,88.89,DKK
2025-06-02,Copenhagen,cheese,kg,88.78,DKK
2025-06-09,Copenhagen,cheese,kg,88.28,DKK
2025-06-16,Copenhagen,cheese,kg,88.22,DKK
2025-06-23,Copenhagen,cheese,kg,88.16,DKK
2025-06-30,Copenhagen,cheese,kg,88.15,DKK
2025-07-07,Copenhagen,cheese,kg,87.5,DKK
2025-07-14,Copenhagen,cheese,kg,88.09,DKK
2025-07-21,Copenhagen,cheese,kg,87.78,DKK
2025-07-28,Copenhagen,cheese,kg,87.5,DKK
2025-08-04,Copenhagen,cheese,kg,87.51,DKK
2025-08-11,Copenhagen,cheese,kg,87.64,DKK
2025-08-18,Copenhagen,cheese,kg,87.65,DKK
2025-08-25,Copenhagen,cheese,kg,87.62,DKK
2025-09-01,Copenhagen,cheese,kg,86.67,DKK
2025-09-08,Copenhagen,cheese,kg,85.29,DKK
2025-09-15,Copenhagen,cheese,kg,84.75,DKK
2025-09-22,Copenhagen,cheese,kg,84.85,DKK
2025-09-29,Copenhagen,cheese,kg,84.89,DKK
2025-10-06,Copenhagen,cheese,kg,85.65,DKK
2025-10-13,Copenhagen,cheese,kg,85.74,DKK
2025-10-20,Copenhagen,cheese,kg,84.03,DKK
2025-10-27,Copenhagen,cheese,kg,84.9,DKK
2025-11-03,Copenhagen,cheese,kg,85.49,DKK
2025-11-10,Copenhagen,cheese,kg,85.77,DKK
2025-11-17,Copenhagen,cheese,kg,85.42,DKK
2025-11-24,Copenhagen,cheese,kg,87.03,DKK
2025-12-01,Copenhagen,cheese,kg,87.89,DKK
2025-12-08,Copenhagen,cheese,kg,87.9,DKK
2025-12-15,Copenhagen,cheese,kg,87.65,DKK
2025-12-22,Copenhagen,cheese,kg,87.8,DKK
2025-12-29,Copenhagen,cheese,kg,87.33,DKK
2024-01-01,Copenhagen,mushrooms,kg,44.9,DKK
2024-01-08,Copenhagen,mushrooms,kg,44.51,DKK
2024-01-15,Copenhagen,mushrooms,kg,44.3,DKK
2024-01-22,Copenhagen,mushrooms,kg,44.47,DKK
2024-01-29,Copenhagen,mushrooms,kg,44.42,DKK
2024-02-05,Copenhagen,mushrooms,kg,44.62,DKK
2024-02-12,Copenhagen,mushrooms,kg,44.83,DKK
2024-02-19,Copenhagen,mushrooms,kg,45.0,DKK
2024-02-26,Copenhagen,mushrooms,kg,44.73,DKK
2024-03-04,Copenhagen,mushrooms,kg,44.4,DKK
2024-03-11,Copenhagen,mushrooms,kg,44.01,DKK
2024-03-18,Copenhagen,mushrooms,kg,44.05,DKK
2024-03-25,Copenhagen,mushrooms,kg,44.69,DKK
2024-04-01,Copenhagen,mushrooms,kg,44.41,DKK
2024-04-08,Copenhagen,mushrooms,kg,44.19,DKK
2024-04-15,Copenhagen,mushrooms,kg,44.85,DKK
2024-04-22,Copenhagen,mushrooms,kg,44.47,DKK
2024-04-29,Copenhagen,mushrooms,kg,44.22,DKK
2024-05-06,Copenhagen,mushrooms,kg,43.88,DKK
2024-05-13,Copenhagen,mushrooms,kg,43.65,DKK
2024-05-20,Copenhagen,mushrooms,kg,43.57,DKK
2024-05-27,Copenhagen,mushrooms,kg,43.67,DKK
2024-06-03,Copenhagen,mushrooms,kg,43.93,DKK
2024-06-10,Copenhagen,mushrooms,kg,43.86,DKK
2024-06-17,Copenhagen,mushrooms,kg,44.09,DKK
2024-06-24,Copenhagen,mushrooms,kg,44.16,DKK
2024-07-01,Copenhagen,mushrooms,kg,44.43,DKK
2024-07-08,Copenhagen,mushrooms,kg,44.4,DKK
2024-07-15,Copenhagen,mushrooms,kg,44.3,DKK
2024-07-22,Copenhagen,mushrooms,kg,44.95,DKK
2024-07-29,Copenhagen,mushrooms,kg,44.35,DKK
2024-08-05,Copenhagen,mushrooms,kg,43.94,DKK
2024-08-12,Copenhagen,mushrooms,kg,43.91,DKK
2024-08-19,Copenhagen,mushrooms,kg,43.36,DKK
2024-08-26,Copenhagen,mushrooms,kg,43.18,DKK
2024-09-02,Copenhagen,mushrooms,kg,43.46,DKK
2024-09-09,Copenhagen,mushrooms,kg,43.35,DKK
2024-09-16,Copenhagen,mushrooms,kg,43.16,DKK
2024-09-23,Copenhagen,mushrooms,kg,43.36,DKK
2024-09-30,Copenhagen,mushrooms,kg,43.23,DKK
2024-10-07,Copenhagen,mushrooms,kg,43.37,DKK
2024-10-14,Copenhagen,mushrooms,kg,43.21,DKK
2024-10-21,Copenhagen,mushrooms,kg,43.15,DKK
2024-10-28,Copenhagen,mushrooms,kg,43.21,DKK
2024-11-04,Copenhagen,mushrooms,kg,42.99,DKK
2024-11-11,Copenhagen,mushrooms,kg,42.85,DKK
2024-11-18,Copenhagen,mushrooms,kg,43.08,DKK
2024-11-25,Copenhagen,mushrooms,kg,42.89,DKK
2024-12-02,Copenhagen,mushrooms,kg,42.76,DKK
2024-12-09,Copenhagen,mushrooms,kg,42.6,DKK
2024-12-16,Copenhagen,mushrooms,kg,42.49,DKK
2024-12-23,Copenhagen,mushrooms,kg,42.99,DKK
2024-12-30,Copenhagen,mushrooms,kg,42.95,DKK
2025-01-06,Copenhagen,mushrooms,kg,42.94,DKK
2025-01-13,Copenhagen,mushrooms,kg,43.12,DKK
2025-01-20,Copenhagen,mushrooms,kg,42.89,DKK
2025-01-27,Copenhagen,mushrooms,kg,43.25,DKK
2025-02-03,Copenhagen,mushrooms,kg,43.02,DKK
2025-02-10,Copenhagen,mushrooms,kg,43.28,DKK
2025-02-17,Copenhagen,mushrooms,kg,43.31,DKK
2025-02-24,Copenhagen,mushrooms,kg,43.46,DKK
2025-03-03,Copenhagen,mushrooms,kg,43.28,DKK
2025-03-10,Copenhagen,mushrooms,kg,43.46,DKK
2025-03-17,Copenhagen,mushrooms,kg,43.22,DKK
2025-03-24,Copenhagen,mushrooms,kg,43.02,DKK
2025-03-31,Copenhagen,mushrooms,kg,43.25,DKK
2025-04-07,Copenhagen,mushrooms,kg,43.13,DKK
2025-04-14,Copenhagen,mushrooms,kg,43.19,DKK
2025-04-21,Copenhagen,mushrooms,kg,43.14,DKK
2025-04-28,Copenhagen,mushrooms,kg,42.94,DKK
2025-05-05,Copenhagen,mushrooms,kg,43.23,DKK
2025-05-12,Copenhagen,mushrooms,kg,43.56,DKK
2025-05-19,Copenhagen,mushrooms,kg,43.64,DKK
2025-05-26,Copenhagen,mushrooms,kg,43.72,DKK
2025-06-02,Copenhagen,mushrooms,kg,44.0,DKK
2025-06-09,Copenhagen,mushrooms,kg,43.77,DKK
2025-06-16,Copenhagen,mushrooms,kg,43.78,DKK
2025-06-23,Copenhagen,mushrooms,kg,43.85,DKK
2025-06-30,Copenhagen,mushrooms,kg,43.25,DKK
2025-07-07,Copenhagen,mushrooms,kg,43.24,DKK
2025-07-14,Copenhagen,mushrooms,kg,43.21,DKK
2025-07-21,Copenhagen,mushrooms,kg,43.12,DKK
2025-07-28,Copenhagen,mushrooms,kg,43.1,DKK
2025-08-04,Copenhagen,mushrooms,kg,42.86,DKK
2025-08-11,Copenhagen,mushrooms,kg,42.69,DKK
2025-08-18,Copenhagen,mushrooms,kg,42.31,DKK
2025-08-25,Copenhagen,mushrooms,kg,42.36,DKK
2025-09-01,Copenhagen,mushrooms,kg,42.48,DKK
2025-09-08,Copenhagen,mushrooms,kg,42.54,DKK
2025-09-15,Copenhagen,mushrooms,kg,42.56,DKK
2025-09-22,Copenhagen,mushrooms,kg,41.96,DKK
2025-09-29,Copenhagen,mushrooms,kg,41.68,DKK
2025-10-06,Copenhagen,mushrooms,kg,41.55,DKK
2025-10-13,Copenhagen,mushrooms,kg,41.31,DKK
2025-10-20,Copenhagen,mushrooms,kg,41.37,DKK
2025-10-27,Copenhagen,mushrooms,kg,41.09,DKK
2025-11-03,Copenhagen,mushrooms,kg,41.75,DKK
2025-11-10,Copenhagen,mushrooms,kg,41.85,DKK
2025-11-17,Copenhagen,mushrooms,kg,41.66,DKK
2025-11-24,Copenhagen,mushrooms,kg,41.27,DKK
2025-12-01,Copenhagen,mushrooms,kg,41.21,DKK
2025-12-08,Copenhagen,mushrooms,kg,41.66,DKK
2025-12-15,Copenhagen,mushrooms,kg,41.44,DKK
2025-12-22,Copenhagen,mushrooms,kg,41.74,DKK
2025-12-29,Copenhagen,mushrooms,kg,41.48,DKK
2024-01-01,Copenhagen,potatoes,kg,7.96,DKK
2024-01-08,Copenhagen,potatoes,kg,7.92,DKK
2024-01-15,Copenhagen,potatoes,kg,7.98,DKK
2024-01-22,Copenhagen,potatoes,kg,8.0,DKK
2024-01-29,Copenhagen,potatoes,kg,8.02,DKK
2024-02-05,Copenhagen,potatoes,kg,8.01,DKK
2024-02-12,Copenhagen,potatoes,kg,8.04,DKK
2024-02-19,Copenhagen,potatoes,kg,8.06,DKK
2024-02-26,Copenhagen,potatoes,kg,8.03,DKK
2024-03-04,Copenhagen,potatoes,kg,8.02,DKK
2024-03-11,Copenhagen,potatoes,kg,8.05,DKK
2024-03-18,Copenhagen,potatoes,kg,8.07,DKK
2024-03-25,Copenhagen,potatoes,kg,8.01,DKK
2024-04-01,Copenhagen,potatoes,kg,8.04,DKK
2024-04-08,Copenhagen,potatoes,kg,8.04,DKK
2024-04-15,Copenhagen,potatoes,kg,8.11,DKK
2024-04-22,Copenhagen,potatoes,kg,8.13,DKK
2024-04-29,Copenhagen,potatoes,kg,8.05,DKK
2024-05-06,Copenhagen,potatoes,kg,8.1,DKK
2024-05-13,Copenhagen,potatoes,kg,8.04,DKK
2024-05-20,Copenhagen,potatoes,kg,8.0,DKK
2024-05-27,Copenhagen,potatoes,kg,7.96,DKK
2024-06-03,Copenhagen,potatoes,kg,7.91,DKK
2024-06-10,Copenhagen,potatoes,kg,7.94,DKK
2024-06-17,Copenhagen,potatoes,kg,8.0,DKK
2024-06-24,Copenhagen,potatoes,kg,7.89,DKK
2024-07-01,Copenhagen,potatoes,kg,7.88,DKK
2024-07-08,Copenhagen,potatoes,kg,7.87,DKK
2024-07-15,Copenhagen,potatoes,kg,7.85,DKK
2024-07-22,Copenhagen,potatoes,kg,7.83,DKK
2024-07-29,Copenhagen,potatoes,kg,7.86,DKK
2024-08-05,Copenhagen,potatoes,kg,7.83,DKK
2024-08-12,Copenhagen,potatoes,kg,7.84,DKK
2024-08-19,Copenhagen,potatoes,kg,7.74,DKK
2024-08-26,Copenhagen,potatoes,kg,7.8,DKK
2024-09-02,Copenhagen,potatoes,kg,7.81,DKK
2024-09-09,Copenhagen,potatoes,kg,7.81,DKK
2024-09-16,Copenhagen,potatoes,kg,7.89,DKK
2024-09-23,Copenhagen,potatoes,kg,7.95,DKK
2024-09-30,Copenhagen,potatoes,kg,7.89,DKK
2024-10-07,Copenhagen,potatoes,kg,7.9,DKK
2024-10-14,Copenhagen,potatoes,kg,7.88,DKK
2024-10-21,Copenhagen,potatoes,kg,7.87,DKK
2024-10-28,Copenhagen,potatoes,kg,7.81,DKK
2024-11-04,Copenhagen,potatoes,kg,7.82,DKK
2024-11-11,Copenhagen,potatoes,kg,7.86,DKK
2024-11-18,Copenhagen,potatoes,kg,7.91,DKK
2024-11-25,Copenhagen,potatoes,kg,7.98,DKK
2024-12-02,Copenhagen,potatoes,kg,7.96,DKK
2024-12-09,Copenhagen,potatoes,kg,7.9,DKK
2024-12-16,Copenhagen,potatoes,kg,7.84,DKK
2024-12-23,Copenhagen,potatoes,kg,7.81,DKK
2024-12-30,Copenhagen,potatoes,kg,7.8,DKK
2025-01-06,Copenhagen,potatoes,kg,7.76,DKK
2025-01-13,Copenhagen,potatoes,kg,7.77,DKK
2025-01-20,Copenhagen,potatoes,kg,7.75,DKK
2025-01-27,Copenhagen,potatoes,kg,7.82,DKK
2025-02-03,Copenhagen,potatoes,kg,7.84,DKK
2025-02-10,Copenhagen,potatoes,kg,7.81,DKK
2025-02-17,Copenhagen,potatoes,kg,7.85,DKK
2025-02-24,Copenhagen,potatoes,kg,7.9,DKK
2025-03-03,Copenhagen,potatoes,kg,7.89,DKK
2025-03-10,Copenhagen,potatoes,kg,7.9,DKK
2025-03-17,Copenhagen,potatoes,kg,7.9,DKK
2025-03-24,Copenhagen,potatoes,kg,7.86,DKK
2025-03-31,Copenhagen,potatoes,kg,7.9,DKK
2025-04-07,Copenhagen,potatoes,kg,7.89,DKK
2025-04-14,Copenhagen,potatoes,kg,7.78,DKK
2025-04-21,Copenhagen,potatoes,kg,7.77,DKK
2025-04-28,Copenhagen,potatoes,kg,7.76,DKK
2025-05-05,Copenhagen,potatoes,kg,7.85,DKK
2025-05-12,Copenhagen,potatoes,kg,7.82,DKK
2025-05-19,Copenhagen,potatoes,kg,7.89,DKK
2025-05-26,Copenhagen,potatoes,kg,7.83,DKK
2025-06-02,Copenhagen,potatoes,kg,7.76,DKK
2025-06-09,Copenhagen,potatoes,kg,7.75,DKK
2025-06-16,Copenhagen,potatoes,kg,7.76,DKK
2025-06-23,Copenhagen,potatoes,kg,7.73,DKK
2025-06-30,Copenhagen,potatoes,kg,7.84,DKK
2025-07-07,Copenhagen,potatoes,kg,7.81,DKK
2025-07-14,Copenhagen,potatoes,kg,7.84,DKK
2025-07-21,Copenhagen,potatoes,kg,7.78,DKK
2025-07-28,Copenhagen,potatoes,kg,7.78,DKK
2025-08-04,Copenhagen,potatoes,kg,7.77,DKK
2025-08-11,Copenhagen,potatoes,kg,7.81,DKK
2025-08-18,Copenhagen,potatoes,kg,7.75,DKK
2025-08-25,Copenhagen,potatoes,kg,7.81,DKK
2025-09-01,Copenhagen,potatoes,kg,7.83,DKK
2025-09-08,Copenhagen,potatoes,kg,7.88,DKK
2025-09-15,Copenhagen,potatoes,kg,7.91,DKK
2025-09-22,Copenhagen,potatoes,kg,7.93,DKK
2025-09-29,Copenhagen,potatoes,kg,7.98,DKK
2025-10-06,Copenhagen,potatoes,kg,7.96,DKK
2025-10-13,Copenhagen,potatoes,kg,7.84,DKK
2025-10-20,Copenhagen,potatoes,kg,7.88,DKK
2025-10-27,Copenhagen,potatoes,kg,7.96,DKK
2025-11-03,Copenhagen,potatoes,kg,8.01,DKK
2025-11-10,Copenhagen,potatoes,kg,8.07,DKK
2025-11-17,Copenhagen,potatoes,kg,8.19,DKK
2025-11-24,Copenhagen,potatoes,kg,8.2,DKK
2025-12-01,Copenhagen,potatoes,kg,8.25,DKK
2025-12-08,Copenhagen,potatoes,kg,8.28,DKK
2025-12-15,Copenhagen,potatoes,kg,8.3,DKK
2025-12-22,Copenhagen,potatoes,kg,8.34,DKK
2025-12-29,Copenhagen,potatoes,kg,8.38,DKK
2024-01-01,Copenhagen,soda,can,5.99,DKK
2024-01-08,Copenhagen,soda,can,6.0,DKK
2024-01-15,Copenhagen,soda,can,6.04,DKK
2024-01-22,Copenhagen,soda,can,6.04,DKK
2024-01-29,Copenhagen,soda,can,6.01,DKK
2024-02-05,Copenhagen,soda,can,5.96,DKK
2024-02-12,Copenhagen,soda,can,5.94,DKK
2024-02-19,Copenhagen,soda,can,5.96,DKK
2024-02-26,Copenhagen,soda,can,5.93,DKK
2024-03-04,Copenhagen,soda,can,5.99,DKK
2024-03-11,Copenhagen,soda,can,6.02,DKK
2024-03-18,Copenhagen,soda,can,6.01,DKK
2024-03-25,Copenhagen,soda,can,5.97,DKK
2024-04-01,Copenhagen,soda,can,5.94,DKK
2024-04-08,Copenhagen,soda,can,5.95,DKK
2024-04-15,Copenhagen,soda,can,5.96,DKK
2024-04-22,Copenhagen,soda,can,5.98,DKK
2024-04-29,Copenhagen,soda,can,6.0,DKK
2024-05-06,Copenhagen,soda,can,5.99,DKK
2024-05-13,Copenhagen,soda,can,5.97,DKK
2024-05-20,Copenhagen,soda,can,5.96,DKK
2024-05-27,Copenhagen,soda,can,5.97,DKK
2024-06-03,Copenhagen,soda,can,5.99,DKK
2024-06-10,Copenhagen,soda,can,5.99,DKK
2024-06-17,Copenhagen,soda,can,5.92,DKK
2024-06-24,Copenhagen,soda,can,5.91,DKK
2024-07-01,Copenhagen,soda,can,5.89,DKK
2024-07-08,Copenhagen,soda,can,5.81,DKK
2024-07-15,Copenhagen,soda,can,5.77,DKK
2024-07-22,Copenhagen,soda,can,5.78,DKK
2024-07-29,Copenhagen,soda,can,5.78,DKK
2024-08-05,Copenhagen,soda,can,5.79,DKK
2024-08-12,Copenhagen,soda,can,5.81,DKK
2024-08-19,Copenhagen,soda,can,5.87,DKK
2024-08-26,Copenhagen,soda,can,5.88,DKK
2024-09-02,Copenhagen,soda,can,5.93,DKK
2024-09-09,Copenhagen,soda,can,5.96,DKK
2024-09-16,Copenhagen,soda,can,5.89,DKK
2024-09-23,Copenhagen,soda,can,5.85,DKK
2024-09-30,Copenhagen,soda,can,5.82,DKK
2024-10-07,Copenhagen,soda,can,5.79,DKK
2024-10-14,Copenhagen,soda,can,5.85,DKK
2024-10-21,Copenhagen,soda,can,5.87,DKK
2024-10-28,Copenhagen,soda,can,5.9,DKK
2024-11-04,Copenhagen,soda,can,5.91,DKK
2024-11-11,Copenhagen,soda,can,5.85,DKK
2024-11-18,Copenhagen,soda,can,5.83,DKK
2024-11-25,Copenhagen,soda,can,5.88,DKK
2024-12-02,Copenhagen,soda,can,5.86,DKK
2024-12-09,Copenhagen,soda,can,5.82,DKK
2024-12-16,Copenhagen,soda,can,5.87,DKK
2024-12-23,Copenhagen,soda,can,5.84,DKK
2024-12-30,Copenhagen,soda,can,5.83,DKK
2025-01-06,Copenhagen,soda,can,5.87,DKK
2025-01-13,Copenhagen,soda,can,5.9,DKK
2025-01-20,Copenhagen,soda,can,5.9,DKK
2025-01-27,Copenhagen,soda,can,5.89,DKK
2025-02-03,Copenhagen,soda,can,5.87,DKK
2025-02-10,Copenhagen,soda,can,5.88,DKK
2025-02-17,Copenhagen,soda,can,5.89,DKK
2025-02-24,Copenhagen,soda,can,5.87,DKK
2025-03-03,Copenhagen,soda,can,5.87,DKK
2025-03-10,Copenhagen,soda,can,5.85,DKK
2025-03-17,Copenhagen,soda,can,5.93,DKK
2025-03-24,Copenhagen,soda,can,5.93,DKK
2025-03-31,Copenhagen,soda,can,5.97,DKK
2025-04-07,Copenhagen,soda,can,5.99,DKK
2025-04-14,Copenhagen,soda,can,6.02,DKK
2025-04-21,Copenhagen,soda,can,6.03,DKK
2025-04-28,Copenhagen,soda,can,6.08,DKK
2025-05-05,Copenhagen,soda,can,6.13,DKK
2025-05-12,Copenhagen,soda,can,6.17,DKK
2025-05-19,Copenhagen,soda,can,6.17,DKK
2025-05-26,Copenhagen,soda,can,6.14,DKK
2025-06-02,Copenhagen,soda,can,6.1,DKK
2025-06-09,Copenhagen,soda,can,6.17,DKK
2025-06-16,Copenhagen,soda,can,6.13,DKK
2025-06-23,Copenhagen,soda,can,6.16,DKK
2025-06-30,Copenhagen,soda,can,6.17,DKK
2025-07-07,Copenhagen,soda,can,6.21,DKK
2025-07-14,Copenhagen,soda,can,6.23,DKK
2025-07-21,Copenhagen,soda,can,6.26,DKK
2025-07-28,Copenhagen,soda,can,6.27,DKK
2025-08-04,Copenhagen,soda,can,6.32,DKK
2025-08-11,Copenhagen,soda,can,6.3,DKK
2025-08-18,Copenhagen,soda,can,6.3,DKK
2025-08-25,Copenhagen,soda,can,6.3,DKK
2025-09-01,Copenhagen,soda,can,6.33,DKK
2025-09-08,Copenhagen,soda,can,6.29,DKK
2025-09-15,Copenhagen,soda,can,6.25,DKK
2025-09-22,Copenhagen,soda,can,6.21,DKK
2025-09-29,Copenhagen,soda,can,6.24,DKK
2025-10-06,Copenhagen,soda,can,6.24,DKK
2025-10-13,Copenhagen,soda,can,6.21,DKK
2025-10-20,Copenhagen,soda,can,6.24,DKK
2025-10-27,Copenhagen,soda,can,6.27,DKK
2025-11-03,Copenhagen,soda,can,6.32,DKK
2025-11-10,Copenhagen,soda,can,6.34,DKK
2025-11-17,Copenhagen,soda,can,6.33,DKK
2025-11-24,Copenhagen,soda,can,6.28,DKK
2025-12-01,Copenhagen,soda,can,6.25,DKK
2025-12-08,Copenhagen,soda,can,6.26,DKK
2025-12-15,Copenhagen,soda,can,6.31,DKK
2025-12-22,Copenhagen,soda,can,6.36,DKK
2025-12-29,Copenhagen,soda,can,6.37,DKK
2024-01-01,Copenhagen,coffee,kg,160.35,DKK
2024-01-08,Copenhagen,coffee,kg,162.03,DKK
2024-01-15,Copenhagen,coffee,kg,162.45,DKK
2024-01-22,Copenhagen,coffee,kg,160.46,DKK
2024-01-29,Copenhagen,coffee,kg,160.75,DKK
2024-02-05,Copenhagen,coffee,kg,160.56,DKK
2024-02-12,Copenhagen,coffee,kg,160.16,DKK
2024-02-19,Copenhagen,coffee,kg,159.78,DKK
2024-02-26,Copenhagen,coffee,kg,158.56,DKK
2024-03-04,Copenhagen,coffee,kg,157.57,DKK
2024-03-11,Copenhagen,coffee,kg,157.38,DKK
2024-03-18,Copenhagen,coffee,kg,157.66,DKK
2024-03-25,Copenhagen,coffee,kg,158.87,DKK
2024-04-01,Copenhagen,coffee,kg,159.29,DKK
2024-04-08,Copenhagen,coffee,kg,158.57,DKK
2024-04-15,Copenhagen,coffee,kg,159.11,DKK
2024-04-22,Copenhagen,coffee,kg,159.53,DKK
2024-04-29,Copenhagen,coffee,kg,160.91,DKK
2024-05-06,Copenhagen,coffee,kg,160.93,DKK
2024-05-13,Copenhagen,coffee,kg,162.18,DKK
2024-05-20,Copenhagen,coffee,kg,162.2,DKK
2024-05-27,Copenhagen,coffee,kg,161.8,DKK
2024-06-03,Copenhagen,coffee,kg,163.0,DKK
2024-06-10,Copenhagen,coffee,kg,162.84,DKK
2024-06-17,Copenhagen,coffee,kg,163.34,DKK
2024-06-24,Copenhagen,coffee,kg,162.38,DKK
2024-07-01,Copenhagen,coffee,kg,162.36,DKK
2024-07-08,Copenhagen,coffee,kg,161.88,DKK
2024-07-15,Copenhagen,coffee,kg,160.45,DKK
2024-07-22,Copenhagen,coffee,kg,159.96,DKK
2024-07-29,Copenhagen,coffee,kg,159.25,DKK
2024-08-05,Copenhagen,coffee,kg,158.48,DKK
2024-08-12,Copenhagen,coffee,kg,156.89,DKK
2024-08-19,Copenhagen,coffee,kg,157.39,DKK
2024-08-26,Copenhagen,coffee,kg,157.95,DKK
2024-09-02,Copenhagen,coffee,kg,159.84,DKK
2024-09-09,Copenhagen,coffee,kg,159.54,DKK
2024-09-16,Copenhagen,coffee,kg,159.66,DKK
2024-09-23,Copenhagen,coffee,kg,159.74,DKK
2024-09-30,Copenhagen,coffee,kg,159.94,DKK
2024-10-07,Copenhagen,coffee,kg,159.78,DKK
2024-10-14,Copenhagen,coffee,kg,159.17,DKK
2024-10-21,Copenhagen,coffee,kg,158.7,DKK
2024-10-28,Copenhagen,coffee,kg,159.11,DKK
2024-11-04,Copenhagen,coffee,kg,159.71,DKK
2024-11-11,Copenhagen,coffee,kg,158.74,DKK
2024-11-18,Copenhagen,coffee,kg,158.87,DKK
2024-11-25,Copenhagen,coffee,kg,159.19,DKK
2024-12-02,Copenhagen,coffee,kg,158.77,DKK
2024-12-09,Copenhagen,coffee,kg,159.21,DKK
2024-12-16,Copenhagen,coffee,kg,161.14,DKK
2024-12-23,Copenhagen,coffee,kg,160.58,DKK
2024-12-30,Copenhagen,coffee,kg,161.11,DKK
2025-01-06,Copenhagen,coffee,kg,159.86,DKK
2025-01-13,Copenhagen,coffee,kg,160.09,DKK
2025-01-20,Copenhagen,coffee,kg,160.1,DKK
2025-01-27,Copenhagen,coffee,kg,159.28,DKK
2025-02-03,Copenhagen,coffee,kg,157.04,DKK
2025-02-10,Copenhagen,coffee,kg,156.47,DKK
2025-02-17,Copenhagen,coffee,kg,156.59,DKK
2025-02-24,Copenhagen,coffee,kg,157.78,DKK
2025-03-03,Copenhagen,coffee,kg,159.02,DKK
2025-03-10,Copenhagen,coffee,kg,160.64,DKK
2025-03-17,Copenhagen,coffee,kg,160.46,DKK
2025-03-24,Copenhagen,coffee,kg,160.68,DKK
2025-03-31,Copenhagen,coffee,kg,161.09,DKK
2025-04-07,Copenhagen,coffee,kg,160.77,DKK
2025-04-14,Copenhagen,coffee,kg,162.0,DKK
2025-04-21,Copenhagen,coffee,kg,161.48,DKK
2025-04-28,Copenhagen,coffee,kg,162.56,DKK
2025-05-05,Copenhagen,coffee,kg,164.3,DKK
2025-05-12,Copenhagen,coffee,kg,162.81,DKK
2025-05-19,Copenhagen,coffee,kg,161.43,DKK
2025-05-26,Copenhagen,coffee,kg,161.4,DKK
2025-06-02,Copenhagen,coffee,kg,162.58,DKK
2025-06-09,Copenhagen,coffee,kg,163.09,DKK
2025-06-16,Copenhagen,coffee,kg,163.65,DKK
2025-06-23,Copenhagen,coffee,kg,164.25,DKK
2025-06-30,Copenhagen,coffee,kg,164.09,DKK
2025-07-07,Copenhagen,coffee,kg,164.93,DKK
2025-07-14,Copenhagen,coffee,kg,163.76,DKK
2025-07-21,Copenhagen,coffee,kg,162.41,DKK
2025-07-28,Copenhagen,coffee,kg,163.12,DKK
2025-08-04,Copenhagen,coffee,kg,162.47,DKK
2025-08-11,Copenhagen,coffee,kg,164.56,DKK
2025-08-18,Copenhagen,coffee,kg,165.58,DKK
2025-08-25,Copenhagen,coffee,kg,165.04,DKK
2025-09-01,Copenhagen,coffee,kg,166.35,DKK
2025-09-08,Copenhagen,coffee,kg,165.45,DKK
2025-09-15,Copenhagen,coffee,kg,162.9,DKK
2025-09-22,Copenhagen,coffee,kg,164.13,DKK
2025-09-29,Copenhagen,coffee,kg,164.47,DKK
2025-10-06,Copenhagen,coffee,kg,164.25,DKK
2025-10-13,Copenhagen,coffee,kg,164.04,DKK
2025-10-20,Copenhagen,coffee,kg,165.06,DKK
2025-10-27,Copenhagen,coffee,kg,165.51,DKK
2025-11-03,Copenhagen,coffee,kg,167.72,DKK
2025-11-10,Copenhagen,coffee,kg,168.39,DKK
2025-11-17,Copenhagen,coffee,kg,169.85,DKK
2025-11-24,Copenhagen,coffee,kg,169.36,DKK
2025-12-01,Copenhagen,coffee,kg,168.29,DKK
2025-12-08,Copenhagen,coffee,kg,169.43,DKK
2025-12-15,Copenhagen,coffee,kg,170.79,DKK
2025-12-22,Copenhagen,coffee,kg,171.39,DKK
2025-12-29,Copenhagen,coffee,kg,170.57,DKK
2024-01-01,Copenhagen,paper_cup,piece,0.8,DKK
2024-01-08,Copenhagen,paper_cup,piece,0.8,DKK
2024-01-15,Copenhagen,paper_cup,piece,0.8,DKK
2024-01-22,Copenhagen,paper_cup,piece,0.8,DKK
2024-01-29,Copenhagen,paper_cup,piece,0.8,DKK
2024-02-05,Copenhagen,paper_cup,piece,0.8,DKK
2024-02-12,Copenhagen,paper_cup,piece,0.79,DKK
2024-02-19,Copenhagen,paper_cup,piece,0.79,DKK
2024-02-26,Copenhagen,paper_cup,piece,0.79,DKK
2024-03-04,Copenhagen,paper_cup,piece,0.79,DKK
2024-03-11,Copenhagen,paper_cup,piece,0.8,DKK
2024-03-18,Copenhagen,paper_cup,piece,0.8,DKK
2024-03-25,Copenhagen,paper_cup,piece,0.8,DKK
2024-04-01,Copenhagen,paper_cup,piece,0.8,DKK
2024-04-08,Copenhagen,paper_cup,piece,0.81,DKK
2024-04-15,Copenhagen,paper_cup,piece,0.81,DKK
2024-04-22,Copenhagen,paper_cup,piece,0.81,DKK
2024-04-29,Copenhagen,paper_cup,piece,0.8,DKK
2024-05-06,Copenhagen,paper_cup,piece,0.8,DKK
2024-05-13,Copenhagen,paper_cup,piece,0.79,DKK
2024-05-20,Copenhagen,paper_cup,piece,0.79,DKK
2024-05-27,Copenhagen,paper_cup,piece,0.8,DKK
2024-06-03,Copenhagen,paper_cup,piece,0.79,DKK
2024-06-10,Copenhagen,paper_cup,piece,0.79,DKK
2024-06-17,Copenhagen,paper_cup,piece,0.8,DKK
2024-06-24,Copenhagen,paper_cup,piece,0.8,DKK
2024-07-01,Copenhagen,paper_cup,piece,0.8,DKK
2024-07-08,Copenhagen,paper_cup,piece,0.8,DKK
2024-07-15,Copenhagen,paper_cup,piece,0.8,DKK
2024-07-22,Copenhagen,paper_cup,piece,0.8,DKK
2024-07-29,Copenhagen,paper_cup,piece,0.8,DKK
2024-08-05,Copenhagen,paper_cup,piece,0.8,DKK
2024-08-12,Copenhagen,paper_cup,piece,0.81,DKK
2024-08-19,Copenhagen,paper_cup,piece,0.83,DKK
2024-08-26,Copenhagen,paper_cup,piece,0.82,DKK
2024-09-02,Copenhagen,paper_cup,piece,0.83,DKK
2024-09-09,Copenhagen,paper_cup,piece,0.83,DKK
2024-09-16,Copenhagen,paper_cup,piece,0.83,DKK
2024-09-23,Copenhagen,paper_cup,piece,0.83,DKK
2024-09-30,Copenhagen,paper_cup,piece,0.83,DKK
2024-10-07,Copenhagen,paper_cup,piece,0.84,DKK
2024-10-14,Copenhagen,paper_cup,piece,0.83,DKK
2024-10-21,Copenhagen,paper_cup,piece,0.83,DKK
2024-10-28,Copenhagen,paper_cup,piece,0.83,DKK
2024-11-04,Copenhagen,paper_cup,piece,0.84,DKK
2024-11-11,Copenhagen,paper_cup,piece,0.83,DKK
2024-11-18,Copenhagen,paper_cup,piece,0.83,DKK
2024-11-25,Copenhagen,paper_cup,piece,0.83,DKK
2024-12-02,Copenhagen,paper_cup,piece,0.83,DKK
2024-12-09,Copenhagen,paper_cup,piece,0.82,DKK
2024-12-16,Copenhagen,paper_cup,piece,0.81,DKK
2024-12-23,Copenhagen,paper_cup,piece,0.81,DKK
2024-12-30,Copenhagen,paper_cup,piece,0.82,DKK
2025-01-06,Copenhagen,paper_cup,piece,0.83,DKK
2025-01-13,Copenhagen,paper_cup,piece,0.83,DKK
2025-01-20,Copenhagen,paper_cup,piece,0.83,DKK
2025-01-27,Copenhagen,paper_cup,piece,0.83,DKK
2025-02-03,Copenhagen,paper_cup,piece,0.83,DKK
2025-02-10,Copenhagen,paper_cup,piece,0.84,DKK
2025-02-17,Copenhagen,paper_cup,piece,0.83,DKK
2025-02-24,Copenhagen,paper_cup,piece,0.83,DKK
2025-03-03,Copenhagen,paper_cup,piece,0.83,DKK
2025-03-10,Copenhagen,paper_cup,piece,0.84,DKK
2025-03-17,Copenhagen,paper_cup,piece,0.84,DKK
2025-03-24,Copenhagen,paper_cup,piece,0.83,DKK
2025-03-31,Copenhagen,paper_cup,piece,0.82,DKK
2025-04-07,Copenhagen,paper_cup,piece,0.83,DKK
2025-04-14,Copenhagen,paper_cup,piece,0.83,DKK
2025-04-21,Copenhagen,paper_cup,piece,0.84,DKK
2025-04-28,Copenhagen,paper_cup,piece,0.83,DKK
2025-05-05,Copenhagen,paper_cup,piece,0.82,DKK
2025-05-12,Copenhagen,paper_cup,piece,0.83,DKK
2025-05-19,Copenhagen,paper_cup,piece,0.83,DKK
2025-05-26,Copenhagen,paper_cup,piece,0.83,DKK
2025-06-02,Copenhagen,paper_cup,piece,0.84,DKK
2025-06-09,Copenhagen,paper_cup,piece,0.84,DKK
2025-06-16,Copenhagen,paper_cup,piece,0.82,DKK
2025-06-23,Copenhagen,paper_cup,piece,0.83,DKK
2025-06-30,Copenhagen,paper_cup,piece,0.83,DKK
2025-07-07,Copenhagen,paper_cup,piece,0.83,DKK
2025-07-14,Copenhagen,paper_cup,piece,0.83,DKK
2025-07-21,Copenhagen,paper_cup,piece,0.83,DKK
2025-07-28,Copenhagen,paper_cup,piece,0.84,DKK
2025-08-04,Copenhagen,paper_cup,piece,0.84,DKK
2025-08-11,Copenhagen,paper_cup,piece,0.84,DKK
2025-08-18,Copenhagen,paper_cup,piece,0.84,DKK
2025-08-25,Copenhagen,paper_cup,piece,0.83,DKK
2025-09-01,Copenhagen,paper_cup,piece,0.84,DKK
2025-09-08,Copenhagen,paper_cup,piece,0.85,DKK
2025-09-15,Copenhagen,paper_cup,piece,0.85,DKK
2025-09-22,Copenhagen,paper_cup,piece,0.85,DKK
2025-09-29,Copenhagen,paper_cup,piece,0.86,DKK
2025-10-06,Copenhagen,paper_cup,piece,0.86,DKK
2025-10-13,Copenhagen,paper_cup,piece,0.86,DKK
2025-10-20,Copenhagen,paper_cup,piece,0.86,DKK
2025-10-27,Copenhagen,paper_cup,piece,0.86,DKK
2025-11-03,Copenhagen,paper_cup,piece,0.86,DKK
2025-11-10,Copenhagen,paper_cup,piece,0.86,DKK
2025-11-17,Copenhagen,paper_cup,piece,0.85,DKK
2025-11-24,Copenhagen,paper_cup,piece,0.85,DKK
2025-12-01,Copenhagen,paper_cup,piece,0.85,DKK
2025-12-08,Copenhagen,paper_cup,piece,0.85,DKK
2025-12-15,Copenhagen,paper_cup,piece,0.84,DKK
2025-12-22,Copenhagen,paper_cup,piece,0.85,DKK
2025-12-29,Copenhagen,paper_cup,piece,0.85,DKK
2024-01-01,Copenhagen,chocolate_milk,bottle,6.92,DKK
2024-01-08,Copenhagen,chocolate_milk,bottle,6.9,DKK
2024-01-15,Copenhagen,chocolate_milk,bottle,6.86,DKK
2024-01-22,Copenhagen,chocolate_milk,bottle,6.87,DKK
2024-01-29,Copenhagen,chocolate_milk,bottle,6.85,DKK
2024-02-05,Copenhagen,chocolate_milk,bottle,6.89,DKK
2024-02-12,Copenhagen,chocolate_milk,bottle,6.93,DKK
2024-02-19,Copenhagen,chocolate_milk,bottle,6.88,DKK
2024-02-26,Copenhagen,chocolate_milk,bottle,6.92,DKK
2024-03-04,Copenhagen,chocolate_milk,bottle,6.97,DKK
2024-03-11,Copenhagen,chocolate_milk,bottle,6.98,DKK
2024-03-18,Copenhagen,chocolate_milk,bottle,7.0,DKK
2024-03-25,Copenhagen,chocolate_milk,bottle,6.98,DKK
2024-04-01,Copenhagen,chocolate_milk,bottle,6.97,DKK
2024-04-08,Copenhagen,chocolate_milk,bottle,6.97,DKK
2024-04-15,Copenhagen,chocolate_milk,bottle,6.96,DKK
2024-04-22,Copenhagen,chocolate_milk,bottle,6.94,DKK
2024-04-29,Copenhagen,chocolate_milk,bottle,7.01,DKK
2024-05-06,Copenhagen,chocolate_milk,bottle,7.0,DKK
2024-05-13,Copenhagen,chocolate_milk,bottle,6.99,DKK
2024-05-20,Copenhagen,chocolate_milk,bottle,7.04,DKK
2024-05-27,Copenhagen,chocolate_milk,bottle,7.02,DKK
2024-06-03,Copenhagen,chocolate_milk,bottle,7.1,DKK
2024-06-10,Copenhagen,chocolate_milk,bottle,7.18,DKK
2024-06-17,Copenhagen,chocolate_milk,bottle,7.2,DKK
2024-06-24,Copenhagen,chocolate_milk,bottle,7.16,DKK
2024-07-01,Copenhagen,chocolate_milk,bottle,7.18,DKK
2024-07-08,Copenhagen,chocolate_milk,bottle,7.23,DKK
2024-07-15,Copenhagen,chocolate_milk,bottle,7.26,DKK
2024-07-22,Copenhagen,chocolate_milk,bottle,7.31,DKK
2024-07-29,Copenhagen,chocolate_milk,bottle,7.29,DKK
2024-08-05,Copenhagen,chocolate_milk,bottle,7.28,DKK
2024-08-12,Copenhagen,chocolate_milk,bottle,7.33,DKK
2024-08-19,Copenhagen,chocolate_milk,bottle,7.38,DKK
2024-08-26,Copenhagen,chocolate_milk,bottle,7.44,DKK
2024-09-02,Copenhagen,chocolate_milk,bottle,7.45,DKK
2024-09-09,Copenhagen,chocolate_milk,bottle,7.4,DKK
2024-09-16,Copenhagen,chocolate_milk,bottle,7.36,DKK
2024-09-23,Copenhagen,chocolate_milk,bottle,7.41,DKK
2024-09-30,Copenhagen,chocolate_milk,bottle,7.35,DKK
2024-10-07,Copenhagen,chocolate_milk,bottle,7.4,DKK
2024-10-14,Copenhagen,chocolate_milk,bottle,7.38,DKK
2024-10-21,Copenhagen,chocolate_milk,bottle,7.4,DKK
2024-10-28,Copenhagen,chocolate_milk,bottle,7.4,DKK
2024-11-04,Copenhagen,chocolate_milk,bottle,7.42,DKK
2024-11-11,Copenhagen,chocolate_milk,bottle,7.46,DKK
2024-11-18,Copenhagen,chocolate_milk,bottle,7.42,DKK
2024-11-25,Copenhagen,chocolate_milk,bottle,7.4,DKK
2024-12-02,Copenhagen,chocolate_milk,bottle,7.4,DKK
2024-12-09,Copenhagen,chocolate_milk,bottle,7.3,DKK
2024-12-16,Copenhagen,chocolate_milk,bottle,7.32,DKK
2024-12-23,Copenhagen,chocolate_milk,bottle,7.35,DKK
2024-12-30,Copenhagen,chocolate_milk,bottle,7.37,DKK
2025-01-06,Copenhagen,chocolate_milk,bottle,7.43,DKK
2025-01-13,Copenhagen,chocolate_milk,bottle,7.43,DKK
2025-01-20,Copenhagen,chocolate_milk,bottle,7.46,DKK
2025-01-27,Copenhagen,chocolate_milk,bottle,7.45,DKK
2025-02-03,Copenhagen,chocolate_milk,bottle,7.48,DKK
2025-02-10,Copenhagen,chocolate_milk,bottle,7.51,DKK
2025-02-17,Copenhagen,chocolate_milk,bottle,7.52,DKK
2025-02-24,Copenhagen,chocolate_milk,bottle,7.54,DKK
2025-03-03,Copenhagen,chocolate_milk,bottle,7.57,DKK
2025-03-10,Copenhagen,chocolate_milk,bottle,7.56,DKK
2025-03-17,Copenhagen,chocolate_milk,bottle,7.57,DKK
2025-03-24,Copenhagen,chocolate_milk,bottle,7.58,DKK
2025-03-31,Copenhagen,chocolate_milk,bottle,7.58,DKK
2025-04-07,Copenhagen,chocolate_milk,bottle,7.61,DKK
2025-04-14,Copenhagen,chocolate_milk,bottle,7.62,DKK
2025-04-21,Copenhagen,chocolate_milk,bottle,7.61,DKK
2025-04-28,Copenhagen,chocolate_milk,bottle,7.65,DKK
2025-05-05,Copenhagen,chocolate_milk,bottle,7.68,DKK
2025-05-12,Copenhagen,chocolate_milk,bottle,7.67,DKK
2025-05-19,Copenhagen,chocolate_milk,bottle,7.6,DKK
2025-05-26,Copenhagen,chocolate_milk,bottle,7.66,DKK
2025-06-02,Copenhagen,chocolate_milk,bottle,7.71,DKK
2025-06-09,Copenhagen,chocolate_milk,bottle,7.71,DKK
2025-06-16,Copenhagen,chocolate_milk,bottle,7.72,DKK
2025-06-23,Copenhagen,chocolate_milk,bottle,7.71,DKK
2025-06-30,Copenhagen,chocolate_milk,bottle,7.69,DKK
2025-07-07,Copenhagen,chocolate_milk,bottle,7.69,DKK
2025-07-14,Copenhagen,chocolate_milk,bottle,7.72,DKK
2025-07-21,Copenhagen,chocolate_milk,bottle,7.75,DKK
2025-07-28,Copenhagen,chocolate_milk,bottle,7.75,DKK
2025-08-04,Copenhagen,chocolate_milk,bottle,7.79,DKK
2025-08-11,Copenhagen,chocolate_milk,bottle,7.83,DKK
2025-08-18,Copenhagen,chocolate_milk,bottle,7.87,DKK
2025-08-25,Copenhagen,chocolate_milk,bottle,7.93,DKK
2025-09-01,Copenhagen,chocolate_milk,bottle,7.93,DKK
2025-09-08,Copenhagen,chocolate_milk,bottle,7.92,DKK
2025-09-15,Copenhagen,chocolate_milk,bottle,7.89,DKK
2025-09-22,Copenhagen,chocolate_milk,bottle,7.83,DKK
2025-09-29,Copenhagen,chocolate_milk,bottle,7.83,DKK
2025-10-06,Copenhagen,chocolate_milk,bottle,7.77,DKK
2025-10-13,Copenhagen,chocolate_milk,bottle,7.79,DKK
2025-10-20,Copenhagen,chocolate_milk,bottle,7.68,DKK
2025-10-27,Copenhagen,chocolate_milk,bottle,7.68,DKK
2025-11-03,Copenhagen,chocolate_milk,bottle,7.7,DKK
2025-11-10,Copenhagen,chocolate_milk,bottle,7.67,DKK
2025-11-17,Copenhagen,chocolate_milk,bottle,7.71,DKK
2025-11-24,Copenhagen,chocolate_milk,bottle,7.68,DKK
2025-12-01,Copenhagen,chocolate_milk,bottle,7.69,DKK
2025-12-08,Copenhagen,chocolate_milk,bottle,7.72,DKK
2025-12-15,Copenhagen,chocolate_milk,bottle,7.69,DKK
2025-12-22,Copenhagen,chocolate_milk,bottle,7.68,DKK
2025-12-29,Copenhagen,chocolate_milk,bottle,7.64,DKK
2024-01-01,Warsaw,sausage,kg,28.14,PLN
2024-01-08,Warsaw,sausage,kg,28.22,PLN
2024-01-15,Warsaw,sausage,kg,28.23,PLN
2024-01-22,Warsaw,sausage,kg,28.08,PLN
2024-01-29,Warsaw,sausage,kg,27.94,PLN
2024-02-05,Warsaw,sausage,kg,28.17,PLN
2024-02-12,Warsaw,sausage,kg,28.17,PLN
2024-02-19,Warsaw,sausage,kg,28.0,PLN
2024-02-26,Warsaw,sausage,kg,28.02,PLN
2024-03-04,Warsaw,sausage,kg,28.14,PLN
2024-03-11,Warsaw,sausage,kg,28.05,PLN
2024-03-18,Warsaw,sausage,kg,27.85,PLN
2024-03-25,Warsaw,sausage,kg,27.67,PLN
2024-04-01,Warsaw,sausage,kg,27.94,PLN
2024-04-08,Warsaw,sausage,kg,28.09,PLN
2024-04-15,Warsaw,sausage,kg,28.18,PLN
2024-04-22,Warsaw,sausage,kg,27.97,PLN
2024-04-29,Warsaw,sausage,kg,27.78,PLN
2024-05-06,Warsaw,sausage,kg,27.79,PLN
2024-05-13,Warsaw,sausage,kg,27.77,PLN
2024-05-20,Warsaw,sausage,kg,27.47,PLN
2024-05-27,Warsaw,sausage,kg,27.44,PLN
2024-06-03,Warsaw,sausage,kg,27.58,PLN
2024-06-10,Warsaw,sausage,kg,27.4,PLN
2024-06-17,Warsaw,sausage,kg,27.37,PLN
2024-06-24,Warsaw,sausage,kg,27.41,PLN
2024-07-01,Warsaw,sausage,kg,27.28,PLN
2024-07-08,Warsaw,sausage,kg,27.41,PLN
2024-07-15,Warsaw,sausage,kg,27.51,PLN
2024-07-22,Warsaw,sausage,kg,27.53,PLN
2024-07-29,Warsaw,sausage,kg,27.66,PLN
2024-08-05,Warsaw,sausage,kg,27.55,PLN
2024-08-12,Warsaw,sausage,kg,27.8,PLN
2024-08-19,Warsaw,sausage,kg,27.86,PLN
2024-08-26,Warsaw,sausage,kg,27.78,PLN
2024-09-02,Warsaw,sausage,kg,27.85,PLN
2024-09-09,Warsaw,sausage,kg,27.86,PLN
2024-09-16,Warsaw,sausage,kg,27.87,PLN
2024-09-23,Warsaw,sausage,kg,27.73,PLN
2024-09-30,Warsaw,sausage,kg,27.39,PLN
2024-10-07,Warsaw,sausage,kg,27.14,PLN
2024-10-14,Warsaw,sausage,kg,26.67,PLN
2024-10-21,Warsaw,sausage,kg,26.38,PLN
2024-10-28,Warsaw,sausage,kg,26.66,PLN
2024-11-04,Warsaw,sausage,kg,26.8,PLN
2024-11-11,Warsaw,sausage,kg,26.67,PLN
2024-11-18,Warsaw,sausage,kg,26.75,PLN
2024-11-25,Warsaw,sausage,kg,26.51,PLN
2024-12-02,Warsaw,sausage,kg,26.31,PLN
2024-12-09,Warsaw,sausage,kg,26.41,PLN
2024-12-16,Warsaw,sausage,kg,26.37,PLN
2024-12-23,Warsaw,sausage,kg,26.22,PLN
2024-12-30,Warsaw,sausage,kg,26.28,PLN
2025-01-06,Warsaw,sausage,kg,26.25,PLN
2025-01-13,Warsaw,sausage,kg,26.26,PLN
2025-01-20,Warsaw,sausage,kg,26.16,PLN
2025-01-27,Warsaw,sausage,kg,26.08,PLN
2025-02-03,Warsaw,sausage,kg,25.99,PLN
2025-02-10,Warsaw,sausage,kg,26.33,PLN
2025-02-17,Warsaw,sausage,kg,26.29,PLN
2025-02-24,Warsaw,sausage,kg,26.19,PLN
2025-03-03,Warsaw,sausage,kg,26.22,PLN
2025-03-10,Warsaw,sausage,kg,26.12,PLN
2025-03-17,Warsaw,sausage,kg,25.9,PLN
2025-03-24,Warsaw,sausage,kg,26.13,PLN
2025-03-31,Warsaw,sausage,kg,26.22,PLN
2025-04-07,Warsaw,sausage,kg,26.25,PLN
2025-04-14,Warsaw,sausage,kg,26.4,PLN
2025-04-21,Warsaw,sausage,kg,26.36,PLN
2025-04-28,Warsaw,sausage,kg,26.23,PLN
2025-05-05,Warsaw,sausage,kg,26.47,PLN
2025-05-12,Warsaw,sausage,kg,26.08,PLN
2025-05-19,Warsaw,sausage,kg,26.34,PLN
2025-05-26,Warsaw,sausage,kg,26.16,PLN
2025-06-02,Warsaw,sausage,kg,26.19,PLN
2025-06-09,Warsaw,sausage,kg,26.39,PLN
2025-06-16,Warsaw,sausage,kg,26.55,PLN
2025-06-23,Warsaw,sausage,kg,26.74,PLN
2025-06-30,Warsaw,sausage,kg,26.77,PLN
2025-07-07,Warsaw,sausage,kg,26.65,PLN
2025-07-14,Warsaw,sausage,kg,26.73,PLN
2025-07-21,Warsaw,sausage,kg,26.24,PLN
2025-07-28,Warsaw,sausage,kg,26.43,PLN
2025-08-04,Warsaw,sausage,kg,26.61,PLN
2025-08-11,Warsaw,sausage,kg,26.63,PLN
2025-08-18,Warsaw,sausage,kg,26.58,PLN
2025-08-25,Warsaw,sausage,kg,26.68,PLN
2025-09-01,Warsaw,sausage,kg,26.85,PLN
2025-09-08,Warsaw,sausage,kg,26.68,PLN
2025-09-15,Warsaw,sausage,kg,26.77,PLN
2025-09-22,Warsaw,sausage,kg,26.64,PLN
2025-09-29,Warsaw,sausage,kg,26.78,PLN
2025-10-06,Warsaw,sausage,kg,26.91,PLN
2025-10-13,Warsaw,sausage,kg,26.92,PLN
2025-10-20,Warsaw,sausage,kg,27.35,PLN
2025-10-27,Warsaw,sausage,kg,27.55,PLN
2025-11-03,Warsaw,sausage,kg,27.69,PLN
2025-11-10,Warsaw,sausage,kg,27.77,PLN
2025-11-17,Warsaw,sausage,kg,28.01,PLN
2025-11-24,Warsaw,sausage,kg,28.21,PLN
2025-12-01,Warsaw,sausage,kg,28.06,PLN
2025-12-08,Warsaw,sausage,kg,27.87,PLN
2025-12-15,Warsaw,sausage,kg,27.71,PLN
2025-12-22,Warsaw,sausage,kg,27.76,PLN
2025-12-29,Warsaw,sausage,kg,27.83,PLN
2024-01-01,Warsaw,vegan_sausage,kg,50.16,PLN
2024-01-08,Warsaw,vegan_sausage,kg,50.11,PLN
2024-01-15,Warsaw,vegan_sausage,kg,50.52,PLN
2024-01-22,Warsaw,vegan_sausage,kg,50.11,PLN
2024-01-29,Warsaw,vegan_sausage,kg,49.74,PLN
2024-02-05,Warsaw,vegan_sausage,kg,49.63,PLN
2024-02-12,Warsaw,vegan_sausage,kg,49.37,PLN
2024-02-19,Warsaw,vegan_sausage,kg,49.18,PLN
2024-02-26,Warsaw,vegan_sausage,kg,48.9,PLN
2024-03-04,Warsaw,vegan_sausage,kg,48.52,PLN
2024-03-11,Warsaw,vegan_sausage,kg,49.07,PLN
2024-03-18,Warsaw,vegan_sausage,kg,49.44,PLN
2024-03-25,Warsaw,vegan_sausage,kg,49.46,PLN
2024-04-01,Warsaw,vegan_sausage,kg,49.76,PLN
2024-04-08,Warsaw,vegan_sausage,kg,50.03,PLN
2024-04-15,Warsaw,vegan_sausage,kg,49.76,PLN
2024-04-22,Warsaw,vegan_sausage,kg,49.37,PLN
2024-04-29,Warsaw,vegan_sausage,kg,49.73,PLN
2024-05-06,Warsaw,vegan_sausage,kg,49.75,PLN
2024-05-13,Warsaw,vegan_sausage,kg,50.47,PLN
2024-05-20,Warsaw,vegan_sausage,kg,50.45,PLN
2024-05-27,Warsaw,vegan_sausage,kg,49.98,PLN
2024-06-03,Warsaw,vegan_sausage,kg,50.42,PLN
2024-06-10,Warsaw,vegan_sausage,kg,50.9,PLN
2024-06-17,Warsaw,vegan_sausage,kg,50.95,PLN
2024-06-24,Warsaw,vegan_sausage,kg,50.81,PLN
2024-07-01,Warsaw,vegan_sausage,kg,50.98,PLN
2024-07-08,Warsaw,vegan_sausage,kg,51.11,PLN
2024-07-15,Warsaw,vegan_sausage,kg,51.53,PLN
2024-07-22,Warsaw,vegan_sausage,kg,51.52,PLN
2024-07-29,Warsaw,vegan_sausage,kg,51.78,PLN
2024-08-05,Warsaw,vegan_sausage,kg,51.86,PLN
2024-08-12,Warsaw,vegan_sausage,kg,52.04,PLN
2024-08-19,Warsaw,vegan_sausage,kg,52.3,PLN
2024-08-26,Warsaw,vegan_sausage,kg,52.18,PLN
2024-09-02,Warsaw,vegan_sausage,kg,52.55,PLN
2024-09-09,Warsaw,vegan_sausage,kg,52.38,PLN
2024-09-16,Warsaw,vegan_sausage,kg,52.18,PLN
2024-09-23,Warsaw,vegan_sausage,kg,52.29,PLN
2024-09-30,Warsaw,vegan_sausage,kg,52.01,PLN
2024-10-07,Warsaw,vegan_sausage,kg,52.2,PLN
2024-10-14,Warsaw,vegan_sausage,kg,52.44,PLN
2024-10-21,Warsaw,vegan_sausage,kg,52.49,PLN
2024-10-28,Warsaw,vegan_sausage,kg,51.93,PLN
2024-11-04,Warsaw,vegan_sausage,kg,52.29,PLN
2024-11-11,Warsaw,vegan_sausage,kg,52.08,PLN
2024-11-18,Warsaw,vegan_sausage,kg,52.49,PLN
2024-11-25,Warsaw,vegan_sausage,kg,52.4,PLN
2024-12-02,Warsaw,vegan_sausage,kg,52.44,PLN
2024-12-09,Warsaw,vegan_sausage,kg,52.18,PLN
2024-12-16,Warsaw,vegan_sausage,kg,51.73,PLN
2024-12-23,Warsaw,vegan_sausage,kg,51.6,PLN
2024-12-30,Warsaw,vegan_sausage,kg,51.38,PLN
2025-01-06,Warsaw,vegan_sausage,kg,51.61,PLN
2025-01-13,Warsaw,vegan_sausage,kg,51.88,PLN
2025-01-20,Warsaw,vegan_sausage,kg,51.83,PLN
2025-01-27,Warsaw,vegan_sausage,kg,51.88,PLN
2025-02-03,Warsaw,vegan_sausage,kg,52.01,PLN
2025-02-10,Warsaw,vegan_sausage,kg,52.16,PLN
2025-02-17,Warsaw,vegan_sausage,kg,52.36,PLN
2025-02-24,Warsaw,vegan_sausage,kg,52.56,PLN
2025-03-03,Warsaw,vegan_sausage,kg,53.21,PLN
2025-03-10,Warsaw,vegan_sausage,kg,53.17,PLN
2025-03-17,Warsaw,vegan_sausage,kg,53.42,PLN
2025-03-24,Warsaw,vegan_sausage,kg,53.43,PLN
2025-03-31,Warsaw,vegan_sausage,kg,53.66,PLN
2025-04-07,Warsaw,vegan_sausage,kg,53.56,PLN
2025-04-14,Warsaw,vegan_sausage,kg,53.49,PLN
2025-04-21,Warsaw,vegan_sausage,kg,53.81,PLN
2025-04-28,Warsaw,vegan_sausage,kg,53.76,PLN
2025-05-05,Warsaw,vegan_sausage,kg,54.05,PLN
2025-05-12,Warsaw,vegan_sausage,kg,54.26,PLN
2025-05-19,Warsaw,vegan_sausage,kg,54.17,PLN
2025-05-26,Warsaw,vegan_sausage,kg,54.04,PLN
2025-06-02,Warsaw,vegan_sausage,kg,54.09,PLN
2025-06-09,Warsaw,vegan_sausage,kg,53.7,PLN
2025-06-16,Warsaw,vegan_sausage,kg,53.63,PLN
2025-06-23,Warsaw,vegan_sausage,kg,53.51,PLN
2025-06-30,Warsaw,vegan_sausage,kg,53.65,PLN
2025-07-07,Warsaw,vegan_sausage,kg,53.86,PLN
2025-07-14,Warsaw,vegan_sausage,kg,53.77,PLN
2025-07-21,Warsaw,vegan_sausage,kg,54.0,PLN
2025-07-28,Warsaw,vegan_sausage,kg,53.76,PLN
2025-08-04,Warsaw,vegan_sausage,kg,54.09,PLN
2025-08-11,Warsaw,vegan_sausage,kg,54.21,PLN
2025-08-18,Warsaw,vegan_sausage,kg,53.9,PLN
2025-08-25,Warsaw,vegan_sausage,kg,53.97,PLN
2025-09-01,Warsaw,vegan_sausage,kg,54.38,PLN
2025-09-08,Warsaw,vegan_sausage,kg,54.61,PLN
2025-09-15,Warsaw,vegan_sausage,kg,54.86,PLN
2025-09-22,Warsaw,vegan_sausage,kg,55.1,PLN
2025-09-29,Warsaw,vegan_sausage,kg,54.86,PLN
2025-10-06,Warsaw,vegan_sausage,kg,54.91,PLN
2025-10-13,Warsaw,vegan_sausage,kg,55.18,PLN
2025-10-20,Warsaw,vegan_sausage,kg,55.57,PLN
2025-10-27,Warsaw,vegan_sausage,kg,55.61,PLN
2025-11-03,Warsaw,vegan_sausage,kg,55.4,PLN
2025-11-10,Warsaw,vegan_sausage,kg,56.0,PLN
2025-11-17,Warsaw,vegan_sausage,kg,56.22,PLN
2025-11-24,Warsaw,vegan_sausage,kg,56.55,PLN
2025-12-01,Warsaw,vegan_sausage,kg,56.26,PLN
2025-12-08,Warsaw,vegan_sausage,kg,55.89,PLN
2025-12-15,Warsaw,vegan_sausage,kg,56.0,PLN
2025-12-22,Warsaw,vegan_sausage,kg,56.14,PLN
2025-12-29,Warsaw,vegan_sausage,kg,56.12,PLN
2024-01-01,Warsaw,bun,piece,0.89,PLN
2024-01-08,Warsaw,bun,piece,0.89,PLN
2024-01-15,Warsaw,bun,piece,0.89,PLN
2024-01-22,Warsaw,bun,piece,0.88,PLN
2024-01-29,Warsaw,bun,piece,0.88,PLN
2024-02-05,Warsaw,bun,piece,0.87,PLN
2024-02-12,Warsaw,bun,piece,0.88,PLN
2024-02-19,Warsaw,bun,piece,0.88,PLN
2024-02-26,Warsaw,bun,piece,0.88,PLN
2024-03-04,Warsaw,bun,piece,0.88,PLN
2024-03-11,Warsaw,bun,piece,0.88,PLN
2024-03-18,Warsaw,bun,piece,0.87,PLN
2024-03-25,Warsaw,bun,piece,0.87,PLN
2024-04-01,Warsaw,bun,piece,0.87,PLN
2024-04-08,Warsaw,bun,piece,0.87,PLN
2024-04-15,Warsaw,bun,piece,0.87,PLN
2024-04-22,Warsaw,bun,piece,0.87,PLN
2024-04-29,Warsaw,bun,piece,0.86,PLN
2024-05-06,Warsaw,bun,piece,0.87,PLN
2024-05-13,Warsaw,bun,piece,0.87,PLN
2024-05-20,Warsaw,bun,piece,0.88,PLN
2024-05-27,Warsaw,bun,piece,0.88,PLN
2024-06-03,Warsaw,bun,piece,0.89,PLN
2024-06-10,Warsaw,bun,piece,0.89,PLN
2024-06-17,Warsaw,bun,piece,0.88,PLN
2024-06-24,Warsaw,bun,piece,0.89,PLN
2024-07-01,Warsaw,bun,piece,0.9,PLN
2024-07-08,Warsaw,bun,piece,0.89,PLN
2024-07-15,Warsaw,bun,piece,0.89,PLN
2024-07-22,Warsaw,bun,piece,0.9,PLN
2024-07-29,Warsaw,bun,piece,0.91,PLN
2024-08-05,Warsaw,bun,piece,0.9,PLN
2024-08-12,Warsaw,bun,piece,0.91,PLN
2024-08-19,Warsaw,bun,piece,0.91,PLN
2024-08-26,Warsaw,bun,piece,0.91,PLN
2024-09-02,Warsaw,bun,piece,0.9,PLN
2024-09-09,Warsaw,bun,piece,0.91,PLN
2024-09-16,Warsaw,bun,piece,0.92,PLN
2024-09-23,Warsaw,bun,piece,0.92,PLN
2024-09-30,Warsaw,bun,piece,0.91,PLN
2024-10-07,Warsaw,bun,piece,0.91,PLN
2024-10-14,Warsaw,bun,piece,0.91,PLN
2024-10-21,Warsaw,bun,piece,0.91,PLN
2024-10-28,Warsaw,bun,piece,0.92,PLN
2024-11-04,Warsaw,bun,piece,0.92,PLN
2024-11-11,Warsaw,bun,piece,0.91,PLN
2024-11-18,Warsaw,bun,piece,0.92,PLN
2024-11-25,Warsaw,bun,piece,0.92,PLN
2024-12-02,Warsaw,bun,piece,0.92,PLN
2024-12-09,Warsaw,bun,piece,0.92,PLN
2024-12-16,Warsaw,bun,piece,0.92,PLN
2024-12-23,Warsaw,bun,piece,0.91,PLN
2024-12-30,Warsaw,bun,piece,0.91,PLN
2025-01-06,Warsaw,bun,piece,0.91,PLN
2025-01-13,Warsaw,bun,piece,0.91,PLN
2025-01-20,Warsaw,bun,piece,0.91,PLN
2025-01-27,Warsaw,bun,piece,0.92,PLN
2025-02-03,Warsaw,bun,piece,0.92,PLN
2025-02-10,Warsaw,bun,piece,0.92,PLN
2025-02-17,Warsaw,bun,piece,0.93,PLN
2025-02-24,Warsaw,bun,piece,0.93,PLN
2025-03-03,Warsaw,bun,piece,0.93,PLN
2025-03-10,Warsaw,bun,piece,0.94,PLN
2025-03-17,Warsaw,bun,piece,0.94,PLN
2025-03-24,Warsaw,bun,piece,0.94,PLN
2025-03-31,Warsaw,bun,piece,0.94,PLN
2025-04-07,Warsaw,bun,piece,0.94,PLN
2025-04-14,Warsaw,bun,piece,0.94,PLN
2025-04-21,Warsaw,bun,piece,0.94,PLN
2025-04-28,Warsaw,bun,piece,0.93,PLN
2025-05-05,Warsaw,bun,piece,0.93,PLN
2025-05-12,Warsaw,bun,piece,0.93,PLN
2025-05-19,Warsaw,bun,piece,0.92,PLN
2025-05-26,Warsaw,bun,piece,0.93,PLN
2025-06-02,Warsaw,bun,piece,0.92,PLN
2025-06-09,Warsaw,bun,piece,0.93,PLN
2025-06-16,Warsaw,bun,piece,0.93,PLN
2025-06-23,Warsaw,bun,piece,0.94,PLN
2025-06-30,Warsaw,bun,piece,0.93,PLN
2025-07-07,Warsaw,bun,piece,0.93,PLN
2025-07-14,Warsaw,bun,piece,0.93,PLN
2025-07-21,Warsaw,bun,piece,0.93,PLN
2025-07-28,Warsaw,bun,piece,0.93,PLN
2025-08-04,Warsaw,bun,piece,0.94,PLN
2025-08-11,Warsaw,bun,piece,0.93,PLN
2025-08-18,Warsaw,bun,piece,0.93,PLN
2025-08-25,Warsaw,bun,piece,0.94,PLN
2025-09-01,Warsaw,bun,piece,0.94,PLN
2025-09-08,Warsaw,bun,piece,0.95,PLN
2025-09-15,Warsaw,bun,piece,0.94,PLN
2025-09-22,Warsaw,bun,piece,0.94,PLN
2025-09-29,Warsaw,bun,piece,0.94,PLN
2025-10-06,Warsaw,bun,piece,0.95,PLN
2025-10-13,Warsaw,bun,piece,0.95,PLN
2025-10-20,Warsaw,bun,piece,0.93,PLN
2025-10-27,Warsaw,bun,piece,0.93,PLN
2025-11-03,Warsaw,bun,piece,0.93,PLN
2025-11-10,Warsaw,bun,piece,0.93,PLN
2025-11-17,Warsaw,bun,piece,0.93,PLN
2025-11-24,Warsaw,bun,piece,0.93,PLN
2025-12-01,Warsaw,bun,piece,0.93,PLN
2025-12-08,Warsaw,bun,piece,0.94,PLN
2025-12-15,Warsaw,bun,piece,0.94,PLN
2025-12-22,Warsaw,bun,piece,0.94,PLN
2025-12-29,Warsaw,bun,piece,0.95,PLN
2024-01-01,Warsaw,ketchup,kg,14.02,PLN
2024-01-08,Warsaw,ketchup,kg,14.0,PLN
2024-01-15,Warsaw,ketchup,kg,13.98,PLN
2024-01-22,Warsaw,ketchup,kg,14.04,PLN
2024-01-29,Warsaw,ketchup,kg,14.22,PLN
2024-02-05,Warsaw,ketchup,kg,14.15,PLN
2024-02-12,Warsaw,ketchup,kg,14.15,PLN
2024-02-19,Warsaw,ketchup,kg,14.26,PLN
2024-02-26,Warsaw,ketchup,kg,14.34,PLN
2024-03-04,Warsaw,ketchup,kg,14.29,PLN
2024-03-11,Warsaw,ketchup,kg,14.28,PLN
2024-03-18,Warsaw,ketchup,kg,14.16,PLN
2024-03-25,Warsaw,ketchup,kg,14.31,PLN
2024-04-01,Warsaw,ketchup,kg,14.22,PLN
2024-04-08,Warsaw,ketchup,kg,14.24,PLN
2024-04-15,Warsaw,ketchup,kg,14.25,PLN
2024-04-22,Warsaw,ketchup,kg,14.32,PLN
2024-04-29,Warsaw,ketchup,kg,14.27,PLN
2024-05-06,Warsaw,ketchup,kg,14.47,PLN
2024-05-13,Warsaw,ketchup,kg,14.31,PLN
2024-05-20,Warsaw,ketchup,kg,14.23,PLN
2024-05-27,Warsaw,ketchup,kg,14.28,PLN
2024-06-03,Warsaw,ketchup,kg,14.42,PLN
2024-06-10,Warsaw,ketchup,kg,14.58,PLN
2024-06-17,Warsaw,ketchup,kg,14.71,PLN
2024-06-24,Warsaw,ketchup,kg,14.78,PLN
2024-07-01,Warsaw,ketchup,kg,14.77,PLN
2024-07-08,Warsaw,ketchup,kg,14.77,PLN
2024-07-15,Warsaw,ketchup,kg,14.79,PLN
2024-07-22,Warsaw,ketchup,kg,14.96,PLN
2024-07-29,Warsaw,ketchup,kg,14.92,PLN
2024-08-05,Warsaw,ketchup,kg,14.9,PLN
2024-08-12,Warsaw,ketchup,kg,14.95,PLN
2024-08-19,Warsaw,ketchup,kg,14.91,PLN
2024-08-26,Warsaw,ketchup,kg,14.87,PLN
2024-09-02,Warsaw,ketchup,kg,14.92,PLN
2024-09-09,Warsaw,ketchup,kg,14.89,PLN
2024-09-16,Warsaw,ketchup,kg,14.85,PLN
2024-09-23,Warsaw,ketchup,kg,14.88,PLN
2024-09-30,Warsaw,ketchup,kg,14.79,PLN
2024-10-07,Warsaw,ketchup,kg,14.83,PLN
2024-10-14,Warsaw,ketchup,kg,14.8,PLN
2024-10-21,Warsaw,ketchup,kg,14.8,PLN
2024-10-28,Warsaw,ketchup,kg,14.88,PLN
2024-11-04,Warsaw,ketchup,kg,14.78,PLN
2024-11-11,Warsaw,ketchup,kg,14.71,PLN
2024-11-18,Warsaw,ketchup,kg,14.72,PLN
2024-11-25,Warsaw,ketchup,kg,14.79,PLN
2024-12-02,Warsaw,ketchup,kg,14.8,PLN
2024-12-09,Warsaw,ketchup,kg,14.8,PLN
2024-12-16,Warsaw,ketchup,kg,14.8,PLN
2024-12-23,Warsaw,ketchup,kg,14.76,PLN
2024-12-30,Warsaw,ketchup,kg,14.79,PLN
2025-01-06,Warsaw,ketchup,kg,14.75,PLN
2025-01-13,Warsaw,ketchup,kg,14.78,PLN
2025-01-20,Warsaw,ketchup,kg,14.81,PLN
2025-01-27,Warsaw,ketchup,kg,14.67,PLN
2025-02-03,Warsaw,ketchup,kg,14.62,PLN
2025-02-10,Warsaw,ketchup,kg,14.68,PLN
2025-02-17,Warsaw,ketchup,kg,14.74,PLN
2025-02-24,Warsaw,ketchup,kg,14.75,PLN
2025-03-03,Warsaw,ketchup,kg,14.66,PLN
2025-03-10,Warsaw,ketchup,kg,14.62,PLN
2025-03-17,Warsaw,ketchup,kg,14.77,PLN
2025-03-24,Warsaw,ketchup,kg,14.86,PLN
2025-03-31,Warsaw,ketchup,kg,14.79,PLN
2025-04-07,Warsaw,ketchup,kg,67.15,PLN
2025-04-14,Warsaw,ketchup,kg,66.32,PLN
2025-04-21,Warsaw,ketchup,kg,66.03,PLN
2025-04-28,Warsaw,ketchup,kg,66.1,PLN
2025-05-05,Warsaw,ketchup,kg,65.68,PLN
2025-05-12,Warsaw,ketchup,kg,65.99,PLN
2025-05-19,Warsaw,ketchup,kg,66.25,PLN
2025-05-26,Warsaw,ketchup,kg,66.26,PLN
2025-06-02,Warsaw,ketchup,kg,66.61,PLN
2025-06-09,Warsaw,ketchup,kg,66.98,PLN
2025-06-16,Warsaw,ketchup,kg,66.83,PLN
2025-06-23,Warsaw,ketchup,kg,67.21,PLN
2025-06-30,Warsaw,ketchup,kg,67.63,PLN
2025-07-07,Warsaw,ketchup,kg,65.87,PLN
2025-07-14,Warsaw,ketchup,kg,64.32,PLN
2025-07-21,Warsaw,ketchup,kg,62.71,PLN
2025-07-28,Warsaw,ketchup,kg,60.62,PLN
2025-08-04,Warsaw,ketchup,kg,58.23,PLN
2025-08-11,Warsaw,ketchup,kg,56.33,PLN
2025-08-18,Warsaw,ketchup,kg,54.18,PLN
2025-08-25,Warsaw,ketchup,kg,52.49,PLN
2025-09-01,Warsaw,ketchup,kg,50.15,PLN
2025-09-08,Warsaw,ketchup,kg,48.73,PLN
2025-09-15,Warsaw,ketchup,kg,47.03,PLN
2025-09-22,Warsaw,ketchup,kg,45.34,PLN
2025-09-29,Warsaw,ketchup,kg,43.19,PLN
2025-10-06,Warsaw,ketchup,kg,41.17,PLN
2025-10-13,Warsaw,ketchup,kg,39.14,PLN
2025-10-20,Warsaw,ketchup,kg,37.59,PLN
2025-10-27,Warsaw,ketchup,kg,35.58,PLN
2025-11-03,Warsaw,ketchup,kg,17.0,PLN
2025-11-10,Warsaw,ketchup,kg,17.01,PLN
2025-11-17,Warsaw,ketchup,kg,17.03,PLN
2025-11-24,Warsaw,ketchup,kg,16.92,PLN
2025-12-01,Warsaw,ketchup,kg,17.03,PLN
2025-12-08,Warsaw,ketchup,kg,16.87,PLN
2025-12-15,Warsaw,ketchup,kg,16.98,PLN
2025-12-22,Warsaw,ketchup,kg,16.9,PLN
2025-12-29,Warsaw,ketchup,kg,17.01,PLN
2024-01-01,Warsaw,mustard,kg,12.01,PLN
2024-01-08,Warsaw,mustard,kg,12.09,PLN
2024-01-15,Warsaw,mustard,kg,12.06,PLN
2024-01-22,Warsaw,mustard,kg,12.12,PLN
2024-01-29,Warsaw,mustard,kg,12.09,PLN
2024-02-05,Warsaw,mustard,kg,12.16,PLN
2024-02-12,Warsaw,mustard,kg,12.27,PLN
2024-02-19,Warsaw,mustard,kg,12.28,PLN
2024-02-26,Warsaw,mustard,kg,12.32,PLN
2024-03-04,Warsaw,mustard,kg,12.36,PLN
2024-03-11,Warsaw,mustard,kg,12.39,PLN
2024-03-18,Warsaw,mustard,kg,12.31,PLN
2024-03-25,Warsaw,mustard,kg,12.38,PLN
2024-04-01,Warsaw,mustard,kg,12.45,PLN
2024-04-08,Warsaw,mustard,kg,12.54,PLN
2024-04-15,Warsaw,mustard,kg,12.51,PLN
2024-04-22,Warsaw,mustard,kg,12.54,PLN
2024-04-29,Warsaw,mustard,kg,12.59,PLN
2024-05-06,Warsaw,mustard,kg,12.6,PLN
2024-05-13,Warsaw,mustard,kg,12.61,PLN
2024-05-20,Warsaw,mustard,kg,12.74,PLN
2024-05-27,Warsaw,mustard,kg,12.76,PLN
2024-06-03,Warsaw,mustard,kg,12.86,PLN
2024-06-10,Warsaw,mustard,kg,12.84,PLN
2024-06-17,Warsaw,mustard,kg,12.84,PLN
2024-06-24,Warsaw,mustard,kg,12.76,PLN
2024-07-01,Warsaw,mustard,kg,12.8,PLN
2024-07-08,Warsaw,mustard,kg,12.76,PLN
2024-07-15,Warsaw,mustard,kg,12.82,PLN
2024-07-22,Warsaw,mustard,kg,12.92,PLN
2024-07-29,Warsaw,mustard,kg,12.85,PLN
2024-08-05,Warsaw,mustard,kg,12.91,PLN
2024-08-12,Warsaw,mustard,kg,13.04,PLN
2024-08-19,Warsaw,mustard,kg,13.01,PLN
2024-08-26,Warsaw,mustard,kg,13.02,PLN
2024-09-02,Warsaw,mustard,kg,13.01,PLN
2024-09-09,Warsaw,mustard,kg,12.97,PLN
2024-09-16,Warsaw,mustard,kg,13.08,PLN
2024-09-23,Warsaw,mustard,kg,13.14,PLN
2024-09-30,Warsaw,mustard,kg,13.1,PLN
2024-10-07,Warsaw,mustard,kg,13.0,PLN
2024-10-14,Warsaw,mustard,kg,13.13,PLN
2024-10-21,Warsaw,mustard,kg,13.1,PLN
2024-10-28,Warsaw,mustard,kg,13.04,PLN
2024-11-04,Warsaw,mustard,kg,13.1,PLN
2024-11-11,Warsaw,mustard,kg,13.05,PLN
2024-11-18,Warsaw,mustard,kg,12.96,PLN
2024-11-25,Warsaw,mustard,kg,12.84,PLN
2024-12-02,Warsaw,mustard,kg,12.88,PLN
2024-12-09,Warsaw,mustard,kg,12.8,PLN
2024-12-16,Warsaw,mustard,kg,12.78,PLN
2024-12-23,Warsaw,mustard,kg,12.79,PLN
2024-12-30,Warsaw,mustard,kg,12.69,PLN
2025-01-06,Warsaw,mustard,kg,12.7,PLN
2025-01-13,Warsaw,mustard,kg,12.7,PLN
2025-01-20,Warsaw,mustard,kg,12.61,PLN
2025-01-27,Warsaw,mustard,kg,12.55,PLN
2025-02-03,Warsaw,mustard,kg,12.46,PLN
2025-02-10,Warsaw,mustard,kg,12.55,PLN
2025-02-17,Warsaw,mustard,kg,12.62,PLN
2025-02-24,Warsaw,mustard,kg,12.69,PLN
2025-03-03,Warsaw,mustard,kg,12.77,PLN
2025-03-10,Warsaw,mustard,kg,12.65,PLN
2025-03-17,Warsaw,mustard,kg,12.68,PLN
2025-03-24,Warsaw,mustard,kg,12.79,PLN
2025-03-31,Warsaw,mustard,kg,12.64,PLN
2025-04-07,Warsaw,mustard,kg,12.57,PLN
2025-04-14,Warsaw,mustard,kg,12.66,PLN
2025-04-21,Warsaw,mustard,kg,12.78,PLN
2025-04-28,Warsaw,mustard,kg,12.7,PLN
2025-05-05,Warsaw,mustard,kg,12.67,PLN
2025-05-12,Warsaw,mustard,kg,12.66,PLN
2025-05-19,Warsaw,mustard,kg,12.6,PLN
2025-05-26,Warsaw,mustard,kg,12.65,PLN
2025-06-02,Warsaw,mustard,kg,12.78,PLN
2025-06-09,Warsaw,mustard,kg,12.87,PLN
2025-06-16,Warsaw,mustard,kg,12.86,PLN
2025-06-23,Warsaw,mustard,kg,12.8,PLN
2025-06-30,Warsaw,mustard,kg,12.77,PLN
2025-07-07,Warsaw,mustard,kg,12.86,PLN
2025-07-14,Warsaw,mustard,kg,12.71,PLN
2025-07-21,Warsaw,mustard,kg,12.65,PLN
2025-07-28,Warsaw,mustard,kg,12.8,PLN
2025-08-04,Warsaw,mustard,kg,12.83,PLN
2025-08-11,Warsaw,mustard,kg,12.92,PLN
2025-08-18,Warsaw,mustard,kg,12.8,PLN
2025-08-25,Warsaw,mustard,kg,12.83,PLN
2025-09-01,Warsaw,mustard,kg,12.78,PLN
2025-09-08,Warsaw,mustard,kg,12.76,PLN
2025-09-15,Warsaw,mustard,kg,12.76,PLN
2025-09-22,Warsaw,mustard,kg,12.7,PLN
2025-09-29,Warsaw,mustard,kg,12.64,PLN
2025-10-06,Warsaw,mustard,kg,12.59,PLN
2025-10-13,Warsaw,mustard,kg,12.71,PLN
2025-10-20,Warsaw,mustard,kg,12.8,PLN
2025-10-27,Warsaw,mustard,kg,13.0,PLN
2025-11-03,Warsaw,mustard,kg,12.9,PLN
2025-11-10,Warsaw,mustard,kg,12.91,PLN
2025-11-17,Warsaw,mustard,kg,13.0,PLN
2025-11-24,Warsaw,mustard,kg,12.92,PLN
2025-12-01,Warsaw,mustard,kg,12.92,PLN
2025-12-08,Warsaw,mustard,kg,12.86,PLN
2025-12-15,Warsaw,mustard,kg,12.88,PLN
2025-12-22,Warsaw,mustard,kg,12.86,PLN
2025-12-29,Warsaw,mustard,kg,12.89,PLN
2024-01-01,Warsaw,chili_sauce,kg,15.92,PLN
2024-01-08,Warsaw,chili_sauce,kg,15.78,PLN
2024-01-15,Warsaw,chili_sauce,kg,15.8,PLN
2024-01-22,Warsaw,chili_sauce,kg,15.87,PLN
2024-01-29,Warsaw,chili_sauce,kg,15.79,PLN
2024-02-05,Warsaw,chili_sauce,kg,15.81,PLN
2024-02-12,Warsaw,chili_sauce,kg,15.82,PLN
2024-02-19,Warsaw,chili_sauce,kg,15.92,PLN
2024-02-26,Warsaw,chili_sauce,kg,15.87,PLN
2024-03-04,Warsaw,chili_sauce,kg,15.83,PLN
2024-03-11,Warsaw,chili_sauce,kg,15.87,PLN
2024-03-18,Warsaw,chili_sauce,kg,15.62,PLN
2024-03-25,Warsaw,chili_sauce,kg,15.73,PLN
2024-04-01,Warsaw,chili_sauce,kg,15.84,PLN
2024-04-08,Warsaw,chili_sauce,kg,15.83,PLN
2024-04-15,Warsaw,chili_sauce,kg,15.84,PLN
2024-04-22,Warsaw,chili_sauce,kg,15.81,PLN
2024-04-29,Warsaw,chili_sauce,kg,15.78,PLN
2024-05-06,Warsaw,chili_sauce,kg,15.66,PLN
2024-05-13,Warsaw,chili_sauce,kg,15.62,PLN
2024-05-20,Warsaw,chili_sauce,kg,15.64,PLN
2024-05-27,Warsaw,chili_sauce,kg,15.56,PLN
2024-06-03,Warsaw,chili_sauce,kg,15.48,PLN
2024-06-10,Warsaw,chili_sauce,kg,15.59,PLN
2024-06-17,Warsaw,chili_sauce,kg,15.56,PLN
2024-06-24,Warsaw,chili_sauce,kg,15.48,PLN
2024-07-01,Warsaw,chili_sauce,kg,15.5,PLN
2024-07-08,Warsaw,chili_sauce,kg,15.51,PLN
2024-07-15,Warsaw,chili_sauce,kg,15.53,PLN
2024-07-22,Warsaw,chili_sauce,kg,15.59,PLN
2024-07-29,Warsaw,chili_sauce,kg,15.62,PLN
2024-08-05,Warsaw,chili_sauce,kg,15.54,PLN
2024-08-12,Warsaw,chili_sauce,kg,15.69,PLN
2024-08-19,Warsaw,chili_sauce,kg,15.6,PLN
2024-08-26,Warsaw,chili_sauce,kg,15.56,PLN
2024-09-02,Warsaw,chili_sauce,kg,15.61,PLN
2024-09-09,Warsaw,chili_sauce,kg,15.57,PLN
2024-09-16,Warsaw,chili_sauce,kg,15.59,PLN
2024-09-23,Warsaw,chili_sauce,kg,15.42,PLN
2024-09-30,Warsaw,chili_sauce,kg,15.6,PLN
2024-10-07,Warsaw,chili_sauce,kg,15.61,PLN
2024-10-14,Warsaw,chili_sauce,kg,15.8,PLN
2024-10-21,Warsaw,chili_sauce,kg,15.85,PLN
2024-10-28,Warsaw,chili_sauce,kg,15.96,PLN
2024-11-04,Warsaw,chili_sauce,kg,15.94,PLN
2024-11-11,Warsaw,chili_sauce,kg,16.07,PLN
2024-11-18,Warsaw,chili_sauce,kg,16.15,PLN
2024-11-25,Warsaw,chili_sauce,kg,16.06,PLN
2024-12-02,Warsaw,chili_sauce,kg,16.21,PLN
2024-12-09,Warsaw,chili_sauce,kg,16.36,PLN
2024-12-16,Warsaw,chili_sauce,kg,16.24,PLN
2024-12-23,Warsaw,chili_sauce,kg,16.44,PLN
2024-12-30,Warsaw,chili_sauce,kg,16.26,PLN
2025-01-06,Warsaw,chili_sauce,kg,16.3,PLN
2025-01-13,Warsaw,chili_sauce,kg,16.15,PLN
2025-01-20,Warsaw,chili_sauce,kg,16.08,PLN
2025-01-27,Warsaw,chili_sauce,kg,16.11,PLN
2025-02-03,Warsaw,chili_sauce,kg,16.13,PLN
2025-02-10,Warsaw,chili_sauce,kg,15.95,PLN
2025-02-17,Warsaw,chili_sauce,kg,16.1,PLN
2025-02-24,Warsaw,chili_sauce,kg,16.19,PLN
2025-03-03,Warsaw,chili_sauce,kg,16.3,PLN
2025-03-10,Warsaw,chili_sauce,kg,16.32,PLN
2025-03-17,Warsaw,chili_sauce,kg,16.12,PLN
2025-03-24,Warsaw,chili_sauce,kg,16.42,PLN
2025-03-31,Warsaw,chili_sauce,kg,16.55,PLN
2025-04-07,Warsaw,chili_sauce,kg,16.36,PLN
2025-04-14,Warsaw,chili_sauce,kg,16.32,PLN
2025-04-21,Warsaw,chili_sauce,kg,16.31,PLN
2025-04-28,Warsaw,chili_sauce,kg,16.36,PLN
2025-05-05,Warsaw,chili_sauce,kg,16.24,PLN
2025-05-12,Warsaw,chili_sauce,kg,16.37,PLN
2025-05-19,Warsaw,chili_sauce,kg,16.36,PLN
2025-05-26,Warsaw,chili_sauce,kg,16.29,PLN
2025-06-02,Warsaw,chili_sauce,kg,16.38,PLN
2025-06-09,Warsaw,chili_sauce,kg,16.44,PLN
2025-06-16,Warsaw,chili_sauce,kg,16.43,PLN
2025-06-23,Warsaw,chili_sauce,kg,16.52,PLN
2025-06-30,Warsaw,chili_sauce,kg,16.67,PLN
2025-07-07,Warsaw,chili_sauce,kg,16.65,PLN
2025-07-14,Warsaw,chili_sauce,kg,16.61,PLN
2025-07-21,Warsaw,chili_sauce,kg,16.58,PLN
2025-07-28,Warsaw,chili_sauce,kg,16.72,PLN
2025-08-04,Warsaw,chili_sauce,kg,16.8,PLN
2025-08-11,Warsaw,chili_sauce,kg,16.81,PLN
2025-08-18,Warsaw,chili_sauce,kg,16.69,PLN
2025-08-25,Warsaw,chili_sauce,kg,16.53,PLN
2025-09-01,Warsaw,chili_sauce,kg,16.57,PLN
2025-09-08,Warsaw,chili_sauce,kg,16.46,PLN
2025-09-15,Warsaw,chili_sauce,kg,16.33,PLN
2025-09-22,Warsaw,chili_sauce,kg,16.47,PLN
2025-09-29,Warsaw,chili_sauce,kg,16.61,PLN
2025-10-06,Warsaw,chili_sauce,kg,16.84,PLN
2025-10-13,Warsaw,chili_sauce,kg,16.83,PLN
2025-10-20,Warsaw,chili_sauce,kg,16.93,PLN
2025-10-27,Warsaw,chili_sauce,kg,16.86,PLN
2025-11-03,Warsaw,chili_sauce,kg,16.83,PLN
2025-11-10,Warsaw,chili_sauce,kg,16.98,PLN
2025-11-17,Warsaw,chili_sauce,kg,17.11,PLN
2025-11-24,Warsaw,chili_sauce,kg,17.08,PLN
2025-12-01,Warsaw,chili_sauce,kg,17.1,PLN
2025-12-08,Warsaw,chili_sauce,kg,17.18,PLN
2025-12-15,Warsaw,chili_sauce,kg,17.06,PLN
2025-12-22,Warsaw,chili_sauce,kg,17.07,PLN
2025-12-29,Warsaw,chili_sauce,kg,17.03,PLN
2024-01-01,Warsaw,cheese,kg,37.93,PLN
2024-01-08,Warsaw,cheese,kg,38.0,PLN
2024-01-15,Warsaw,cheese,kg,37.84,PLN
2024-01-22,Warsaw,cheese,kg,37.91,PLN
2024-01-29,Warsaw,cheese,kg,38.06,PLN
2024-02-05,Warsaw,cheese,kg,38.54,PLN
2024-02-12,Warsaw,cheese,kg,38.34,PLN
2024-02-19,Warsaw,cheese,kg,38.34,PLN
2024-02-26,Warsaw,cheese,kg,38.7,PLN
2024-03-04,Warsaw,cheese,kg,38.87,PLN
2024-03-11,Warsaw,cheese,kg,39.05,PLN
2024-03-18,Warsaw,cheese,kg,38.9,PLN
2024-03-25,Warsaw,cheese,kg,39.29,PLN
2024-04-01,Warsaw,cheese,kg,39.32,PLN
2024-04-08,Warsaw,cheese,kg,39.66,PLN
2024-04-15,Warsaw,cheese,kg,40.1,PLN
2024-04-22,Warsaw,cheese,kg,40.19,PLN
2024-04-29,Warsaw,cheese,kg,40.81,PLN
2024-05-06,Warsaw,cheese,kg,40.91,PLN
2024-05-13,Warsaw,cheese,kg,40.81,PLN
2024-05-20,Warsaw,cheese,kg,40.72,PLN
2024-05-27,Warsaw,cheese,kg,40.63,PLN
2024-06-03,Warsaw,cheese,kg,40.81,PLN
2024-06-10,Warsaw,cheese,kg,40.81,PLN
2024-06-17,Warsaw,cheese,kg,41.03,PLN
2024-06-24,Warsaw,cheese,kg,40.98,PLN
2024-07-01,Warsaw,cheese,kg,40.59,PLN
2024-07-08,Warsaw,cheese,kg,40.62,PLN
2024-07-15,Warsaw,cheese,kg,40.35,PLN
2024-07-22,Warsaw,cheese,kg,40.47,PLN
2024-07-29,Warsaw,cheese,kg,40.51,PLN
2024-08-05,Warsaw,cheese,kg,40.89,PLN
2024-08-12,Warsaw,cheese,kg,41.1,PLN
2024-08-19,Warsaw,cheese,kg,41.38,PLN
2024-08-26,Warsaw,cheese,kg,41.06,PLN
2024-09-02,Warsaw,cheese,kg,40.73,PLN
2024-09-09,Warsaw,cheese,kg,40.76,PLN
2024-09-16,Warsaw,cheese,kg,40.54,PLN
2024-09-23,Warsaw,cheese,kg,39.89,PLN
2024-09-30,Warsaw,cheese,kg,39.92,PLN
2024-10-07,Warsaw,cheese,kg,39.57,PLN
2024-10-14,Warsaw,cheese,kg,39.53,PLN
2024-10-21,Warsaw,cheese,kg,39.27,PLN
2024-10-28,Warsaw,cheese,kg,39.24,PLN
2024-11-04,Warsaw,cheese,kg,39.36,PLN
2024-11-11,Warsaw,cheese,kg,39.35,PLN
2024-11-18,Warsaw,cheese,kg,39.3,PLN
2024-11-25,Warsaw,cheese,kg,39.21,PLN
2024-12-02,Warsaw,cheese,kg,39.11,PLN
2024-12-09,Warsaw,cheese,kg,38.71,PLN
2024-12-16,Warsaw,cheese,kg,38.84,PLN
2024-12-23,Warsaw,cheese,kg,38.73,PLN
2024-12-30,Warsaw,cheese,kg,38.67,PLN
2025-01-06,Warsaw,cheese,kg,38.75,PLN
2025-01-13,Warsaw,cheese,kg,38.58,PLN
2025-01-20,Warsaw,cheese,kg,38.27,PLN
2025-01-27,Warsaw,cheese,kg,38.51,PLN
2025-02-03,Warsaw,cheese,kg,38.69,PLN
2025-02-10,Warsaw,cheese,kg,38.71,PLN
2025-02-17,Warsaw,cheese,kg,38.95,PLN
2025-02-24,Warsaw,cheese,kg,38.88,PLN
2025-03-03,Warsaw,cheese,kg,39.23,PLN
2025-03-10,Warsaw,cheese,kg,39.34,PLN
2025-03-17,Warsaw,cheese,kg,39.49,PLN
2025-03-24,Warsaw,cheese,kg,39.72,PLN
2025-03-31,Warsaw,cheese,kg,39.57,PLN
2025-04-07,Warsaw,cheese,kg,39.73,PLN
2025-04-14,Warsaw,cheese,kg,39.88,PLN
2025-04-21,Warsaw,cheese,kg,39.92,PLN
2025-04-28,Warsaw,cheese,kg,39.2,PLN
2025-05-05,Warsaw,cheese,kg,39.36,PLN
2025-05-12,Warsaw,cheese,kg,39.49,PLN
2025-05-19,Warsaw,cheese,kg,39.39,PLN
2025-05-26,Warsaw,cheese,kg,39.27,PLN
2025-06-02,Warsaw,cheese,kg,39.26,PLN
2025-06-09,Warsaw,cheese,kg,39.1,PLN
2025-06-16,Warsaw,cheese,kg,39.01,PLN
2025-06-23,Warsaw,cheese,kg,38.89,PLN
2025-06-30,Warsaw,cheese,kg,38.97,PLN
2025-07-07,Warsaw,cheese,kg,38.82,PLN
2025-07-14,Warsaw,cheese,kg,39.02,PLN
2025-07-21,Warsaw,cheese,kg,38.83,PLN
2025-07-28,Warsaw,cheese,kg,38.64,PLN
2025-08-04,Warsaw,cheese,kg,38.62,PLN
2025-08-11,Warsaw,cheese,kg,38.71,PLN
2025-08-18,Warsaw,cheese,kg,38.4,PLN
2025-08-25,Warsaw,cheese,kg,38.64,PLN
2025-09-01,Warsaw,cheese,kg,38.83,PLN
2025-09-08,Warsaw,cheese,kg,39.07,PLN
2025-09-15,Warsaw,cheese,kg,39.11,PLN
2025-09-22,Warsaw,cheese,kg,38.9,PLN
2025-09-29,Warsaw,cheese,kg,38.65,PLN
2025-10-06,Warsaw,cheese,kg,38.75,PLN
2025-10-13,Warsaw,cheese,kg,39.27,PLN
2025-10-20,Warsaw,cheese,kg,39.07,PLN
2025-10-27,Warsaw,cheese,kg,39.15,PLN
2025-11-03,Warsaw,cheese,kg,39.28,PLN
2025-11-10,Warsaw,cheese,kg,39.08,PLN
2025-11-17,Warsaw,cheese,kg,39.06,PLN
2025-11-24,Warsaw,cheese,kg,39.2,PLN
2025-12-01,Warsaw,cheese,kg,39.02,PLN
2025-12-08,Warsaw,cheese,kg,39.49,PLN
2025-12-15,Warsaw,cheese,kg,39.49,PLN
2025-12-22,Warsaw,cheese,kg,39.45,PLN
2025-12-29,Warsaw,cheese,kg,39.49,PLN
2024-01-01,Warsaw,mushrooms,kg,17.99,PLN
2024-01-08,Warsaw,mushrooms,kg,18.08,PLN
2024-01-15,Warsaw,mushrooms,kg,18.15,PLN
2024-01-22,Warsaw,mushrooms,kg,18.24,PLN
2024-01-29,Warsaw,mushrooms,kg,18.18,PLN
2024-02-05,Warsaw,mushrooms,kg,18.2,PLN
2024-02-12,Warsaw,mushrooms,kg,18.27,PLN
2024-02-19,Warsaw,mushrooms,kg,18.27,PLN
2024-02-26,Warsaw,mushrooms,kg,18.18,PLN
2024-03-04,Warsaw,mushrooms,kg,18.05,PLN
2024-03-11,Warsaw,mushrooms,kg,17.99,PLN
2024-03-18,Warsaw,mushrooms,kg,17.94,PLN
2024-03-25,Warsaw,mushrooms,kg,17.88,PLN
2024-04-01,Warsaw,mushrooms,kg,17.89,PLN
2024-04-08,Warsaw,mushrooms,kg,17.99,PLN
2024-04-15,Warsaw,mushrooms,kg,18.02,PLN
2024-04-22,Warsaw,mushrooms,kg,18.02,PLN
2024-04-29,Warsaw,mushrooms,kg,18.18,PLN
2024-05-06,Warsaw,mushrooms,kg,18.16,PLN
2024-05-13,Warsaw,mushrooms,kg,18.12,PLN
2024-05-20,Warsaw,mushrooms,kg,18.14,PLN
2024-05-27,Warsaw,mushrooms,kg,18.1,PLN
2024-06-03,Warsaw,mushrooms,kg,18.26,PLN
2024-06-10,Warsaw,mushrooms,kg,18.42,PLN
2024-06-17,Warsaw,mushrooms,kg,18.57,PLN
2024-06-24,Warsaw,mushrooms,kg,18.81,PLN
2024-07-01,Warsaw,mushrooms,kg,18.82,PLN
2024-07-08,Warsaw,mushrooms,kg,18.99,PLN
2024-07-15,Warsaw,mushrooms,kg,19.05,PLN
2024-07-22,Warsaw,mushrooms,kg,19.21,PLN
2024-07-29,Warsaw,mushrooms,kg,19.24,PLN
2024-08-05,Warsaw,mushrooms,kg,19.29,PLN
2024-08-12,Warsaw,mushrooms,kg,19.4,PLN
2024-08-19,Warsaw,mushrooms,kg,19.21,PLN
2024-08-26,Warsaw,mushrooms,kg,19.21,PLN
2024-09-02,Warsaw,mushrooms,kg,19.19,PLN
2024-09-09,Warsaw,mushrooms,kg,19.28,PLN
2024-09-16,Warsaw,mushrooms,kg,19.19,PLN
2024-09-23,Warsaw,mushrooms,kg,19.3,PLN
2024-09-30,Warsaw,mushrooms,kg,19.1,PLN
2024-10-07,Warsaw,mushrooms,kg,19.0,PLN
2024-10-14,Warsaw,mushrooms,kg,19.12,PLN
2024-10-21,Warsaw,mushrooms,kg,19.03,PLN
2024-10-28,Warsaw,mushrooms,kg,19.12,PLN
2024-11-04,Warsaw,mushrooms,kg,19.25,PLN
2024-11-11,Warsaw,mushrooms,kg,19.3,PLN
2024-11-18,Warsaw,mushrooms,kg,19.39,PLN
2024-11-25,Warsaw,mushrooms,kg,19.16,PLN
2024-12-02,Warsaw,mushrooms,kg,19.23,PLN
2024-12-09,Warsaw,mushrooms,kg,19.27,PLN
2024-12-16,Warsaw,mushrooms,kg,19.3,PLN
2024-12-23,Warsaw,mushrooms,kg,19.32,PLN
2024-12-30,Warsaw,mushrooms,kg,19.58,PLN
2025-01-06,Warsaw,mushrooms,kg,19.5,PLN
2025-01-13,Warsaw,mushrooms,kg,19.66,PLN
2025-01-20,Warsaw,mushrooms,kg,19.65,PLN
2025-01-27,Warsaw,mushrooms,kg,19.78,PLN
2025-02-03,Warsaw,mushrooms,kg,19.89,PLN
2025-02-10,Warsaw,mushrooms,kg,19.98,PLN
2025-02-17,Warsaw,mushrooms,kg,20.05,PLN
2025-02-24,Warsaw,mushrooms,kg,20.24,PLN
2025-03-03,Warsaw,mushrooms,kg,20.3,PLN
2025-03-10,Warsaw,mushrooms,kg,20.38,PLN
2025-03-17,Warsaw,mushrooms,kg,20.21,PLN
2025-03-24,Warsaw,mushrooms,kg,20.07,PLN
2025-03-31,Warsaw,mushrooms,kg,20.0,PLN
2025-04-07,Warsaw,mushrooms,kg,19.91,PLN
2025-04-14,Warsaw,mushrooms,kg,19.89,PLN
2025-04-21,Warsaw,mushrooms,kg,20.02,PLN
2025-04-28,Warsaw,mushrooms,kg,20.0,PLN
2025-05-05,Warsaw,mushrooms,kg,20.01,PLN
2025-05-12,Warsaw,mushrooms,kg,19.95,PLN
2025-05-19,Warsaw,mushrooms,kg,19.85,PLN
2025-05-26,Warsaw,mushrooms,kg,19.91,PLN
2025-06-02,Warsaw,mushrooms,kg,20.14,PLN
2025-06-09,Warsaw,mushrooms,kg,20.4,PLN
2025-06-16,Warsaw,mushrooms,kg,20.28,PLN
2025-06-23,Warsaw,mushrooms,kg,20.13,PLN
2025-06-30,Warsaw,mushrooms,kg,20.25,PLN
2025-07-07,Warsaw,mushrooms,kg,20.43,PLN
2025-07-14,Warsaw,mushrooms,kg,20.48,PLN
2025-07-21,Warsaw,mushrooms,kg,20.45,PLN
2025-07-28,Warsaw,mushrooms,kg,20.46,PLN
2025-08-04,Warsaw,mushrooms,kg,20.49,PLN
2025-08-11,Warsaw,mushrooms,kg,20.44,PLN
2025-08-18,Warsaw,mushrooms,kg,20.41,PLN
2025-08-25,Warsaw,mushrooms,kg,20.64,PLN
2025-09-01,Warsaw,mushrooms,kg,20.71,PLN
2025-09-08,Warsaw,mushrooms,kg,20.71,PLN
2025-09-15,Warsaw,mushrooms,kg,20.92,PLN
2025-09-22,Warsaw,mushrooms,kg,21.01,PLN
2025-09-29,Warsaw,mushrooms,kg,20.98,PLN
2025-10-06,Warsaw,mushrooms,kg,20.91,PLN
2025-10-13,Warsaw,mushrooms,kg,21.18,PLN
2025-10-20,Warsaw,mushrooms,kg,21.16,PLN
2025-10-27,Warsaw,mushrooms,kg,21.29,PLN
2025-11-03,Warsaw,mushrooms,kg,21.33,PLN
2025-11-10,Warsaw,mushrooms,kg,21.42,PLN
2025-11-17,Warsaw,mushrooms,kg,21.48,PLN
2025-11-24,Warsaw,mushrooms,kg,21.72,PLN
2025-12-01,Warsaw,mushrooms,kg,21.39,PLN
2025-12-08,Warsaw,mushrooms,kg,21.28,PLN
2025-12-15,Warsaw,mushrooms,kg,21.35,PLN
2025-12-22,Warsaw,mushrooms,kg,21.25,PLN
2025-12-29,Warsaw,mushrooms,kg,21.13,PLN
2024-01-01,Warsaw,potatoes,kg,3.01,PLN
2024-01-08,Warsaw,potatoes,kg,3.01,PLN
2024-01-15,Warsaw,potatoes,kg,3.02,PLN
2024-01-22,Warsaw,potatoes,kg,3.02,PLN
2024-01-29,Warsaw,potatoes,kg,3.02,PLN
2024-02-05,Warsaw,potatoes,kg,3.04,PLN
2024-02-12,Warsaw,potatoes,kg,3.04,PLN
2024-02-19,Warsaw,potatoes,kg,3.04,PLN
2024-02-26,Warsaw,potatoes,kg,3.06,PLN
2024-03-04,Warsaw,potatoes,kg,3.04,PLN
2024-03-11,Warsaw,potatoes,kg,3.04,PLN
2024-03-18,Warsaw,potatoes,kg,3.04,PLN
2024-03-25,Warsaw,potatoes,kg,3.02,PLN
2024-04-01,Warsaw,potatoes,kg,3.02,PLN
2024-04-08,Warsaw,potatoes,kg,3.01,PLN
2024-04-15,Warsaw,potatoes,kg,3.03,PLN
2024-04-22,Warsaw,potatoes,kg,3.04,PLN
2024-04-29,Warsaw,potatoes,kg,3.05,PLN
2024-05-06,Warsaw,potatoes,kg,3.05,PLN
2024-05-13,Warsaw,potatoes,kg,3.07,PLN
2024-05-20,Warsaw,potatoes,kg,3.08,PLN
2024-05-27,Warsaw,potatoes,kg,3.08,PLN
2024-06-03,Warsaw,potatoes,kg,3.11,PLN
2024-06-10,Warsaw,potatoes,kg,3.12,PLN
2024-06-17,Warsaw,potatoes,kg,3.14,PLN
2024-06-24,Warsaw,potatoes,kg,3.14,PLN
2024-07-01,Warsaw,potatoes,kg,3.12,PLN
2024-07-08,Warsaw,potatoes,kg,3.12,PLN
2024-07-15,Warsaw,potatoes,kg,3.13,PLN
2024-07-22,Warsaw,potatoes,kg,3.17,PLN
2024-07-29,Warsaw,potatoes,kg,3.15,PLN
2024-08-05,Warsaw,potatoes,kg,3.16,PLN
2024-08-12,Warsaw,potatoes,kg,3.16,PLN
2024-08-19,Warsaw,potatoes,kg,3.17,PLN
2024-08-26,Warsaw,potatoes,kg,3.17,PLN
2024-09-02,Warsaw,potatoes,kg,3.17,PLN
2024-09-09,Warsaw,potatoes,kg,3.18,PLN
2024-09-16,Warsaw,potatoes,kg,3.19,PLN
2024-09-23,Warsaw,potatoes,kg,3.23,PLN
2024-09-30,Warsaw,potatoes,kg,3.23,PLN
2024-10-07,Warsaw,potatoes,kg,3.23,PLN
2024-10-14,Warsaw,potatoes,kg,3.23,PLN
2024-10-21,Warsaw,potatoes,kg,3.22,PLN
2024-10-28,Warsaw,potatoes,kg,3.24,PLN
2024-11-04,Warsaw,potatoes,kg,3.25,PLN
2024-11-11,Warsaw,potatoes,kg,3.25,PLN
2024-11-18,Warsaw,potatoes,kg,3.24,PLN
2024-11-25,Warsaw,potatoes,kg,3.24,PLN
2024-12-02,Warsaw,potatoes,kg,3.23,PLN
2024-12-09,Warsaw,potatoes,kg,3.22,PLN
2024-12-16,Warsaw,potatoes,kg,3.21,PLN
2024-12-23,Warsaw,potatoes,kg,3.18,PLN
2024-12-30,Warsaw,potatoes,kg,3.17,PLN
2025-01-06,Warsaw,potatoes,kg,3.19,PLN
2025-01-13,Warsaw,potatoes,kg,3.21,PLN
2025-01-20,Warsaw,potatoes,kg,3.21,PLN
2025-01-27,Warsaw,potatoes,kg,3.21,PLN
2025-02-03,Warsaw,potatoes,kg,3.16,PLN
2025-02-10,Warsaw,potatoes,kg,3.18,PLN
2025-02-17,Warsaw,potatoes,kg,3.17,PLN
2025-02-24,Warsaw,potatoes,kg,3.15,PLN
2025-03-03,Warsaw,potatoes,kg,3.13,PLN
2025-03-10,Warsaw,potatoes,kg,3.18,PLN
2025-03-17,Warsaw,potatoes,kg,3.21,PLN
2025-03-24,Warsaw,potatoes,kg,3.24,PLN
2025-03-31,Warsaw,potatoes,kg,3.22,PLN
2025-04-07,Warsaw,potatoes,kg,3.22,PLN
2025-04-14,Warsaw,potatoes,kg,3.19,PLN
2025-04-21,Warsaw,potatoes,kg,3.19,PLN
2025-04-28,Warsaw,potatoes,kg,3.19,PLN
2025-05-05,Warsaw,potatoes,kg,3.18,PLN
2025-05-12,Warsaw,potatoes,kg,3.17,PLN
2025-05-19,Warsaw,potatoes,kg,3.2,PLN
2025-05-26,Warsaw,potatoes,kg,3.18,PLN
2025-06-02,Warsaw,potatoes,kg,3.18,PLN
2025-06-09,Warsaw,potatoes,kg,3.19,PLN
2025-06-16,Warsaw,potatoes,kg,3.2,PLN
2025-06-23,Warsaw,potatoes,kg,3.21,PLN
2025-06-30,Warsaw,potatoes,kg,3.21,PLN
2025-07-07,Warsaw,potatoes,kg,3.23,PLN
2025-07-14,Warsaw,potatoes,kg,3.22,PLN
2025-07-21,Warsaw,potatoes,kg,3.23,PLN
2025-07-28,Warsaw,potatoes,kg,3.25,PLN
2025-08-04,Warsaw,potatoes,kg,3.26,PLN
2025-08-11,Warsaw,potatoes,kg,3.28,PLN
2025-08-18,Warsaw,potatoes,kg,3.3,PLN
2025-08-25,Warsaw,potatoes,kg,3.32,PLN
2025-09-01,Warsaw,potatoes,kg,3.29,PLN
2025-09-08,Warsaw,potatoes,kg,3.28,PLN
2025-09-15,Warsaw,potatoes,kg,3.27,PLN
2025-09-22,Warsaw,potatoes,kg,3.3,PLN
2025-09-29,Warsaw,potatoes,kg,3.31,PLN
2025-10-06,Warsaw,potatoes,kg,3.33,PLN
2025-10-13,Warsaw,potatoes,kg,3.34,PLN
2025-10-20,Warsaw,potatoes,kg,3.34,PLN
2025-10-27,Warsaw,potatoes,kg,3.34,PLN
2025-11-03,Warsaw,potatoes,kg,3.35,PLN
2025-11-10,Warsaw,potatoes,kg,3.35,PLN
2025-11-17,Warsaw,potatoes,kg,3.37,PLN
2025-11-24,Warsaw,potatoes,kg,3.35,PLN
2025-12-01,Warsaw,potatoes,kg,3.36,PLN
2025-12-08,Warsaw,potatoes,kg,3.39,PLN
2025-12-15,Warsaw,potatoes,kg,3.41,PLN
2025-12-22,Warsaw,potatoes,kg,3.43,PLN
2025-12-29,Warsaw,potatoes,kg,3.43,PLN
2024-01-01,Warsaw,soda,can,2.19,PLN
2024-01-08,Warsaw,soda,can,2.21,PLN
2024-01-15,Warsaw,soda,can,2.2,PLN
2024-01-22,Warsaw,soda,can,2.2,PLN
2024-01-29,Warsaw,soda,can,2.19,PLN
2024-02-05,Warsaw,soda,can,2.21,PLN
2024-02-12,Warsaw,soda,can,2.23,PLN
2024-02-19,Warsaw,soda,can,2.22,PLN
2024-02-26,Warsaw,soda,can,2.23,PLN
2024-03-04,Warsaw,soda,can,2.23,PLN
2024-03-11,Warsaw,soda,can,2.23,PLN
2024-03-18,Warsaw,soda,can,2.22,PLN
2024-03-25,Warsaw,soda,can,2.22,PLN
2024-04-01,Warsaw,soda,can,2.21,PLN
2024-04-08,Warsaw,soda,can,2.22,PLN
2024-04-15,Warsaw,soda,can,2.22,PLN
2024-04-22,Warsaw,soda,can,2.23,PLN
2024-04-29,Warsaw,soda,can,2.24,PLN
2024-05-06,Warsaw,soda,can,2.26,PLN
2024-05-13,Warsaw,soda,can,2.26,PLN
2024-05-20,Warsaw,soda,can,2.25,PLN
2024-05-27,Warsaw,soda,can,2.27,PLN
2024-06-03,Warsaw,soda,can,2.27,PLN
2024-06-10,Warsaw,soda,can,2.28,PLN
2024-06-17,Warsaw,soda,can,2.27,PLN
2024-06-24,Warsaw,soda,can,2.27,PLN
2024-07-01,Warsaw,soda,can,2.27,PLN
2024-07-08,Warsaw,soda,can,2.27,PLN
2024-07-15,Warsaw,soda,can,2.27,PLN
2024-07-22,Warsaw,soda,can,2.29,PLN
2024-07-29,Warsaw,soda,can,2.28,PLN
2024-08-05,Warsaw,soda,can,2.27,PLN
2024-08-12,Warsaw,soda,can,2.27,PLN
2024-08-19,Warsaw,soda,can,2.27,PLN
2024-08-26,Warsaw,soda,can,2.28,PLN
2024-09-02,Warsaw,soda,can,2.29,PLN
2024-09-09,Warsaw,soda,can,2.29,PLN
2024-09-16,Warsaw,soda,can,2.29,PLN
2024-09-23,Warsaw,soda,can,2.29,PLN
2024-09-30,Warsaw,soda,can,2.3,PLN
2024-10-07,Warsaw,soda,can,2.31,PLN
2024-10-14,Warsaw,soda,can,2.3,PLN
2024-10-21,Warsaw,soda,can,2.27,PLN
2024-10-28,Warsaw,soda,can,2.28,PLN
2024-11-04,Warsaw,soda,can,2.27,PLN
2024-11-11,Warsaw,soda,can,2.28,PLN
2024-11-18,Warsaw,soda,can,2.28,PLN
2024-11-25,Warsaw,soda,can,2.27,PLN
2024-12-02,Warsaw,soda,can,2.28,PLN
2024-12-09,Warsaw,soda,can,2.31,PLN
2024-12-16,Warsaw,soda,can,2.31,PLN
2024-12-23,Warsaw,soda,can,2.34,PLN
2024-12-30,Warsaw,soda,can,2.36,PLN
2025-01-06,Warsaw,soda,can,2.35,PLN
2025-01-13,Warsaw,soda,can,2.32,PLN
2025-01-20,Warsaw,soda,can,2.31,PLN
2025-01-27,Warsaw,soda,can,2.3,PLN
2025-02-03,Warsaw,soda,can,2.3,PLN
2025-02-10,Warsaw,soda,can,2.29,PLN
2025-02-17,Warsaw,soda,can,2.28,PLN
2025-02-24,Warsaw,soda,can,2.28,PLN
2025-03-03,Warsaw,soda,can,2.26,PLN
2025-03-10,Warsaw,soda,can,2.25,PLN
2025-03-17,Warsaw,soda,can,2.26,PLN
2025-03-24,Warsaw,soda,can,2.26,PLN
2025-03-31,Warsaw,soda,can,2.27,PLN
2025-04-07,Warsaw,soda,can,2.29,PLN
2025-04-14,Warsaw,soda,can,2.27,PLN
2025-04-21,Warsaw,soda,can,2.27,PLN
2025-04-28,Warsaw,soda,can,2.29,PLN
2025-05-05,Warsaw,soda,can,2.28,PLN
2025-05-12,Warsaw,soda,can,2.28,PLN
2025-05-19,Warsaw,soda,can,2.29,PLN
2025-05-26,Warsaw,soda,can,2.28,PLN
2025-06-02,Warsaw,soda,can,2.28,PLN
2025-06-09,Warsaw,soda,can,2.28,PLN
2025-06-16,Warsaw,soda,can,2.3,PLN
2025-06-23,Warsaw,soda,can,2.3,PLN
2025-06-30,Warsaw,soda,can,2.29,PLN
2025-07-07,Warsaw,soda,can,2.31,PLN
2025-07-14,Warsaw,soda,can,2.32,PLN
2025-07-21,Warsaw,soda,can,2.33,PLN
2025-07-28,Warsaw,soda,can,2.33,PLN
2025-08-04,Warsaw,soda,can,2.33,PLN
2025-08-11,Warsaw,soda,can,2.32,PLN
2025-08-18,Warsaw,soda,can,2.33,PLN
2025-08-25,Warsaw,soda,can,2.34,PLN
2025-09-01,Warsaw,soda,can,2.33,PLN
2025-09-08,Warsaw,soda,can,2.33,PLN
2025-09-15,Warsaw,soda,can,2.32,PLN
2025-09-22,Warsaw,soda,can,2.31,PLN
2025-09-29,Warsaw,soda,can,2.32,PLN
2025-10-06,Warsaw,soda,can,2.32,PLN
2025-10-13,Warsaw,soda,can,2.32,PLN
2025-10-20,Warsaw,soda,can,2.35,PLN
2025-10-27,Warsaw,soda,can,2.35,PLN
2025-11-03,Warsaw,soda,can,2.34,PLN
2025-11-10,Warsaw,soda,can,2.33,PLN
2025-11-17,Warsaw,soda,can,2.32,PLN
2025-11-24,Warsaw,soda,can,2.34,PLN
2025-12-01,Warsaw,soda,can,2.34,PLN
2025-12-08,Warsaw,soda,can,2.31,PLN
2025-12-15,Warsaw,soda,can,2.32,PLN
2025-12-22,Warsaw,soda,can,2.32,PLN
2025-12-29,Warsaw,soda,can,2.31,PLN
2024-01-01,Warsaw,coffee,kg,70.38,PLN
2024-01-08,Warsaw,coffee,kg,69.97,PLN
2024-01-15,Warsaw,coffee,kg,70.94,PLN
2024-01-22,Warsaw,coffee,kg,71.38,PLN
2024-01-29,Warsaw,coffee,kg,70.71,PLN
2024-02-05,Warsaw,coffee,kg,70.21,PLN
2024-02-12,Warsaw,coffee,kg,69.83,PLN
2024-02-19,Warsaw,coffee,kg,69.77,PLN
2024-02-26,Warsaw,coffee,kg,70.01,PLN
2024-03-04,Warsaw,coffee,kg,68.96,PLN
2024-03-11,Warsaw,coffee,kg,68.48,PLN
2024-03-18,Warsaw,coffee,kg,67.97,PLN
2024-03-25,Warsaw,coffee,kg,68.13,PLN
2024-04-01,Warsaw,coffee,kg,68.55,PLN
2024-04-08,Warsaw,coffee,kg,69.34,PLN
2024-04-15,Warsaw,coffee,kg,68.82,PLN
2024-04-22,Warsaw,coffee,kg,69.01,PLN
2024-04-29,Warsaw,coffee,kg,69.22,PLN
2024-05-06,Warsaw,coffee,kg,69.27,PLN
2024-05-13,Warsaw,coffee,kg,68.92,PLN
2024-05-20,Warsaw,coffee,kg,68.7,PLN
2024-05-27,Warsaw,coffee,kg,68.64,PLN
2024-06-03,Warsaw,coffee,kg,69.39,PLN
2024-06-10,Warsaw,coffee,kg,68.56,PLN
2024-06-17,Warsaw,coffee,kg,67.9,PLN
2024-06-24,Warsaw,coffee,kg,68.0,PLN
2024-07-01,Warsaw,coffee,kg,68.4,PLN
2024-07-08,Warsaw,coffee,kg,68.5,PLN
2024-07-15,Warsaw,coffee,kg,69.05,PLN
2024-07-22,Warsaw,coffee,kg,68.69,PLN
2024-07-29,Warsaw,coffee,kg,68.45,PLN
2024-08-05,Warsaw,coffee,kg,68.44,PLN
2024-08-12,Warsaw,coffee,kg,68.71,PLN
2024-08-19,Warsaw,coffee,kg,68.24,PLN
2024-08-26,Warsaw,coffee,kg,68.2,PLN
2024-09-02,Warsaw,coffee,kg,68.39,PLN
2024-09-09,Warsaw,coffee,kg,68.47,PLN
2024-09-16,Warsaw,coffee,kg,68.65,PLN
2024-09-23,Warsaw,coffee,kg,68.7,PLN
2024-09-30,Warsaw,coffee,kg,68.27,PLN
2024-10-07,Warsaw,coffee,kg,69.04,PLN
2024-10-14,Warsaw,coffee,kg,69.09,PLN
2024-10-21,Warsaw,coffee,kg,69.11,PLN
2024-10-28,Warsaw,coffee,kg,69.62,PLN
2024-11-04,Warsaw,coffee,kg,70.17,PLN
2024-11-11,Warsaw,coffee,kg,69.38,PLN
2024-11-18,Warsaw,coffee,kg,68.88,PLN
2024-11-25,Warsaw,coffee,kg,68.71,PLN
2024-12-02,Warsaw,coffee,kg,68.27,PLN
2024-12-09,Warsaw,coffee,kg,68.36,PLN
2024-12-16,Warsaw,coffee,kg,67.99,PLN
2024-12-23,Warsaw,coffee,kg,67.33,PLN
2024-12-30,Warsaw,coffee,kg,67.93,PLN
2025-01-06,Warsaw,coffee,kg,68.31,PLN
2025-01-13,Warsaw,coffee,kg,68.18,PLN
2025-01-20,Warsaw,coffee,kg,67.98,PLN
2025-01-27,Warsaw,coffee,kg,68.22,PLN
2025-02-03,Warsaw,coffee,kg,68.25,PLN
2025-02-10,Warsaw,coffee,kg,68.3,PLN
2025-02-17,Warsaw,coffee,kg,68.15,PLN
2025-02-24,Warsaw,coffee,kg,66.98,PLN
2025-03-03,Warsaw,coffee,kg,66.75,PLN
2025-03-10,Warsaw,coffee,kg,67.08,PLN
2025-03-17,Warsaw,coffee,kg,67.35,PLN
2025-03-24,Warsaw,coffee,kg,67.73,PLN
2025-03-31,Warsaw,coffee,kg,67.24,PLN
2025-04-07,Warsaw,coffee,kg,67.14,PLN
2025-04-14,Warsaw,coffee,kg,67.89,PLN
2025-04-21,Warsaw,coffee,kg,67.52,PLN
2025-04-28,Warsaw,coffee,kg,66.85,PLN
2025-05-05,Warsaw,coffee,kg,66.77,PLN
2025-05-12,Warsaw,coffee,kg,66.91,PLN
2025-05-19,Warsaw,coffee,kg,66.98,PLN
2025-05-26,Warsaw,coffee,kg,67.44,PLN
2025-06-02,Warsaw,coffee,kg,68.31,PLN
2025-06-09,Warsaw,coffee,kg,68.46,PLN
2025-06-16,Warsaw,coffee,kg,67.8,PLN
2025-06-23,Warsaw,coffee,kg,67.96,PLN
2025-06-30,Warsaw,coffee,kg,67.85,PLN
2025-07-07,Warsaw,coffee,kg,68.28,PLN
2025-07-14,Warsaw,coffee,kg,67.83,PLN
2025-07-21,Warsaw,coffee,kg,67.38,PLN
2025-07-28,Warsaw,coffee,kg,67.12,PLN
2025-08-04,Warsaw,coffee,kg,67.07,PLN
2025-08-11,Warsaw,coffee,kg,67.31,PLN
2025-08-18,Warsaw,coffee,kg,67.08,PLN
2025-08-25,Warsaw,coffee,kg,67.44,PLN
2025-09-01,Warsaw,coffee,kg,67.62,PLN
2025-09-08,Warsaw,coffee,kg,67.82,PLN
2025-09-15,Warsaw,coffee,kg,68.01,PLN
2025-09-22,Warsaw,coffee,kg,68.8,PLN
2025-09-29,Warsaw,coffee,kg,68.67,PLN
2025-10-06,Warsaw,coffee,kg,69.11,PLN
2025-10-13,Warsaw,coffee,kg,69.89,PLN
2025-10-20,Warsaw,coffee,kg,70.76,PLN
2025-10-27,Warsaw,coffee,kg,70.23,PLN
2025-11-03,Warsaw,coffee,kg,70.72,PLN
2025-11-10,Warsaw,coffee,kg,69.89,PLN
2025-11-17,Warsaw,coffee,kg,69.53,PLN
2025-11-24,Warsaw,coffee,kg,69.47,PLN
2025-12-01,Warsaw,coffee,kg,69.66,PLN
2025-12-08,Warsaw,coffee,kg,69.5,PLN
2025-12-15,Warsaw,coffee,kg,70.03,PLN
2025-12-22,Warsaw,coffee,kg,71.03,PLN
2025-12-29,Warsaw,coffee,kg,71.31,PLN
2024-01-01,Warsaw,paper_cup,piece,0.3,PLN
2024-01-08,Warsaw,paper_cup,piece,0.3,PLN
2024-01-15,Warsaw,paper_cup,piece,0.3,PLN
2024-01-22,Warsaw,paper_cup,piece,0.3,PLN
2024-01-29,Warsaw,paper_cup,piece,0.3,PLN
2024-02-05,Warsaw,paper_cup,piece,0.3,PLN
2024-02-12,Warsaw,paper_cup,piece,0.3,PLN
2024-02-19,Warsaw,paper_cup,piece,0.3,PLN
2024-02-26,Warsaw,paper_cup,piece,0.3,PLN
2024-03-04,Warsaw,paper_cup,piece,0.3,PLN
2024-03-11,Warsaw,paper_cup,piece,0.3,PLN
2024-03-18,Warsaw,paper_cup,piece,0.29,PLN
2024-03-25,Warsaw,paper_cup,piece,0.29,PLN
2024-04-01,Warsaw,paper_cup,piece,0.29,PLN
2024-04-08,Warsaw,paper_cup,piece,0.29,PLN
2024-04-15,Warsaw,paper_cup,piece,0.29,PLN
2024-04-22,Warsaw,paper_cup,piece,0.29,PLN
2024-04-29,Warsaw,paper_cup,piece,0.29,PLN
2024-05-06,Warsaw,paper_cup,piece,0.29,PLN
2024-05-13,Warsaw,paper_cup,piece,0.29,PLN
2024-05-20,Warsaw,paper_cup,piece,0.29,PLN
2024-05-27,Warsaw,paper_cup,piece,0.29,PLN
2024-06-03,Warsaw,paper_cup,piece,0.29,PLN
2024-06-10,Warsaw,paper_cup,piece,0.29,PLN
2024-06-17,Warsaw,paper_cup,piece,0.29,PLN
2024-06-24,Warsaw,paper_cup,piece,0.29,PLN
2024-07-01,Warsaw,paper_cup,piece,0.29,PLN
2024-07-08,Warsaw,paper_cup,piece,0.29,PLN
2024-07-15,Warsaw,paper_cup,piece,0.29,PLN
2024-07-22,Warsaw,paper_cup,piece,0.29,PLN
2024-07-29,Warsaw,paper_cup,piece,0.29,PLN
2024-08-05,Warsaw,paper_cup,piece,0.29,PLN
2024-08-12,Warsaw,paper_cup,piece,0.29,PLN
2024-08-19,Warsaw,paper_cup,piece,0.29,PLN
2024-08-26,Warsaw,paper_cup,piece,0.29,PLN
2024-09-02,Warsaw,paper_cup,piece,0.29,PLN
2024-09-09,Warsaw,paper_cup,piece,0.3,PLN
2024-09-16,Warsaw,paper_cup,piece,0.3,PLN
2024-09-23,Warsaw,paper_cup,piece,0.3,PLN
2024-09-30,Warsaw,paper_cup,piece,0.31,PLN
2024-10-07,Warsaw,paper_cup,piece,0.31,PLN
2024-10-14,Warsaw,paper_cup,piece,0.31,PLN
2024-10-21,Warsaw,paper_cup,piece,0.31,PLN
2024-10-28,Warsaw,paper_cup,piece,0.31,PLN
2024-11-04,Warsaw,paper_cup,piece,0.31,PLN
2024-11-11,Warsaw,paper_cup,piece,0.31,PLN
2024-11-18,Warsaw,paper_cup,piece,0.31,PLN
2024-11-25,Warsaw,paper_cup,piece,0.31,PLN
2024-12-02,Warsaw,paper_cup,piece,0.31,PLN
2024-12-09,Warsaw,paper_cup,piece,0.31,PLN
2024-12-16,Warsaw,paper_cup,piece,0.31,PLN
2024-12-23,Warsaw,paper_cup,piece,0.32,PLN
2024-12-30,Warsaw,paper_cup,piece,0.32,PLN
2025-01-06,Warsaw,paper_cup,piece,0.32,PLN
2025-01-13,Warsaw,paper_cup,piece,0.32,PLN
2025-01-20,Warsaw,paper_cup,piece,0.32,PLN
2025-01-27,Warsaw,paper_cup,piece,0.32,PLN
2025-02-03,Warsaw,paper_cup,piece,0.32,PLN
2025-02-10,Warsaw,paper_cup,piece,0.32,PLN
2025-02-17,Warsaw,paper_cup,piece,0.32,PLN
2025-02-24,Warsaw,paper_cup,piece,0.33,PLN
2025-03-03,Warsaw,paper_cup,piece,0.33,PLN
2025-03-10,Warsaw,paper_cup,piece,0.33,PLN
2025-03-17,Warsaw,paper_cup,piece,0.33,PLN
2025-03-24,Warsaw,paper_cup,piece,0.33,PLN
2025-03-31,Warsaw,paper_cup,piece,0.32,PLN
2025-04-07,Warsaw,paper_cup,piece,0.32,PLN
2025-04-14,Warsaw,paper_cup,piece,0.32,PLN
2025-04-21,Warsaw,paper_cup,piece,0.32,PLN
2025-04-28,Warsaw,paper_cup,piece,0.32,PLN
2025-05-05,Warsaw,paper_cup,piece,0.33,PLN
2025-05-12,Warsaw,paper_cup,piece,0.33,PLN
2025-05-19,Warsaw,paper_cup,piece,0.33,PLN
2025-05-26,Warsaw,paper_cup,piece,0.33,PLN
2025-06-02,Warsaw,paper_cup,piece,0.33,PLN
2025-06-09,Warsaw,paper_cup,piece,0.33,PLN
2025-06-16,Warsaw,paper_cup,piece,0.33,PLN
2025-06-23,Warsaw,paper_cup,piece,0.33,PLN
2025-06-30,Warsaw,paper_cup,piece,0.33,PLN
2025-07-07,Warsaw,paper_cup,piece,0.33,PLN
2025-07-14,Warsaw,paper_cup,piece,0.33,PLN
2025-07-21,Warsaw,paper_cup,piece,0.33,PLN
2025-07-28,Warsaw,paper_cup,piece,0.33,PLN
2025-08-04,Warsaw,paper_cup,piece,0.33,PLN
2025-08-11,Warsaw,paper_cup,piece,0.33,PLN
2025-08-18,Warsaw,paper_cup,piece,0.34,PLN
2025-08-25,Warsaw,paper_cup,piece,0.33,PLN
2025-09-01,Warsaw,paper_cup,piece,0.33,PLN
2025-09-08,Warsaw,paper_cup,piece,0.33,PLN
2025-09-15,Warsaw,paper_cup,piece,0.33,PLN
2025-09-22,Warsaw,paper_cup,piece,0.33,PLN
2025-09-29,Warsaw,paper_cup,piece,0.33,PLN
2025-10-06,Warsaw,paper_cup,piece,0.33,PLN
2025-10-13,Warsaw,paper_cup,piece,0.33,PLN
2025-10-20,Warsaw,paper_cup,piece,0.33,PLN
2025-10-27,Warsaw,paper_cup,piece,0.33,PLN
2025-11-03,Warsaw,paper_cup,piece,0.33,PLN
2025-11-10,Warsaw,paper_cup,piece,0.34,PLN
2025-11-17,Warsaw,paper_cup,piece,0.34,PLN
2025-11-24,Warsaw,paper_cup,piece,0.34,PLN
2025-12-01,Warsaw,paper_cup,piece,0.34,PLN
2025-12-08,Warsaw,paper_cup,piece,0.34,PLN
2025-12-15,Warsaw,paper_cup,piece,0.34,PLN
2025-12-22,Warsaw,paper_cup,piece,0.34,PLN
2025-12-29,Warsaw,paper_cup,piece,0.34,PLN
2024-01-01,Warsaw,chocolate_milk,bottle,2.61,PLN
2024-01-08,Warsaw,chocolate_milk,bottle,2.63,PLN
2024-01-15,Warsaw,chocolate_milk,bottle,2.61,PLN
2024-01-22,Warsaw,chocolate_milk,bottle,2.59,PLN
2024-01-29,Warsaw,chocolate_milk,bottle,2.62,PLN
2024-02-05,Warsaw,chocolate_milk,bottle,2.63,PLN
2024-02-12,Warsaw,chocolate_milk,bottle,2.62,PLN
2024-02-19,Warsaw,chocolate_milk,bottle,2.64,PLN
2024-02-26,Warsaw,chocolate_milk,bottle,2.66,PLN
2024-03-04,Warsaw,chocolate_milk,bottle,2.67,PLN
2024-03-11,Warsaw,chocolate_milk,bottle,2.72,PLN
2024-03-18,Warsaw,chocolate_milk,bottle,2.73,PLN
2024-03-25,Warsaw,chocolate_milk,bottle,2.73,PLN
2024-04-01,Warsaw,chocolate_milk,bottle,2.75,PLN
2024-04-08,Warsaw,chocolate_milk,bottle,2.75,PLN
2024-04-15,Warsaw,chocolate_milk,bottle,2.76,PLN
2024-04-22,Warsaw,chocolate_milk,bottle,2.75,PLN
2024-04-29,Warsaw,chocolate_milk,bottle,2.73,PLN
2024-05-06,Warsaw,chocolate_milk,bottle,2.73,PLN
2024-05-13,Warsaw,chocolate_milk,bottle,2.76,PLN
2024-05-20,Warsaw,chocolate_milk,bottle,2.77,PLN
2024-05-27,Warsaw,chocolate_milk,bottle,2.76,PLN
2024-06-03,Warsaw,chocolate_milk,bottle,2.75,PLN
2024-06-10,Warsaw,chocolate_milk,bottle,2.76,PLN
2024-06-17,Warsaw,chocolate_milk,bottle,2.78,PLN
2024-06-24,Warsaw,chocolate_milk,bottle,2.77,PLN
2024-07-01,Warsaw,chocolate_milk,bottle,2.76,PLN
2024-07-08,Warsaw,chocolate_milk,bottle,2.75,PLN
2024-07-15,Warsaw,chocolate_milk,bottle,2.78,PLN
2024-07-22,Warsaw,chocolate_milk,bottle,2.78,PLN
2024-07-29,Warsaw,chocolate_milk,bottle,2.8,PLN
2024-08-05,Warsaw,chocolate_milk,bottle,2.81,PLN
2024-08-12,Warsaw,chocolate_milk,bottle,2.78,PLN
2024-08-19,Warsaw,chocolate_milk,bottle,2.77,PLN
2024-08-26,Warsaw,chocolate_milk,bottle,2.73,PLN
2024-09-02,Warsaw,chocolate_milk,bottle,2.74,PLN
2024-09-09,Warsaw,chocolate_milk,bottle,2.76,PLN
2024-09-16,Warsaw,chocolate_milk,bottle,2.76,PLN
2024-09-23,Warsaw,chocolate_milk,bottle,2.77,PLN
2024-09-30,Warsaw,chocolate_milk,bottle,2.78,PLN
2024-10-07,Warsaw,chocolate_milk,bottle,2.79,PLN
2024-10-14,Warsaw,chocolate_milk,bottle,2.78,PLN
2024-10-21,Warsaw,chocolate_milk,bottle,2.79,PLN
2024-10-28,Warsaw,chocolate_milk,bottle,2.77,PLN
2024-11-04,Warsaw,chocolate_milk,bottle,2.77,PLN
2024-11-11,Warsaw,chocolate_milk,bottle,2.78,PLN
2024-11-18,Warsaw,chocolate_milk,bottle,2.8,PLN
2024-11-25,Warsaw,chocolate_milk,bottle,2.78,PLN
2024-12-02,Warsaw,chocolate_milk,bottle,2.79,PLN
2024-12-09,Warsaw,chocolate_milk,bottle,2.79,PLN
2024-12-16,Warsaw,chocolate_milk,bottle,2.8,PLN
2024-12-23,Warsaw,chocolate_milk,bottle,2.79,PLN
2024-12-30,Warsaw,chocolate_milk,bottle,2.77,PLN
2025-01-06,Warsaw,chocolate_milk,bottle,2.78,PLN
2025-01-13,Warsaw,chocolate_milk,bottle,2.79,PLN
2025-01-20,Warsaw,chocolate_milk,bottle,2.8,PLN
2025-01-27,Warsaw,chocolate_milk,bottle,2.8,PLN
2025-02-03,Warsaw,chocolate_milk,bottle,2.8,PLN
2025-02-10,Warsaw,chocolate_milk,bottle,2.79,PLN
2025-02-17,Warsaw,chocolate_milk,bottle,2.77,PLN
2025-02-24,Warsaw,chocolate_milk,bottle,2.76,PLN
2025-03-03,Warsaw,chocolate_milk,bottle,2.79,PLN
2025-03-10,Warsaw,chocolate_milk,bottle,2.81,PLN
2025-03-17,Warsaw,chocolate_milk,bottle,2.8,PLN
2025-03-24,Warsaw,chocolate_milk,bottle,2.82,PLN
2025-03-31,Warsaw,chocolate_milk,bottle,2.82,PLN
2025-04-07,Warsaw,chocolate_milk,bottle,2.81,PLN
2025-04-14,Warsaw,chocolate_milk,bottle,2.78,PLN
2025-04-21,Warsaw,chocolate_milk,bottle,2.79,PLN
2025-04-28,Warsaw,chocolate_milk,bottle,2.8,PLN
2025-05-05,Warsaw,chocolate_milk,bottle,2.79,PLN
2025-05-12,Warsaw,chocolate_milk,bottle,2.77,PLN
2025-05-19,Warsaw,chocolate_milk,bottle,2.75,PLN
2025-05-26,Warsaw,chocolate_milk,bottle,2.77,PLN
2025-06-02,Warsaw,chocolate_milk,bottle,2.79,PLN
2025-06-09,Warsaw,chocolate_milk,bottle,2.8,PLN
2025-06-16,Warsaw,chocolate_milk,bottle,2.8,PLN
2025-06-23,Warsaw,chocolate_milk,bottle,2.8,PLN
2025-06-30,Warsaw,chocolate_milk,bottle,2.78,PLN
2025-07-07,Warsaw,chocolate_milk,bottle,2.81,PLN
2025-07-14,Warsaw,chocolate_milk,bottle,2.82,PLN
2025-07-21,Warsaw,chocolate_milk,bottle,2.82,PLN
2025-07-28,Warsaw,chocolate_milk,bottle,2.8,PLN
2025-08-04,Warsaw,chocolate_milk,bottle,2.79,PLN
2025-08-11,Warsaw,chocolate_milk,bottle,2.79,PLN
2025-08-18,Warsaw,chocolate_milk,bottle,2.83,PLN
2025-08-25,Warsaw,chocolate_milk,bottle,2.82,PLN
2025-09-01,Warsaw,chocolate_milk,bottle,2.8,PLN
2025-09-08,Warsaw,chocolate_milk,bottle,2.78,PLN
2025-09-15,Warsaw,chocolate_milk,bottle,2.76,PLN
2025-09-22,Warsaw,chocolate_milk,bottle,2.78,PLN
2025-09-29,Warsaw,chocolate_milk,bottle,2.77,PLN
2025-10-06,Warsaw,chocolate_milk,bottle,2.76,PLN
2025-10-13,Warsaw,chocolate_milk,bottle,2.77,PLN
2025-10-20,Warsaw,chocolate_milk,bottle,2.79,PLN
2025-10-27,Warsaw,chocolate_milk,bottle,2.77,PLN
2025-11-03,Warsaw,chocolate_milk,bottle,2.78,PLN
2025-11-10,Warsaw,chocolate_milk,bottle,2.79,PLN
2025-11-17,Warsaw,chocolate_milk,bottle,2.81,PLN
2025-11-24,Warsaw,chocolate_milk,bottle,2.8,PLN
2025-12-01,Warsaw,chocolate_milk,bottle,2.8,PLN
2025-12-08,Warsaw,chocolate_milk,bottle,2.78,PLN
2025-12-15,Warsaw,chocolate_milk,bottle,2.78,PLN
2025-12-22,Warsaw,chocolate_milk,bottle,2.8,PLN
2025-12-29,Warsaw,chocolate_milk,bottle,2.8,PLN
